time,open,high,low,close,volume
2026-07-01T20:50:00+00:00,8701.73,8701.73,8700.23,8700.23,10.640423921271763
2026-07-01T20:55:00+00:00,8700.23,8702.24,8700.23,8700.24,23
2026-07-01T23:00:00+00:00,8710.21,8712.21,8708.21,8711.21,25.566438048586125
2026-07-01T23:05:00+00:00,8711.21,8711.21,8708.21,8708.21,23.112204864491368
2026-07-01T23:10:00+00:00,8708.21,8709.21,8703.21,8704.21,43.68788821581808
2026-07-01T23:15:00+00:00,8704.21,8706.21,8703.21,8705.21,32.79706205692017
2026-07-01T23:20:00+00:00,8705.21,8706.21,8705.21,8705.21,24.88777385870783
2026-07-01T23:25:00+00:00,8705.21,8709.21,8705.21,8709.21,15.514119442833103
2026-07-01T23:30:00+00:00,8709.21,8713.21,8708.21,8709.21,64.94766284988484
2026-07-01T23:35:00+00:00,8709.21,8715.21,8709.21,8712.21,43.048757687181045
2026-07-01T23:40:00+00:00,8712.21,8713.21,8705.21,8709.21,73.12534311610753
2026-07-01T23:45:00+00:00,8709.21,8718.21,8688.21,8704.21,346.00548418320295
2026-07-01T23:50:00+00:00,8704.21,8707.89,8695.4,8707.89,70.09914320685434
2026-07-01T23:55:00+00:00,8707.89,8722.4,8706.38,8717.38,128
2026-07-02T00:00:00+00:00,8717.38,8721.289999999999,8673.789999999999,8676.8,869
2026-07-02T00:05:00+00:00,8676.8,8693.3,8671.789999999999,8689.289999999999,595
2026-07-02T00:10:00+00:00,8689.289999999999,8689.8,8674.789999999999,8676.279999999999,408
2026-07-02T00:15:00+00:00,8676.279999999999,8692.279999999999,8676.279999999999,8679.8,405
2026-07-02T00:20:00+00:00,8679.8,8702.3,8679.8,8701.779999999999,340
2026-07-02T00:25:00+00:00,8701.779999999999,8705.8,8688.779999999999,8695.789999999999,275
2026-07-02T00:30:00+00:00,8695.789999999999,8697.789999999999,8686.789999999999,8693.279999999999,273
2026-07-02T00:35:00+00:00,8693.279999999999,8698.289999999999,8688.3,8690.789999999999,226
2026-07-02T00:40:00+00:00,8690.789999999999,8693.779999999999,8686.789999999999,8686.8,163
2026-07-02T00:45:00+00:00,8686.8,8702.789999999999,8686.289999999999,8702.3,272
2026-07-02T00:50:00+00:00,8702.3,8717.779999999999,8698.8,8715.279999999999,255
2026-07-02T00:55:00+00:00,8715.279999999999,8717.8,8709.789999999999,8713.779999999999,263
2026-07-02T01:00:00+00:00,8713.779999999999,8728.8,8710.779999999999,8727.8,360
2026-07-02T01:05:00+00:00,8727.8,8737.3,8725.789999999999,8735.289999999999,208
2026-07-02T01:10:00+00:00,8735.289999999999,8741.779999999999,8732.779999999999,8737.779999999999,193
2026-07-02T01:15:00+00:00,8737.779999999999,8740.789999999999,8731.779999999999,8732.789999999999,204
2026-07-02T01:20:00+00:00,8732.789999999999,8732.8,8720.779999999999,8720.779999999999,239
2026-07-02T01:25:00+00:00,8720.779999999999,8731.8,8720.779999999999,8731.8,151
2026-07-02T01:30:00+00:00,8731.8,8738.789999999999,8721.779999999999,8722.789999999999,227
2026-07-02T01:35:00+00:00,8722.789999999999,8726.789999999999,8717.8,8724.8,189
2026-07-02T01:40:00+00:00,8724.8,8728.3,8722.789999999999,8728.3,168
2026-07-02T01:45:00+00:00,8728.3,8731.8,8722.279999999999,8728.789999999999,162
2026-07-02T01:50:00+00:00,8728.789999999999,8732.779999999999,8725.779999999999,8728.779999999999,117
2026-07-02T01:55:00+00:00,8728.779999999999,8730.8,8726.3,8726.8,117
2026-07-02T02:00:00+00:00,8726.8,8727.8,8721.779999999999,8723.279999999999,116
2026-07-02T02:05:00+00:00,8723.279999999999,8723.789999999999,8716.779999999999,8716.789999999999,112
2026-07-02T02:10:00+00:00,8716.789999999999,8723.789999999999,8715.779999999999,8721.779999999999,123
2026-07-02T02:15:00+00:00,8721.779999999999,8729.789999999999,8720.779999999999,8725.289999999999,106
2026-07-02T02:20:00+00:00,8725.289999999999,8730.789999999999,8724.779999999999,8726.279999999999,104
2026-07-02T02:25:00+00:00,8726.279999999999,8731.8,8725.789999999999,8726.3,83
2026-07-02T02:30:00+00:00,8726.3,8726.3,8721.779999999999,8724.3,73
2026-07-02T02:35:00+00:00,8724.3,8724.789999999999,8719.779999999999,8721.279999999999,70
2026-07-02T02:40:00+00:00,8721.279999999999,8722.8,8719.779999999999,8720.8,80
2026-07-02T02:45:00+00:00,8720.8,8724.789999999999,8719.789999999999,8720.3,79
2026-07-02T02:50:00+00:00,8720.3,8721.789999999999,8717.8,8720.779999999999,61
2026-07-02T02:55:00+00:00,8720.779999999999,8725.279999999999,8719.789999999999,8720.789999999999,66
2026-07-02T03:00:00+00:00,8720.789999999999,8725.3,8716.779999999999,8719.779999999999,93
2026-07-02T03:05:00+00:00,8719.779999999999,8721.8,8716.8,8717.279999999999,94
2026-07-02T03:10:00+00:00,8717.279999999999,8722.789999999999,8717.279999999999,8720.789999999999,72
2026-07-02T03:15:00+00:00,8720.789999999999,8726.789999999999,8719.279999999999,8724.779999999999,69
2026-07-02T03:20:00+00:00,8724.779999999999,8726.289999999999,8721.779999999999,8726.279999999999,72
2026-07-02T03:25:00+00:00,8726.279999999999,8728.789999999999,8725.279999999999,8726.289999999999,80
2026-07-02T03:30:00+00:00,8726.289999999999,8730.779999999999,8725.789999999999,8730.3,92
2026-07-02T03:35:00+00:00,8730.3,8731.8,8727.789999999999,8731.8,77
2026-07-02T03:40:00+00:00,8731.8,8732.8,8725.8,8732.3,87
2026-07-02T03:45:00+00:00,8732.3,8732.789999999999,8726.779999999999,8729.279999999999,84
2026-07-02T03:50:00+00:00,8729.279999999999,8730.789999999999,8725.779999999999,8728.789999999999,94
2026-07-02T03:55:00+00:00,8728.789999999999,8733.779999999999,8727.779999999999,8731.279999999999,78
2026-07-02T04:00:00+00:00,8731.279999999999,8733.8,8726.789999999999,8728.279999999999,96
2026-07-02T04:05:00+00:00,8728.279999999999,8728.8,8722.789999999999,8723.3,79
2026-07-02T04:10:00+00:00,8723.3,8724.3,8718.779999999999,8721.8,102
2026-07-02T04:15:00+00:00,8721.8,8723.8,8720.789999999999,8723.789999999999,90
2026-07-02T04:20:00+00:00,8723.789999999999,8724.8,8720.779999999999,8723.279999999999,65
2026-07-02T04:25:00+00:00,8723.279999999999,8725.8,8719.779999999999,8723.789999999999,103
2026-07-02T04:30:00+00:00,8723.789999999999,8724.8,8719.779999999999,8720.779999999999,94
2026-07-02T04:35:00+00:00,8720.779999999999,8720.789999999999,8716.3,8717.289999999999,90
2026-07-02T04:40:00+00:00,8717.289999999999,8719.3,8715.779999999999,8718.779999999999,56
2026-07-02T04:45:00+00:00,8718.779999999999,8721.8,8718.779999999999,8721.779999999999,96
2026-07-02T04:50:00+00:00,8721.779999999999,8728.289999999999,8721.779999999999,8727.789999999999,72
2026-07-02T04:55:00+00:00,8727.789999999999,8728.789999999999,8724.289999999999,8725.789999999999,121
2026-07-02T05:00:00+00:00,8725.789999999999,8729.8,8720.8,8729.289999999999,116
2026-07-02T05:05:00+00:00,8729.289999999999,8732.8,8728.789999999999,8732.779999999999,54
2026-07-02T05:10:00+00:00,8732.779999999999,8732.8,8729.789999999999,8730.789999999999,87
2026-07-02T05:15:00+00:00,8730.789999999999,8731.3,8728.279999999999,8729.8,41
2026-07-02T05:20:00+00:00,8729.8,8732.779999999999,8728.779999999999,8730.779999999999,63
2026-07-02T05:25:00+00:00,8730.779999999999,8733.789999999999,8729.779999999999,8730.8,44
2026-07-02T05:30:00+00:00,8730.8,8730.8,8725.279999999999,8725.279999999999,115
2026-07-02T05:35:00+00:00,8725.279999999999,8726.8,8723.789999999999,8724.8,69
2026-07-02T05:40:00+00:00,8724.8,8725.8,8721.8,8723.3,72
2026-07-02T05:45:00+00:00,8723.3,8724.8,8721.779999999999,8723.789999999999,47
2026-07-02T05:50:00+00:00,8723.789999999999,8725.8,8721.289999999999,8721.789999999999,105
2026-07-02T05:55:00+00:00,8721.789999999999,8725.8,8721.779999999999,8721.789999999999,101
2026-07-02T06:00:00+00:00,8721.789999999999,8729.39,8720.9,8725.4,104
2026-07-02T06:05:00+00:00,8725.4,8729.4,8723.38,8725.9,200
2026-07-02T06:10:00+00:00,8725.9,8729.9,8725.4,8729.38,88
2026-07-02T06:15:00+00:00,8729.38,8730.39,8728.38,8728.4,145
2026-07-02T06:20:00+00:00,8728.4,8731.38,8724.38,8729.89,101
2026-07-02T06:25:00+00:00,8729.89,8730.4,8727.38,8729.179999999998,183
2026-07-02T07:10:00+00:00,8725.21,8726.43,8715.41,8716.41,188
2026-07-02T07:15:00+00:00,8716.41,8724.92,8714.92,8723.41,88
2026-07-02T07:20:00+00:00,8723.41,8729.43,8723.41,8728.92,64
2026-07-02T07:25:00+00:00,8728.92,8729.93,8723.41,8725.91,65
2026-07-02T07:30:00+00:00,8725.91,8729.43,8723.42,8728.93,70
2026-07-02T07:35:00+00:00,8728.93,8733.92,8727.92,8733.43,87
2026-07-02T07:40:00+00:00,8733.43,8740.92,8732.91,8740.43,76
2026-07-02T07:45:00+00:00,8740.43,8743.42,8739.41,8742.43,82
2026-07-02T07:50:00+00:00,8742.43,8744.43,8741.41,8742.42,98
2026-07-02T07:55:00+00:00,8742.42,8746.93,8741.42,8744.91,86
2026-07-02T08:00:00+00:00,8744.91,8751.42,8742.91,8750.91,184
2026-07-02T08:05:00+00:00,8750.91,8753.91,8748.92,8753.91,152
2026-07-02T08:10:00+00:00,8753.91,8756.93,8748.93,8751.41,149
2026-07-02T08:15:00+00:00,8751.41,8752.93,8749.41,8750.43,117
2026-07-02T08:20:00+00:00,8750.43,8755.93,8750.41,8755.91,81
2026-07-02T08:25:00+00:00,8755.91,8760.43,8755.42,8758.41,78
2026-07-02T08:30:00+00:00,8758.41,8763.42,8757.42,8762.92,66
2026-07-02T08:35:00+00:00,8762.92,8765.43,8762.42,8762.42,59
2026-07-02T08:40:00+00:00,8762.42,8763.93,8761.43,8763.43,42
2026-07-02T08:45:00+00:00,8763.43,8768.43,8761.92,8767.43,55
2026-07-02T08:50:00+00:00,8767.43,8771.43,8766.42,8768.43,87
2026-07-02T08:55:00+00:00,8768.43,8769.93,8765.92,8765.92,33
2026-07-02T09:00:00+00:00,8765.92,8765.92,8762.41,8763.43,64
2026-07-02T09:05:00+00:00,8763.43,8763.93,8758.41,8760.43,48
2026-07-02T09:10:00+00:00,8760.43,8762.41,8759.41,8761.93,40
2026-07-02T09:15:00+00:00,8761.93,8764.92,8761.41,8763.42,38
2026-07-02T09:20:00+00:00,8763.42,8764.93,8762.43,8763.42,40
2026-07-02T09:25:00+00:00,8763.42,8764.43,8761.41,8763.43,23
2026-07-02T09:30:00+00:00,8763.43,8763.43,8761.41,8761.41,54
2026-07-02T09:35:00+00:00,8761.41,8764.93,8760.41,8764.43,22
2026-07-02T09:40:00+00:00,8764.43,8765.43,8762.91,8762.92,57
2026-07-02T09:45:00+00:00,8762.92,8762.93,8760.41,8761.43,35
2026-07-02T09:50:00+00:00,8761.43,8764.43,8761.43,8763.93,35
2026-07-02T09:55:00+00:00,8763.93,8763.93,8761.41,8761.41,47
2026-07-02T10:00:00+00:00,8761.41,8761.93,8756.41,8758.41,61
2026-07-02T10:05:00+00:00,8758.41,8762.43,8757.91,8761.43,34
2026-07-02T10:10:00+00:00,8761.43,8763.43,8759.43,8759.92,48
2026-07-02T10:15:00+00:00,8759.92,8761.93,8759.41,8761.92,50
2026-07-02T10:20:00+00:00,8761.92,8761.93,8759.42,8759.93,47
2026-07-02T10:25:00+00:00,8759.93,8762.42,8759.41,8760.91,38
2026-07-02T10:30:00+00:00,8760.91,8765.92,8760.91,8765.42,30
2026-07-02T10:35:00+00:00,8765.42,8766.42,8764.92,8766.42,29
2026-07-02T10:40:00+00:00,8766.42,8770.43,8766.41,8768.92,34
2026-07-02T10:45:00+00:00,8768.92,8769.42,8767.42,8768.41,23
2026-07-02T10:50:00+00:00,8768.41,8769.43,8766.41,8769.43,38
2026-07-02T10:55:00+00:00,8769.43,8770.41,8766.93,8766.93,61
2026-07-02T11:00:00+00:00,8766.93,8772.93,8766.93,8769.42,61
2026-07-02T11:05:00+00:00,8769.42,8769.42,8763.92,8766.92,42
2026-07-02T11:10:00+00:00,8766.92,8772.41,8766.41,8766.93,52
2026-07-02T11:15:00+00:00,8766.93,8767.42,8762.42,8763.42,37
2026-07-02T11:20:00+00:00,8763.42,8766.43,8760.91,8765.91,31
2026-07-02T11:25:00+00:00,8765.91,8766.43,8763.43,8763.92,16
2026-07-02T11:30:00+00:00,8763.92,8765.93,8761.91,8761.91,58
2026-07-02T11:35:00+00:00,8761.91,8763.43,8761.42,8763.42,27
2026-07-02T11:40:00+00:00,8763.42,8763.42,8759.41,8759.43,37.42046303211352
2026-07-02T11:45:00+00:00,8759.43,8764.43,8759.43,8762.92,41
2026-07-02T11:50:00+00:00,8762.92,8763.43,8759.41,8759.41,32
2026-07-02T11:55:00+00:00,8759.41,8759.43,8757.43,8757.43,13
2026-07-02T12:00:00+00:00,8757.43,8763.42,8754.42,8762.91,45
2026-07-02T12:05:00+00:00,8762.91,8763.42,8754.92,8756.92,61
2026-07-02T12:10:00+00:00,8756.92,8762.92,8756.41,8762.92,56
2026-07-02T12:15:00+00:00,8762.92,8764.91,8762.41,8762.92,36
2026-07-02T12:20:00+00:00,8762.92,8768.92,8762.41,8767.93,57
2026-07-02T12:25:00+00:00,8767.93,8768.93,8762.92,8763.71,59
2026-07-02T12:30:00+00:00,8763.71,8795.72,8763.71,8792.42,328
2026-07-02T12:35:00+00:00,8792.42,8799.43,8788.92,8794.42,252
2026-07-02T12:40:00+00:00,8794.42,8797.93,8791.92,8797.42,289
2026-07-02T12:45:00+00:00,8797.42,8798.43,8792.91,8795.43,203
2026-07-02T12:50:00+00:00,8795.43,8796.91,8787.42,8787.93,145
2026-07-02T12:55:00+00:00,8787.93,8788.43,8779.92,8783.93,164
2026-07-02T13:00:00+00:00,8783.93,8786.43,8778.42,8785.93,164
2026-07-02T13:05:00+00:00,8785.93,8786.41,8780.41,8781.93,109
2026-07-02T13:10:00+00:00,8781.93,8788.43,8781.93,8783.93,66
2026-07-02T13:15:00+00:00,8783.93,8785.43,8782.41,8783.41,119
2026-07-02T13:20:00+00:00,8783.41,8788.43,8781.42,8786.42,136
2026-07-02T13:25:00+00:00,8786.42,8791.43,8784.91,8789.92,114
2026-07-02T13:30:00+00:00,8789.92,8802.43,8788.41,8800.43,535
2026-07-02T13:35:00+00:00,8800.43,8807.43,8799.92,8806.92,341
2026-07-02T13:40:00+00:00,8806.92,8819.42,8805.42,8818.92,288
2026-07-02T13:45:00+00:00,8818.92,8823.42,8817.91,8821.43,213
2026-07-02T13:50:00+00:00,8821.43,8825.43,8817.43,8819.92,165
2026-07-02T13:55:00+00:00,8819.92,8821.41,8810.41,8817.43,161
2026-07-02T14:00:00+00:00,8817.43,8817.93,8807.41,8809.41,230
2026-07-02T14:05:00+00:00,8809.41,8812.43,8805.42,8806.42,161
2026-07-02T14:10:00+00:00,8806.42,8814.41,8801.93,8810.93,210
2026-07-02T14:15:00+00:00,8810.93,8812.93,8801.92,8805.42,226
2026-07-02T14:20:00+00:00,8805.42,8805.42,8795.43,8796.41,300
2026-07-02T14:25:00+00:00,8796.41,8797.93,8785.91,8790.43,486
2026-07-02T14:30:00+00:00,8790.43,8800.43,8788.41,8792.92,514
2026-07-02T14:35:00+00:00,8792.92,8797.92,8789.92,8794.41,396
2026-07-02T14:40:00+00:00,8794.41,8796.93,8782.41,8787.42,517
2026-07-02T14:45:00+00:00,8787.42,8794.43,8785.41,8791.42,398
2026-07-02T14:50:00+00:00,8791.42,8794.42,8784.91,8787.43,407
2026-07-02T14:55:00+00:00,8787.43,8795.43,8785.41,8795.42,358
2026-07-02T15:00:00+00:00,8795.42,8798.43,8786.42,8786.42,351
2026-07-02T15:05:00+00:00,8786.42,8786.93,8772.41,8781.91,453
2026-07-02T15:10:00+00:00,8781.91,8791.91,8779.41,8786.93,415
2026-07-02T15:15:00+00:00,8786.93,8789.43,8770.43,8770.93,458
2026-07-02T15:20:00+00:00,8770.93,8779.42,8769.41,8778.42,510
2026-07-02T15:25:00+00:00,8778.42,8783.92,8769.91,8770.92,437
2026-07-02T15:30:00+00:00,8770.92,8779.43,8769.91,8775.42,402
2026-07-02T15:35:00+00:00,8775.42,8783.43,8774.41,8781.41,340
2026-07-02T15:40:00+00:00,8781.41,8783.93,8778.41,8778.93,333
2026-07-02T15:45:00+00:00,8778.93,8781.91,8771.91,8772.43,240
2026-07-02T15:50:00+00:00,8772.43,8772.43,8765.43,8768.91,300
2026-07-02T15:55:00+00:00,8768.91,8771.93,8764.92,8768.43,232
2026-07-02T16:00:00+00:00,8768.43,8770.42,8763.41,8768.92,243
2026-07-02T16:05:00+00:00,8768.92,8770.43,8764.93,8767.41,191
2026-07-02T16:10:00+00:00,8767.41,8773.42,8766.42,8771.43,187
2026-07-02T16:15:00+00:00,8771.43,8771.93,8766.93,8769.43,127
2026-07-02T16:20:00+00:00,8769.43,8769.43,8760.41,8760.91,155
2026-07-02T16:25:00+00:00,8760.91,8766.42,8756.91,8757.43,129
2026-07-02T16:30:00+00:00,8757.43,8757.43,8753.42,8753.92,124
2026-07-02T16:35:00+00:00,8753.92,8756.43,8746.91,8753.43,214
2026-07-02T16:40:00+00:00,8753.43,8759.42,8752.91,8757.91,205
2026-07-02T16:45:00+00:00,8757.91,8758.43,8752.92,8756.43,183
2026-07-02T16:50:00+00:00,8756.43,8758.93,8752.93,8756.93,176
2026-07-02T16:55:00+00:00,8756.93,8756.93,8746.93,8752.41,155
2026-07-02T17:00:00+00:00,8752.41,8753.43,8743.41,8745.41,220
2026-07-02T17:05:00+00:00,8745.41,8752.43,8742.41,8745.41,229
2026-07-02T17:10:00+00:00,8745.41,8746.93,8742.41,8745.42,198
2026-07-02T17:15:00+00:00,8745.42,8747.42,8740.93,8743.42,213
2026-07-02T17:20:00+00:00,8743.42,8747.43,8742.41,8743.43,152
2026-07-02T17:25:00+00:00,8743.43,8744.42,8739.42,8739.42,87
2026-07-02T17:30:00+00:00,8739.42,8745.42,8738.41,8738.43,148
2026-07-02T17:35:00+00:00,8738.43,8739.43,8732.91,8734.43,135
2026-07-02T17:40:00+00:00,8734.43,8735.93,8731.91,8733.92,170
2026-07-02T17:45:00+00:00,8733.92,8734.92,8729.42,8732.43,135
2026-07-02T17:50:00+00:00,8732.43,8732.43,8725.92,8729.42,138
2026-07-02T17:55:00+00:00,8729.42,8732.43,8725.41,8727.41,110
2026-07-02T18:00:00+00:00,8727.41,8731.93,8724.43,8731.93,128
2026-07-02T18:05:00+00:00,8731.93,8742.92,8731.93,8742.92,181
2026-07-02T18:10:00+00:00,8742.92,8744.43,8739.42,8739.92,135
2026-07-02T18:15:00+00:00,8739.92,8740.93,8733.41,8736.43,181
2026-07-02T18:20:00+00:00,8736.43,8739.93,8735.91,8738.93,83
2026-07-02T18:25:00+00:00,8738.93,8741.93,8737.41,8741.93,72
2026-07-02T18:30:00+00:00,8741.93,8747.43,8741.41,8744.42,92
2026-07-02T18:35:00+00:00,8744.42,8749.42,8744.41,8749.42,105
2026-07-02T18:40:00+00:00,8749.42,8752.42,8748.91,8749.91,114
2026-07-02T18:45:00+00:00,8749.91,8753.43,8747.42,8753.43,107
2026-07-02T18:50:00+00:00,8753.43,8756.42,8752.42,8753.41,70
2026-07-02T18:55:00+00:00,8753.41,8754.93,8750.41,8754.42,97
2026-07-02T19:00:00+00:00,8754.42,8755.43,8743.41,8743.41,104
2026-07-02T19:05:00+00:00,8743.41,8745.43,8741.41,8744.42,139
2026-07-02T19:10:00+00:00,8744.42,8747.41,8742.43,8745.43,101
2026-07-02T19:15:00+00:00,8745.43,8746.92,8741.43,8743.93,144
2026-07-02T19:20:00+00:00,8743.93,8744.42,8741.41,8741.92,109
2026-07-02T19:25:00+00:00,8741.92,8748.42,8740.41,8746.43,85
2026-07-02T19:30:00+00:00,8746.43,8751.43,8745.91,8750.91,113
2026-07-02T19:35:00+00:00,8750.91,8753.42,8749.41,8752.42,91
2026-07-02T19:40:00+00:00,8752.42,8756.41,8750.91,8755.42,62
2026-07-02T19:45:00+00:00,8755.42,8756.43,8752.42,8754.91,75
2026-07-02T19:50:00+00:00,8754.91,8770.43,8754.91,8769.93,253
2026-07-02T19:55:00+00:00,8769.93,8779.43,8768.42,8776.43,246
2026-07-02T20:00:00+00:00,8776.43,8776.43,8767.91,8768.41,118
2026-07-02T20:05:00+00:00,8768.41,8770.92,8766.92,8769.93,49
2026-07-02T20:10:00+00:00,8769.93,8770.92,8768.91,8770.92,10
2026-07-02T20:15:00+00:00,8770.92,8771.43,8770.41,8771.43,13
2026-07-02T20:20:00+00:00,8771.43,8771.43,8769.91,8769.91,14
2026-07-02T20:25:00+00:00,8769.91,8770.43,8769.91,8769.92,9.903320722992854
2026-07-02T20:30:00+00:00,8769.92,8769.93,8768.91,8769.92,9.97051282051282
2026-07-02T20:35:00+00:00,8769.92,8770.43,8769.92,8769.92,10.856427160104502
2026-07-02T20:40:00+00:00,8769.92,8769.93,8768.91,8769.43,10
2026-07-02T20:45:00+00:00,8769.43,8770.43,8768.42,8770.42,18.875881523272213
2026-07-02T20:50:00+00:00,8770.42,8771.43,8770.41,8770.41,11.884353741496598
2026-07-02T20:55:00+00:00,8770.41,8775.93,8769.21,8769.21,27
2026-07-02T23:00:00+00:00,8775.71,8777.71,8774.71,8774.71,43.92467238542808
2026-07-02T23:05:00+00:00,8774.71,8780.71,8774.71,8778.71,55.43055577662989
2026-07-02T23:10:00+00:00,8778.71,8778.71,8770.71,8770.71,70.15835762395321
2026-07-02T23:15:00+00:00,8770.71,8775.71,8770.71,8775.71,73.1407926547587
2026-07-02T23:20:00+00:00,8775.71,8790.71,8774.71,8790.71,110.69387396552823
2026-07-02T23:25:00+00:00,8790.71,8796.52,8787.21,8788.21,131.35218041797248
2026-07-02T23:30:00+00:00,8788.21,8795.21,8779.21,8785.21,175.52341435330015
2026-07-02T23:35:00+00:00,8785.21,8787.21,8776.21,8778.21,108.42996283649072
2026-07-02T23:40:00+00:00,8778.21,8782.21,8775.21,8776.84,165.21688185609742
2026-07-02T23:45:00+00:00,8776.84,8794.84,8772.84,8787.84,675.4480297337873
2026-07-02T23:50:00+00:00,8787.84,8795.990000000002,8782.980000000001,8783.480000000001,60.80892641737033
2026-07-02T23:55:00+00:00,8783.480000000001,8789.990000000002,8780.470000000001,8787.990000000002,116
2026-07-03T00:00:00+00:00,8787.990000000002,8799.37,8779.890000000001,8783.890000000001,709
2026-07-03T00:05:00+00:00,8783.890000000001,8788.390000000001,8776.380000000001,8778.890000000001,408
2026-07-03T00:10:00+00:00,8778.890000000001,8795.890000000001,8775.37,8795.890000000001,308
2026-07-03T00:15:00+00:00,8795.890000000001,8796.390000000001,8788.380000000001,8795.37,417
2026-07-03T00:20:00+00:00,8795.37,8799.37,8791.87,8792.390000000001,253
2026-07-03T00:25:00+00:00,8792.390000000001,8795.390000000001,8787.37,8792.880000000001,264
2026-07-03T00:30:00+00:00,8792.880000000001,8796.390000000001,8788.380000000001,8788.380000000001,243
2026-07-03T00:35:00+00:00,8788.380000000001,8806.37,8788.380000000001,8805.880000000001,203
2026-07-03T00:40:00+00:00,8805.880000000001,8809.880000000001,8799.87,8803.890000000001,144
2026-07-03T00:45:00+00:00,8803.890000000001,8807.890000000001,8800.890000000001,8803.380000000001,161
2026-07-03T00:50:00+00:00,8803.380000000001,8812.880000000001,8803.380000000001,8810.380000000001,158
2026-07-03T00:55:00+00:00,8810.380000000001,8810.390000000001,8804.880000000001,8810.390000000001,147
2026-07-03T01:00:00+00:00,8810.390000000001,8828.890000000001,8809.37,8828.37,218
2026-07-03T01:05:00+00:00,8828.37,8833.390000000001,8825.390000000001,8829.87,300
2026-07-03T01:10:00+00:00,8829.87,8839.37,8828.87,8834.390000000001,202
2026-07-03T01:15:00+00:00,8834.390000000001,8846.390000000001,8833.37,8845.380000000001,188
2026-07-03T01:20:00+00:00,8845.380000000001,8861.390000000001,8844.37,8860.390000000001,194
2026-07-03T01:25:00+00:00,8860.390000000001,8862.37,8856.37,8857.880000000001,148
2026-07-03T01:30:00+00:00,8857.880000000001,8861.390000000001,8855.37,8860.390000000001,177
2026-07-03T01:35:00+00:00,8860.390000000001,8860.390000000001,8844.380000000001,8844.380000000001,150
2026-07-03T01:40:00+00:00,8844.380000000001,8849.37,8839.87,8839.890000000001,103
2026-07-03T01:45:00+00:00,8839.890000000001,8843.390000000001,8837.380000000001,8838.87,150
2026-07-03T01:50:00+00:00,8838.87,8841.890000000001,8835.37,8839.890000000001,150
2026-07-03T01:55:00+00:00,8839.890000000001,8841.890000000001,8831.380000000001,8831.880000000001,94
2026-07-03T02:00:00+00:00,8831.880000000001,8845.390000000001,8831.880000000001,8844.87,134
2026-07-03T02:05:00+00:00,8844.87,8846.880000000001,8842.390000000001,8846.380000000001,103
2026-07-03T02:10:00+00:00,8846.380000000001,8853.390000000001,8845.380000000001,8850.380000000001,140
2026-07-03T02:15:00+00:00,8850.380000000001,8854.380000000001,8846.87,8851.37,100
2026-07-03T02:20:00+00:00,8851.37,8853.890000000001,8850.37,8852.890000000001,82
2026-07-03T02:25:00+00:00,8852.890000000001,8853.890000000001,8849.37,8852.380000000001,57
2026-07-03T02:30:00+00:00,8852.380000000001,8855.37,8851.37,8852.87,83
2026-07-03T02:35:00+00:00,8852.87,8855.390000000001,8851.380000000001,8851.87,62
2026-07-03T02:40:00+00:00,8851.87,8856.380000000001,8851.87,8853.390000000001,46
2026-07-03T02:45:00+00:00,8853.390000000001,8857.890000000001,8853.390000000001,8857.890000000001,45
2026-07-03T02:50:00+00:00,8857.890000000001,8863.890000000001,8857.890000000001,8863.380000000001,49
2026-07-03T02:55:00+00:00,8863.380000000001,8865.380000000001,8862.37,8864.390000000001,37
2026-07-03T03:00:00+00:00,8864.390000000001,8867.390000000001,8860.87,8866.880000000001,104
2026-07-03T03:05:00+00:00,8866.880000000001,8868.390000000001,8862.390000000001,8865.87,90
2026-07-03T03:10:00+00:00,8865.87,8868.380000000001,8863.880000000001,8863.880000000001,46
2026-07-03T03:15:00+00:00,8863.880000000001,8863.890000000001,8858.87,8858.890000000001,43
2026-07-03T03:20:00+00:00,8858.890000000001,8859.380000000001,8855.87,8855.87,20
2026-07-03T03:25:00+00:00,8855.87,8859.890000000001,8855.380000000001,8859.390000000001,50
2026-07-03T03:30:00+00:00,8859.390000000001,8864.390000000001,8858.890000000001,8863.37,113
2026-07-03T03:35:00+00:00,8863.37,8865.390000000001,8861.390000000001,8864.380000000001,61
2026-07-03T03:40:00+00:00,8864.380000000001,8864.390000000001,8860.380000000001,8861.390000000001,56
2026-07-03T03:45:00+00:00,8861.390000000001,8861.390000000001,8856.37,8860.87,86
2026-07-03T03:50:00+00:00,8860.87,8865.380000000001,8859.880000000001,8864.880000000001,58
2026-07-03T03:55:00+00:00,8864.880000000001,8868.390000000001,8864.880000000001,8866.380000000001,37
2026-07-03T04:00:00+00:00,8866.380000000001,8870.380000000001,8866.380000000001,8869.380000000001,64
2026-07-03T04:05:00+00:00,8869.380000000001,8870.890000000001,8867.37,8868.37,50
2026-07-03T04:10:00+00:00,8868.37,8868.390000000001,8865.37,8865.880000000001,46
2026-07-03T04:15:00+00:00,8865.880000000001,8869.390000000001,8865.37,8867.87,52
2026-07-03T04:20:00+00:00,8867.87,8872.390000000001,8867.380000000001,8869.37,38
2026-07-03T04:25:00+00:00,8869.37,8870.380000000001,8868.87,8869.390000000001,21
2026-07-03T04:30:00+00:00,8869.390000000001,8869.390000000001,8866.37,8866.880000000001,28
2026-07-03T04:35:00+00:00,8866.880000000001,8870.890000000001,8866.880000000001,8870.890000000001,27
2026-07-03T04:40:00+00:00,8870.890000000001,8873.390000000001,8869.390000000001,8871.87,61
2026-07-03T04:45:00+00:00,8871.87,8874.380000000001,8870.37,8870.380000000001,39
2026-07-03T04:50:00+00:00,8870.380000000001,8875.380000000001,8869.37,8873.380000000001,58
2026-07-03T04:55:00+00:00,8873.380000000001,8873.880000000001,8871.380000000001,8872.880000000001,39
2026-07-03T05:00:00+00:00,8872.880000000001,8875.890000000001,8870.37,8875.880000000001,75
2026-07-03T05:05:00+00:00,8875.880000000001,8878.390000000001,8873.37,8873.380000000001,70
2026-07-03T05:10:00+00:00,8873.380000000001,8874.880000000001,8869.390000000001,8870.890000000001,54
2026-07-03T05:15:00+00:00,8870.890000000001,8872.890000000001,8870.37,8870.390000000001,31
2026-07-03T05:20:00+00:00,8870.390000000001,8870.390000000001,8863.87,8864.380000000001,41
2026-07-03T05:25:00+00:00,8864.380000000001,8870.380000000001,8864.380000000001,8868.380000000001,49
2026-07-03T05:30:00+00:00,8868.380000000001,8870.390000000001,8867.380000000001,8869.890000000001,59
2026-07-03T05:35:00+00:00,8869.890000000001,8869.890000000001,8867.87,8868.890000000001,47
2026-07-03T05:40:00+00:00,8868.890000000001,8870.37,8866.37,8867.390000000001,44
2026-07-03T05:45:00+00:00,8867.390000000001,8868.390000000001,8864.390000000001,8866.380000000001,41
2026-07-03T05:50:00+00:00,8866.380000000001,8867.380000000001,8864.380000000001,8864.380000000001,25
2026-07-03T05:55:00+00:00,8864.380000000001,8865.380000000001,8861.890000000001,8863.37,48
2026-07-03T06:00:00+00:00,8863.37,8869.480000000001,8859.970000000001,8869.470000000001,147
2026-07-03T06:05:00+00:00,8869.470000000001,8874.490000000002,8861.970000000001,8863.970000000001,214
2026-07-03T06:10:00+00:00,8863.970000000001,8867.980000000001,8862.970000000001,8865.990000000002,104
2026-07-03T06:15:00+00:00,8865.990000000002,8866.990000000002,8863.970000000001,8864.970000000001,71
2026-07-03T06:20:00+00:00,8864.970000000001,8865.990000000002,8862.470000000001,8862.480000000001,50
2026-07-03T06:25:00+00:00,8862.480000000001,8864.990000000002,8860.970000000001,8864.28,96
2026-07-03T07:10:00+00:00,8845.65,8846.84,8840.84,8844.34,61
2026-07-03T07:15:00+00:00,8844.34,8844.86,8840.36,8841.34,84
2026-07-03T07:20:00+00:00,8841.34,8845.86,8841.34,8844.85,67
2026-07-03T07:25:00+00:00,8844.85,8848.86,8844.36,8845.34,81
2026-07-03T07:30:00+00:00,8845.34,8846.36,8840.84,8841.36,56
2026-07-03T07:35:00+00:00,8841.36,8842.36,8837.36,8837.36,48
2026-07-03T07:40:00+00:00,8837.36,8837.86,8833.86,8834.36,124
2026-07-03T07:45:00+00:00,8834.36,8834.36,8832.36,8833.86,44
2026-07-03T07:50:00+00:00,8833.86,8835.35,8832.34,8835.34,44
2026-07-03T07:55:00+00:00,8835.34,8835.36,8830.34,8830.35,45
2026-07-03T08:00:00+00:00,8830.35,8830.86,8825.84,8826.34,100
2026-07-03T08:05:00+00:00,8826.34,8828.85,8825.34,8827.35,37
2026-07-03T08:10:00+00:00,8827.35,8829.36,8825.85,8826.85,52
2026-07-03T08:15:00+00:00,8826.85,8827.36,8825.34,8825.34,27
2026-07-03T08:20:00+00:00,8825.34,8825.36,8821.35,8823.86,25
2026-07-03T08:25:00+00:00,8823.86,8824.36,8821.34,8821.34,80
2026-07-03T08:30:00+00:00,8821.34,8822.36,8816.34,8817.36,90
2026-07-03T08:35:00+00:00,8817.36,8819.85,8815.84,8815.84,54
2026-07-03T08:40:00+00:00,8815.84,8816.36,8812.34,8813.36,45
2026-07-03T08:45:00+00:00,8813.36,8813.36,8802.84,8802.85,65
2026-07-03T08:50:00+00:00,8802.85,8804.34,8800.35,8800.35,68
2026-07-03T08:55:00+00:00,8800.35,8804.86,8800.34,8802.34,54
2026-07-03T09:00:00+00:00,8802.34,8803.86,8800.34,8800.34,82
2026-07-03T09:05:00+00:00,8800.34,8801.36,8798.36,8799.34,48
2026-07-03T09:10:00+00:00,8799.34,8803.86,8798.34,8803.84,73
2026-07-03T09:15:00+00:00,8803.84,8805.35,8801.35,8802.85,80
2026-07-03T09:20:00+00:00,8802.85,8805.34,8798.86,8799.85,42
2026-07-03T09:25:00+00:00,8799.85,8800.36,8796.35,8796.35,36
2026-07-03T09:30:00+00:00,8796.35,8798.36,8794.85,8795.36,48
2026-07-03T09:35:00+00:00,8795.36,8796.36,8794.34,8795.36,30
2026-07-03T09:40:00+00:00,8795.36,8800.34,8795.36,8800.34,40
2026-07-03T09:45:00+00:00,8800.34,8801.86,8799.84,8800.35,34
2026-07-03T09:50:00+00:00,8800.35,8800.86,8797.34,8799.86,127
2026-07-03T09:55:00+00:00,8799.86,8801.36,8797.35,8797.86,77
2026-07-03T10:00:00+00:00,8797.86,8800.85,8796.36,8800.85,32
2026-07-03T10:05:00+00:00,8800.85,8801.36,8798.84,8800.36,29
2026-07-03T10:10:00+00:00,8800.36,8804.86,8799.86,8804.36,24
2026-07-03T10:15:00+00:00,8804.36,8804.36,8800.84,8801.85,17
2026-07-03T10:20:00+00:00,8801.85,8801.86,8800.36,8801.34,29
2026-07-03T10:25:00+00:00,8801.34,8802.84,8800.35,8802.36,22
2026-07-03T10:30:00+00:00,8802.36,8804.86,8801.35,8801.84,34
2026-07-03T10:35:00+00:00,8801.84,8802.84,8801.34,8802.34,28.5258064516129
2026-07-03T10:40:00+00:00,8802.34,8802.36,8800.84,8801.86,27
2026-07-03T10:45:00+00:00,8801.86,8803.36,8801.84,8802.34,18.496666666666666
2026-07-03T10:50:00+00:00,8802.34,8802.86,8801.34,8802.36,25.530927835051546
2026-07-03T10:55:00+00:00,8802.36,8805.86,8801.34,8805.86,25
2026-07-03T11:00:00+00:00,8805.86,8806.86,8800.36,8802.85,63
2026-07-03T11:05:00+00:00,8802.85,8803.35,8800.34,8801.36,31
2026-07-03T11:10:00+00:00,8801.36,8805.36,8801.34,8802.34,34
2026-07-03T11:15:00+00:00,8802.34,8804.36,8802.34,8803.35,36.751937984496124
2026-07-03T11:20:00+00:00,8803.35,8804.36,8801.34,8801.34,40
2026-07-03T11:25:00+00:00,8801.34,8802.35,8799.35,8801.34,68
2026-07-03T11:30:00+00:00,8801.34,8803.36,8799.84,8802.35,56
2026-07-03T11:35:00+00:00,8802.35,8803.36,8801.34,8802.34,25
2026-07-03T11:40:00+00:00,8802.34,8805.85,8802.34,8804.86,37
2026-07-03T11:45:00+00:00,8804.86,8806.36,8804.86,8805.85,30
2026-07-03T11:50:00+00:00,8805.85,8807.36,8805.84,8806.35,21
2026-07-03T11:55:00+00:00,8806.35,8809.36,8805.84,8809.36,44
2026-07-03T12:00:00+00:00,8809.36,8813.86,8808.86,8812.34,51
2026-07-03T12:05:00+00:00,8812.34,8814.36,8811.85,8812.84,22
2026-07-03T12:10:00+00:00,8812.84,8814.86,8811.85,8814.36,16.10445049954587
2026-07-03T12:15:00+00:00,8814.36,8815.86,8813.34,8815.35,35
2026-07-03T12:20:00+00:00,8815.35,8817.36,8813.35,8816.34,39
2026-07-03T12:25:00+00:00,8816.34,8817.34,8814.34,8815.34,32
2026-07-03T12:30:00+00:00,8815.34,8817.84,8815.34,8816.36,32.65161923454367
2026-07-03T12:35:00+00:00,8816.36,8816.36,8813.35,8815.34,34
2026-07-03T12:40:00+00:00,8815.34,8817.35,8813.35,8813.85,28
2026-07-03T12:45:00+00:00,8813.85,8817.35,8813.85,8817.35,23
2026-07-03T12:50:00+00:00,8817.35,8818.86,8816.34,8818.86,27
2026-07-03T12:55:00+00:00,8818.86,8819.86,8818.84,8819.84,22.09269662921348
2026-07-03T13:00:00+00:00,8819.84,8820.86,8819.84,8820.36,35
2026-07-03T13:05:00+00:00,8820.36,8820.36,8817.36,8817.36,14
2026-07-03T13:10:00+00:00,8817.36,8817.36,8813.34,8815.35,32
2026-07-03T13:15:00+00:00,8815.35,8816.86,8815.34,8816.84,20
2026-07-03T13:20:00+00:00,8816.84,8817.86,8816.84,8817.86,27
2026-07-03T13:25:00+00:00,8817.86,8817.86,8815.84,8817.36,23
2026-07-03T13:30:00+00:00,8817.36,8822.36,8816.85,8822.36,51
2026-07-03T13:35:00+00:00,8822.36,8823.86,8821.34,8822.86,46
2026-07-03T13:40:00+00:00,8822.86,8828.84,8821.34,8827.84,30
2026-07-03T13:45:00+00:00,8827.84,8831.86,8825.84,8826.34,32
2026-07-03T13:50:00+00:00,8826.34,8827.34,8823.84,8826.85,31
2026-07-03T13:55:00+00:00,8826.85,8828.86,8826.85,8827.34,35
2026-07-03T14:00:00+00:00,8827.34,8829.36,8826.35,8826.35,28
2026-07-03T14:05:00+00:00,8826.35,8827.85,8824.84,8825.84,27
2026-07-03T14:10:00+00:00,8825.84,8826.86,8825.34,8826.36,21
2026-07-03T14:15:00+00:00,8826.36,8832.85,8826.35,8828.84,39
2026-07-03T14:20:00+00:00,8828.84,8829.36,8827.34,8827.85,26
2026-07-03T14:25:00+00:00,8827.85,8828.86,8826.86,8828.36,25
2026-07-03T14:30:00+00:00,8828.36,8829.36,8826.84,8827.85,50.4235807860262
2026-07-03T14:35:00+00:00,8827.85,8830.36,8827.34,8827.34,58
2026-07-03T14:40:00+00:00,8827.34,8831.35,8827.34,8828.84,49.04305705059204
2026-07-03T14:45:00+00:00,8828.84,8830.86,8827.85,8830.36,46
2026-07-03T14:50:00+00:00,8830.36,8833.86,8830.36,8833.84,59
2026-07-03T14:55:00+00:00,8833.84,8835.85,8833.34,8833.84,42
2026-07-03T15:00:00+00:00,8833.84,8833.84,8828.84,8828.84,52
2026-07-03T15:05:00+00:00,8828.84,8831.85,8828.35,8830.85,32
2026-07-03T15:10:00+00:00,8830.85,8834.85,8830.85,8832.85,34
2026-07-03T15:15:00+00:00,8832.85,8833.86,8832.35,8833.85,40.81927710843373
2026-07-03T15:20:00+00:00,8833.85,8835.35,8830.36,8831.35,20
2026-07-03T15:25:00+00:00,8831.35,8831.85,8828.84,8828.84,43.61639344262295
2026-07-03T15:30:00+00:00,8828.84,8829.85,8824.84,8826.86,74
2026-07-03T15:35:00+00:00,8826.86,8829.36,8826.84,8828.86,42
2026-07-03T15:40:00+00:00,8828.86,8828.86,8825.85,8825.85,12
2026-07-03T15:45:00+00:00,8825.85,8825.86,8824.35,8825.35,12
2026-07-03T15:50:00+00:00,8825.35,8825.84,8823.85,8825.84,15.891304347826088
2026-07-03T15:55:00+00:00,8825.84,8828.86,8825.84,8827.34,24
2026-07-03T16:00:00+00:00,8827.34,8827.85,8826.34,8827.35,15
2026-07-03T16:05:00+00:00,8827.35,8828.34,8826.85,8828.34,10.817486338797814
2026-07-03T16:10:00+00:00,8828.34,8828.85,8825.84,8825.86,29
2026-07-03T16:15:00+00:00,8825.86,8825.86,8825.34,8825.35,7.420529801324503
2026-07-03T16:20:00+00:00,8825.35,8825.36,8823.84,8823.84,16
2026-07-03T16:25:00+00:00,8823.84,8823.86,8822.85,8823.85,10.198668146503884
2026-07-03T16:30:00+00:00,8823.85,8824.85,8823.84,8824.85,10
2026-07-03T16:35:00+00:00,8824.85,8824.86,8822.34,8822.86,14
2026-07-03T16:40:00+00:00,8822.86,8822.86,8820.84,8822.35,15.505579716345302
2026-07-03T16:45:00+00:00,8822.35,8823.84,8822.35,8823.84,11
2026-07-03T16:50:00+00:00,8823.84,8823.85,8822.34,8822.84,15.095661846496107
2026-07-03T16:55:00+00:00,8822.84,8823.86,8822.35,8823.36,10
2026-07-03T17:00:00+00:00,8823.36,8823.85,8823.35,8823.85,12.990895593338394
2026-07-03T17:05:00+00:00,8823.85,8823.85,8823.36,8823.36,7.982893944877575
2026-07-03T17:10:00+00:00,8823.36,8823.36,8821.84,8821.84,8.391727493917275
2026-07-03T17:15:00+00:00,8821.84,8821.84,8821.34,8821.34,6.223972508264072
2026-07-03T17:20:00+00:00,8821.34,8821.35,8821.34,8821.35,8.11875747477874
2026-07-03T17:25:00+00:00,8821.35,8821.35,8821.35,8821.35,11.63824511164424
2026-07-03T17:30:00+00:00,8821.35,8821.36,8821.34,8821.34,7.909832005518414
2026-07-03T17:35:00+00:00,8821.34,8821.36,8821.34,8821.36,12.826759714393834
2026-07-03T17:40:00+00:00,8821.36,8821.36,8821.36,8821.36,9.130517750028105
2026-07-03T17:45:00+00:00,8821.36,8821.36,8821.35,8821.36,9.716330713273253
2026-07-03T17:50:00+00:00,8821.36,8821.36,8821.36,8821.36,12.569073970544341
2026-07-03T17:55:00+00:00,8821.36,8821.36,8821.36,8821.36,9.7912429286526
2026-07-03T18:00:00+00:00,8821.36,8821.36,8821.36,8821.36,13.922626294860759
2026-07-03T18:05:00+00:00,8821.36,8821.36,8821.36,8821.36,9.080257939322287
2026-07-03T18:10:00+00:00,8821.36,8821.36,8821.36,8821.36,13.223922899212752
2026-07-03T18:15:00+00:00,8821.36,8821.86,8821.36,8821.86,9.650171687776542
2026-07-03T18:20:00+00:00,8821.86,8821.86,8821.86,8821.86,9.751977599653541
2026-07-03T18:25:00+00:00,8821.86,8821.86,8821.86,8821.86,12.132117057175094
2026-07-03T18:30:00+00:00,8821.86,8821.86,8821.86,8821.86,10.353783188921303
2026-07-03T18:35:00+00:00,8821.86,8821.86,8821.86,8821.86,17.101434499795
2026-07-03T18:40:00+00:00,8821.86,8821.86,8821.86,8821.86,15.651731914125925
2026-07-03T18:45:00+00:00,8821.86,8821.86,8819.35,8819.84,28.389749185212537
2026-07-03T18:50:00+00:00,8819.84,8819.86,8819.84,8819.86,15.466326342899189
2026-07-03T18:55:00+00:00,8819.86,8819.86,8819.86,8819.86,15.1019719263688
2026-07-03T19:00:00+00:00,8819.86,8819.86,8819.86,8819.86,17.948522385893423
2026-07-03T19:05:00+00:00,8819.86,8819.86,8819.86,8819.86,18.43353758381443
2026-07-03T19:10:00+00:00,8819.86,8820.86,8818.85,8818.85,14.570910006633419
2026-07-03T19:15:00+00:00,8818.85,8819.35,8818.84,8819.35,15.52827302205268
2026-07-03T19:20:00+00:00,8819.35,8819.86,8817.34,8817.35,16.209713203463203
2026-07-03T19:25:00+00:00,8817.35,8817.35,8817.34,8817.34,17.483808324615058
2026-07-03T19:30:00+00:00,8817.34,8819.84,8817.34,8819.35,17.10151206434316
2026-07-03T19:35:00+00:00,8819.35,8819.85,8819.35,8819.85,15.793082628946006
2026-07-03T19:40:00+00:00,8819.85,8819.85,8818.34,8818.86,20.308356676003733
2026-07-03T19:45:00+00:00,8818.86,8818.86,8818.35,8818.35,11.628169014084508
2026-07-03T19:50:00+00:00,8818.35,8818.35,8816.84,8817.36,12
2026-07-03T19:55:00+00:00,8817.36,8817.86,8814.34,8814.34,18.637931034482758
2026-07-03T20:00:00+00:00,8814.34,8814.36,8811.85,8811.85,16.141294726941204
2026-07-03T20:05:00+00:00,8811.85,8811.85,8811.33,8811.33,23.576442511264936
2026-07-03T20:10:00+00:00,8811.33,8811.33,8811.33,8811.33,17.176458331562735
2026-07-03T20:15:00+00:00,8811.33,8811.35,8807.84,8808.35,18.645454545454545
2026-07-03T20:20:00+00:00,8808.35,8810.35,8808.34,8810.35,16.723465480633962
2026-07-03T20:25:00+00:00,8810.35,8810.35,8810.35,8810.35,26.357424788428425
2026-07-03T20:30:00+00:00,8810.35,8810.35,8810.35,8810.35,14.60692791005291
2026-07-03T20:35:00+00:00,8810.35,8811.36,8810.35,8811.36,13.731921728971962
2026-07-03T20:40:00+00:00,8811.36,8812.85,8811.34,8811.35,9.9375
2026-07-05T23:50:00+00:00,8807.85,8826.87,8807.85,8824.38,98
2026-07-05T23:55:00+00:00,8824.38,8830.38,8821.87,8827.36,110
2026-07-06T00:00:00+00:00,8827.36,8844.28,8827.36,8834.78,275
2026-07-06T00:05:00+00:00,8834.78,8841.78,8823.76,8837.77,271
2026-07-06T00:10:00+00:00,8837.77,8837.77,8821.76,8822.76,207
2026-07-06T00:15:00+00:00,8822.76,8840.28,8822.76,8838.76,184
2026-07-06T00:20:00+00:00,8838.76,8841.76,8834.78,8841.28,128
2026-07-06T00:25:00+00:00,8841.28,8842.27,8837.27,8841.76,166
2026-07-06T00:30:00+00:00,8841.76,8858.78,8840.26,8856.77,223
2026-07-06T00:35:00+00:00,8856.77,8860.27,8846.76,8857.77,121
2026-07-06T00:40:00+00:00,8857.77,8861.27,8853.27,8859.77,93
2026-07-06T00:45:00+00:00,8859.77,8861.78,8855.26,8859.77,132
2026-07-06T00:50:00+00:00,8859.77,8862.78,8854.76,8859.77,128
2026-07-06T00:55:00+00:00,8859.77,8861.76,8855.76,8855.76,102
2026-07-06T01:00:00+00:00,8855.76,8863.78,8854.76,8858.27,139
2026-07-06T01:05:00+00:00,8858.27,8860.77,8852.76,8858.76,174
2026-07-06T01:10:00+00:00,8858.76,8859.78,8855.76,8856.77,121
2026-07-06T01:15:00+00:00,8856.77,8861.78,8852.77,8854.27,141
2026-07-06T01:20:00+00:00,8854.27,8855.27,8847.27,8848.27,86
2026-07-06T01:25:00+00:00,8848.27,8854.77,8848.27,8852.27,116
2026-07-06T01:30:00+00:00,8852.27,8854.77,8846.76,8849.26,125
2026-07-06T01:35:00+00:00,8849.26,8860.78,8849.26,8860.78,64
2026-07-06T01:40:00+00:00,8860.78,8863.77,8859.26,8862.27,74
2026-07-06T01:45:00+00:00,8862.27,8862.27,8852.77,8853.27,100
2026-07-06T01:50:00+00:00,8853.27,8856.28,8849.76,8850.28,121
2026-07-06T01:55:00+00:00,8850.28,8855.78,8848.78,8853.77,79
2026-07-06T02:00:00+00:00,8853.77,8859.27,8852.76,8859.26,107
2026-07-06T02:05:00+00:00,8859.26,8859.26,8846.77,8847.78,105
2026-07-06T02:10:00+00:00,8847.78,8851.27,8845.78,8847.26,86
2026-07-06T02:15:00+00:00,8847.26,8850.77,8846.28,8850.76,100
2026-07-06T02:20:00+00:00,8850.76,8854.78,8847.78,8847.78,81
2026-07-06T02:25:00+00:00,8847.78,8852.78,8847.78,8849.76,64
2026-07-06T02:30:00+00:00,8849.76,8849.78,8841.76,8844.78,125
2026-07-06T02:35:00+00:00,8844.78,8845.78,8838.26,8838.26,84
2026-07-06T02:40:00+00:00,8838.26,8838.26,8833.27,8835.78,89
2026-07-06T02:45:00+00:00,8835.78,8843.78,8835.78,8840.28,82
2026-07-06T02:50:00+00:00,8840.28,8841.26,8837.77,8838.78,70
2026-07-06T02:55:00+00:00,8838.78,8839.28,8834.76,8834.76,78
2026-07-06T03:00:00+00:00,8834.76,8836.78,8832.26,8836.76,81
2026-07-06T03:05:00+00:00,8836.76,8837.78,8830.76,8835.76,76
2026-07-06T03:10:00+00:00,8835.76,8835.78,8828.78,8829.76,59
2026-07-06T03:15:00+00:00,8829.76,8832.78,8828.76,8829.78,67
2026-07-06T03:20:00+00:00,8829.78,8831.28,8828.76,8829.26,36
2026-07-06T03:25:00+00:00,8829.26,8834.78,8828.77,8830.28,61
2026-07-06T03:30:00+00:00,8830.28,8834.78,8828.76,8833.78,71
2026-07-06T03:35:00+00:00,8833.78,8836.78,8832.77,8832.77,46
2026-07-06T03:40:00+00:00,8832.77,8833.78,8828.77,8829.78,99
2026-07-06T03:45:00+00:00,8829.78,8831.77,8824.26,8824.76,89
2026-07-06T03:50:00+00:00,8824.76,8827.77,8824.27,8824.76,42
2026-07-06T03:55:00+00:00,8824.76,8829.76,8824.76,8828.26,29
2026-07-06T04:00:00+00:00,8828.26,8832.78,8825.76,8832.78,60
2026-07-06T04:05:00+00:00,8832.78,8832.78,8829.77,8829.77,28
2026-07-06T04:10:00+00:00,8829.77,8837.76,8829.77,8834.76,74
2026-07-06T04:15:00+00:00,8834.76,8835.27,8832.77,8834.76,18
2026-07-06T04:20:00+00:00,8834.76,8836.78,8833.76,8834.77,38
2026-07-06T04:25:00+00:00,8834.77,8834.78,8832.76,8834.77,36
2026-07-06T04:30:00+00:00,8834.77,8835.78,8832.77,8834.77,31
2026-07-06T04:35:00+00:00,8834.77,8835.77,8832.77,8833.77,25
2026-07-06T04:40:00+00:00,8833.77,8836.78,8832.28,8836.77,29
2026-07-06T04:45:00+00:00,8836.77,8838.78,8836.26,8838.26,40
2026-07-06T04:50:00+00:00,8838.26,8840.78,8837.77,8838.77,57
2026-07-06T04:55:00+00:00,8838.77,8839.77,8836.76,8839.27,52
2026-07-06T05:00:00+00:00,8839.27,8840.27,8836.76,8836.76,53
2026-07-06T05:05:00+00:00,8836.76,8837.78,8833.76,8833.77,54
2026-07-06T05:10:00+00:00,8833.77,8834.78,8829.76,8831.76,45
2026-07-06T05:15:00+00:00,8831.76,8834.28,8829.76,8834.26,47
2026-07-06T05:20:00+00:00,8834.26,8835.77,8832.76,8835.26,61
2026-07-06T05:25:00+00:00,8835.26,8835.78,8832.27,8832.78,61
2026-07-06T05:30:00+00:00,8832.78,8832.78,8829.76,8830.28,73
2026-07-06T05:35:00+00:00,8830.28,8831.78,8828.76,8829.27,79
2026-07-06T05:40:00+00:00,8829.27,8832.78,8828.76,8831.28,51
2026-07-06T05:45:00+00:00,8831.28,8831.28,8828.27,8829.77,48
2026-07-06T05:50:00+00:00,8829.77,8832.76,8826.78,8831.77,33
2026-07-06T05:55:00+00:00,8831.77,8831.77,8825.76,8827.27,51
2026-07-06T06:00:00+00:00,8827.27,8828.38,8824.36,8828.36,96
2026-07-06T06:05:00+00:00,8828.36,8828.37,8819.37,8825.86,174
2026-07-06T06:10:00+00:00,8825.86,8827.38,8822.36,8824.37,173
2026-07-06T06:15:00+00:00,8824.37,8826.38,8824.36,8825.38,33
2026-07-06T06:20:00+00:00,8825.38,8828.88,8824.37,8828.37,44
2026-07-06T06:25:00+00:00,8828.37,8834.38,8827.86,8829.17,132
2026-07-06T07:10:00+00:00,8829.17,8852.37,8829.17,8851.38,92
2026-07-06T07:15:00+00:00,8851.38,8852.38,8847.38,8852.37,54
2026-07-06T07:20:00+00:00,8852.37,8853.88,8850.36,8850.36,29
2026-07-06T07:25:00+00:00,8850.36,8851.36,8845.36,8846.87,40
2026-07-06T07:30:00+00:00,8846.87,8847.38,8845.36,8847.38,45
2026-07-06T07:35:00+00:00,8847.38,8851.38,8847.36,8848.38,63
2026-07-06T07:40:00+00:00,8848.38,8855.37,8848.38,8855.36,57
2026-07-06T07:45:00+00:00,8855.36,8859.87,8854.86,8859.86,52
2026-07-06T07:50:00+00:00,8859.86,8861.37,8859.86,8859.86,27
2026-07-06T07:55:00+00:00,8859.86,8864.37,8859.86,8863.37,42
2026-07-06T08:00:00+00:00,8863.37,8866.88,8862.86,8862.86,109
2026-07-06T08:05:00+00:00,8862.86,8865.38,8861.37,8862.38,51
2026-07-06T08:10:00+00:00,8862.38,8863.38,8859.36,8860.36,76
2026-07-06T08:15:00+00:00,8860.36,8860.88,8855.86,8858.36,76
2026-07-06T08:20:00+00:00,8858.36,8858.88,8856.37,8858.38,45
2026-07-06T08:25:00+00:00,8858.38,8859.88,8858.37,8859.38,27.630402384500744
2026-07-06T08:30:00+00:00,8859.38,8860.88,8857.37,8857.37,47
2026-07-06T08:35:00+00:00,8857.37,8858.36,8853.36,8853.38,41.299030574198355
2026-07-06T08:40:00+00:00,8853.38,8854.38,8851.36,8851.38,42.07174887892377
2026-07-06T08:45:00+00:00,8851.38,8851.38,8848.38,8849.86,28
2026-07-06T08:50:00+00:00,8849.86,8853.38,8849.86,8852.36,50
2026-07-06T08:55:00+00:00,8852.36,8852.37,8848.87,8849.87,42
2026-07-06T09:00:00+00:00,8849.87,8849.87,8847.86,8847.86,15
2026-07-06T09:05:00+00:00,8847.86,8847.86,8843.37,8843.37,29
2026-07-06T09:10:00+00:00,8843.37,8847.38,8842.36,8843.37,63.359908883826876
2026-07-06T09:15:00+00:00,8843.37,8844.38,8840.38,8841.36,48
2026-07-06T09:20:00+00:00,8841.36,8842.37,8839.36,8842.37,39
2026-07-06T09:25:00+00:00,8842.37,8845.88,8842.37,8843.86,43
2026-07-06T09:30:00+00:00,8843.86,8844.38,8839.86,8839.86,41
2026-07-06T09:35:00+00:00,8839.86,8841.87,8838.37,8839.37,28
2026-07-06T09:40:00+00:00,8839.37,8840.37,8838.37,8838.86,36
2026-07-06T09:45:00+00:00,8838.86,8839.36,8836.36,8836.88,27
2026-07-06T09:50:00+00:00,8836.88,8841.38,8836.86,8840.87,44
2026-07-06T09:55:00+00:00,8840.87,8840.87,8838.86,8839.38,34.35532994923858
2026-07-06T10:00:00+00:00,8839.38,8840.38,8835.37,8835.37,54
2026-07-06T10:05:00+00:00,8835.37,8836.88,8834.37,8835.87,39
2026-07-06T10:10:00+00:00,8835.87,8841.38,8835.86,8841.38,48
2026-07-06T10:15:00+00:00,8841.38,8843.87,8840.87,8842.88,39.045734388742304
2026-07-06T10:20:00+00:00,8842.88,8844.88,8839.86,8839.86,27
2026-07-06T10:25:00+00:00,8839.86,8840.86,8837.36,8838.36,24
2026-07-06T10:30:00+00:00,8838.36,8840.38,8838.36,8840.38,26
2026-07-06T10:35:00+00:00,8840.38,8840.38,8838.86,8839.87,28
2026-07-06T10:40:00+00:00,8839.87,8839.87,8835.36,8835.88,22
2026-07-06T10:45:00+00:00,8835.88,8837.37,8834.36,8836.87,33
2026-07-06T10:50:00+00:00,8836.87,8837.38,8834.36,8835.87,45
2026-07-06T10:55:00+00:00,8835.87,8836.37,8834.36,8835.37,26
2026-07-06T11:00:00+00:00,8835.37,8835.37,8830.86,8830.86,46
2026-07-06T11:05:00+00:00,8830.86,8832.86,8829.36,8831.37,38
2026-07-06T11:10:00+00:00,8831.37,8832.88,8831.36,8832.37,29
2026-07-06T11:15:00+00:00,8832.37,8833.38,8831.37,8832.37,53
2026-07-06T11:20:00+00:00,8832.37,8832.38,8828.87,8828.87,42
2026-07-06T11:25:00+00:00,8828.87,8831.38,8828.87,8830.36,27
2026-07-06T11:30:00+00:00,8830.36,8832.36,8829.36,8832.36,19
2026-07-06T11:35:00+00:00,8832.36,8832.88,8828.88,8829.37,29
2026-07-06T11:40:00+00:00,8829.37,8830.36,8828.37,8829.88,17
2026-07-06T11:45:00+00:00,8829.88,8830.87,8826.86,8826.86,27
2026-07-06T11:50:00+00:00,8826.86,8826.86,8822.36,8822.87,19
2026-07-06T11:55:00+00:00,8822.87,8824.88,8820.38,8821.36,50
2026-07-06T12:00:00+00:00,8821.36,8825.38,8821.36,8824.37,52
2026-07-06T12:05:00+00:00,8824.37,8824.38,8822.36,8823.86,30
2026-07-06T12:10:00+00:00,8823.86,8824.87,8822.36,8824.87,31
2026-07-06T12:15:00+00:00,8824.87,8825.86,8822.36,8825.37,58
2026-07-06T12:20:00+00:00,8825.37,8825.38,8820.87,8820.87,43
2026-07-06T12:25:00+00:00,8820.87,8822.87,8819.86,8821.86,53
2026-07-06T12:30:00+00:00,8821.86,8823.38,8820.36,8820.86,45
2026-07-06T12:35:00+00:00,8820.86,8822.38,8820.36,8821.86,55
2026-07-06T12:40:00+00:00,8821.86,8823.86,8821.36,8823.38,35
2026-07-06T12:45:00+00:00,8823.38,8826.86,8823.37,8825.36,25.317145688800792
2026-07-06T12:50:00+00:00,8825.36,8830.38,8822.38,8830.38,36
2026-07-06T12:55:00+00:00,8830.38,8830.38,8823.36,8823.36,39
2026-07-06T13:00:00+00:00,8823.36,8823.86,8818.37,8820.38,49
2026-07-06T13:05:00+00:00,8820.38,8820.38,8818.86,8819.36,38
2026-07-06T13:10:00+00:00,8819.36,8821.88,8819.36,8820.86,51
2026-07-06T13:15:00+00:00,8820.86,8821.38,8815.87,8816.36,43
2026-07-06T13:20:00+00:00,8816.36,8818.38,8816.36,8818.38,31
2026-07-06T13:25:00+00:00,8818.38,8824.37,8818.38,8824.37,45
2026-07-06T13:30:00+00:00,8824.37,8831.88,8823.38,8826.36,173
2026-07-06T13:35:00+00:00,8826.36,8826.88,8819.36,8820.38,148
2026-07-06T13:40:00+00:00,8820.38,8823.38,8816.37,8822.86,118
2026-07-06T13:45:00+00:00,8822.86,8825.37,8818.38,8820.88,128
2026-07-06T13:50:00+00:00,8820.88,8824.37,8816.88,8820.37,99
2026-07-06T13:55:00+00:00,8820.37,8820.38,8813.87,8816.38,104
2026-07-06T14:00:00+00:00,8816.38,8817.38,8813.38,8813.88,173
2026-07-06T14:05:00+00:00,8813.88,8818.38,8812.87,8815.86,87
2026-07-06T14:10:00+00:00,8815.86,8817.88,8813.38,8816.87,72
2026-07-06T14:15:00+00:00,8816.87,8816.87,8811.36,8816.37,99
2026-07-06T14:20:00+00:00,8816.37,8829.88,8815.86,8828.38,92
2026-07-06T14:25:00+00:00,8828.38,8832.37,8827.87,8831.38,58
2026-07-06T14:30:00+00:00,8831.38,8831.38,8817.36,8818.38,121
2026-07-06T14:35:00+00:00,8818.38,8823.37,8818.38,8821.37,59
2026-07-06T14:40:00+00:00,8821.37,8825.38,8816.86,8824.86,103
2026-07-06T14:45:00+00:00,8824.86,8825.37,8815.88,8818.36,63
2026-07-06T14:50:00+00:00,8818.36,8819.38,8816.88,8817.36,37
2026-07-06T14:55:00+00:00,8817.36,8824.36,8817.36,8824.36,67
2026-07-06T15:00:00+00:00,8824.36,8824.38,8820.37,8820.37,31
2026-07-06T15:05:00+00:00,8820.37,8821.88,8819.86,8821.36,33
2026-07-06T15:10:00+00:00,8821.36,8823.37,8818.86,8820.38,71
2026-07-06T15:15:00+00:00,8820.38,8821.38,8816.38,8816.38,46
2026-07-06T15:20:00+00:00,8816.38,8821.37,8816.38,8819.37,29
2026-07-06T15:25:00+00:00,8819.37,8824.38,8818.37,8824.38,58
2026-07-06T15:30:00+00:00,8824.38,8825.38,8821.87,8822.37,97
2026-07-06T15:35:00+00:00,8822.37,8825.38,8821.87,8822.88,36
2026-07-06T15:40:00+00:00,8822.88,8826.38,8822.88,8825.37,18
2026-07-06T15:45:00+00:00,8825.37,8826.38,8822.86,8823.38,25
2026-07-06T15:50:00+00:00,8823.38,8824.38,8821.37,8822.38,27
2026-07-06T15:55:00+00:00,8822.38,8823.88,8821.36,8821.86,17.4421768707483
2026-07-06T16:00:00+00:00,8821.86,8822.36,8817.36,8817.86,57
2026-07-06T16:05:00+00:00,8817.86,8819.88,8817.86,8818.38,24
2026-07-06T16:10:00+00:00,8818.38,8819.88,8816.86,8817.88,22.329317269076306
2026-07-06T16:15:00+00:00,8817.88,8817.88,8816.36,8817.38,22
2026-07-06T16:20:00+00:00,8817.38,8821.87,8817.38,8821.37,25
2026-07-06T16:25:00+00:00,8821.37,8821.38,8818.38,8820.38,31
2026-07-06T16:30:00+00:00,8820.38,8821.38,8819.36,8821.37,31
2026-07-06T16:35:00+00:00,8821.37,8822.87,8821.36,8822.37,26.51869722557298
2026-07-06T16:40:00+00:00,8822.37,8822.38,8819.36,8819.36,27
2026-07-06T16:45:00+00:00,8819.36,8821.38,8818.36,8820.36,23.37454398054317
2026-07-06T16:50:00+00:00,8820.36,8822.38,8817.37,8817.37,26
2026-07-06T16:55:00+00:00,8817.37,8817.37,8815.37,8815.88,20
2026-07-06T17:00:00+00:00,8815.88,8815.88,8812.87,8813.38,21
2026-07-06T17:05:00+00:00,8813.38,8822.38,8813.37,8822.37,37
2026-07-06T17:10:00+00:00,8822.37,8822.87,8820.38,8822.38,24
2026-07-06T17:15:00+00:00,8822.38,8822.38,8819.86,8820.37,25
2026-07-06T17:20:00+00:00,8820.37,8821.87,8819.36,8820.87,31
2026-07-06T17:25:00+00:00,8820.87,8822.38,8818.86,8818.86,16
2026-07-06T17:30:00+00:00,8818.86,8818.87,8813.86,8815.36,37
2026-07-06T17:35:00+00:00,8815.36,8815.38,8812.88,8814.37,21
2026-07-06T17:40:00+00:00,8814.37,8814.38,8809.86,8812.87,36
2026-07-06T17:45:00+00:00,8812.87,8814.87,8811.37,8814.36,31
2026-07-06T17:50:00+00:00,8814.36,8815.38,8813.36,8813.37,27
2026-07-06T17:55:00+00:00,8813.37,8813.38,8811.86,8812.37,33.84615384615385
2026-07-06T18:00:00+00:00,8812.37,8815.38,8812.37,8814.36,34
2026-07-06T18:05:00+00:00,8814.36,8814.38,8813.36,8813.36,21.296296296296298
2026-07-06T18:10:00+00:00,8813.36,8814.37,8812.36,8812.38,10.724324324324325
2026-07-06T18:15:00+00:00,8812.38,8816.38,8812.36,8816.38,23
2026-07-06T18:20:00+00:00,8816.38,8817.88,8815.86,8817.37,13
2026-07-06T18:25:00+00:00,8817.37,8820.37,8817.36,8818.38,18.022032693674483
2026-07-06T18:30:00+00:00,8818.38,8818.38,8817.36,8817.38,13
2026-07-06T18:35:00+00:00,8817.38,8819.38,8816.37,8816.37,23
2026-07-06T18:40:00+00:00,8816.37,8817.38,8815.37,8816.38,26
2026-07-06T18:45:00+00:00,8816.38,8818.37,8815.88,8817.36,24
2026-07-06T18:50:00+00:00,8817.36,8819.38,8816.87,8818.37,24.68546465448769
2026-07-06T18:55:00+00:00,8818.37,8822.38,8818.37,8820.37,23
2026-07-06T19:00:00+00:00,8820.37,8822.38,8820.36,8820.38,36.25554642563681
2026-07-06T19:05:00+00:00,8820.38,8820.38,8815.86,8817.36,33
2026-07-06T19:10:00+00:00,8817.36,8820.38,8814.38,8815.38,27
2026-07-06T19:15:00+00:00,8815.38,8818.38,8814.37,8817.86,30
2026-07-06T19:20:00+00:00,8817.86,8819.36,8816.86,8818.37,31
2026-07-06T19:25:00+00:00,8818.37,8818.38,8816.37,8817.86,28
2026-07-06T19:30:00+00:00,8817.86,8817.88,8816.36,8817.36,15
2026-07-06T19:35:00+00:00,8817.36,8818.38,8817.36,8817.38,19
2026-07-06T19:40:00+00:00,8817.38,8817.38,8816.36,8816.86,7
2026-07-06T19:45:00+00:00,8816.86,8819.38,8816.36,8816.36,24
2026-07-06T19:50:00+00:00,8816.36,8821.87,8816.36,8820.37,61
2026-07-06T19:55:00+00:00,8820.37,8824.38,8818.36,8820.88,115
2026-07-06T20:00:00+00:00,8820.88,8824.38,8820.36,8824.37,55
2026-07-06T20:05:00+00:00,8824.37,8826.38,8824.37,8826.38,9
2026-07-06T20:10:00+00:00,8826.38,8826.38,8825.86,8826.38,4
2026-07-06T20:15:00+00:00,8826.38,8827.38,8825.87,8826.88,14
2026-07-06T20:20:00+00:00,8826.88,8826.88,8825.36,8825.36,8
2026-07-06T20:25:00+00:00,8825.36,8825.38,8825.36,8825.36,3
2026-07-06T20:30:00+00:00,8825.36,8826.38,8825.36,8826.36,5
2026-07-06T20:35:00+00:00,8826.36,8826.88,8826.36,8826.88,2
2026-07-06T20:40:00+00:00,8826.88,8826.88,8826.86,8826.86,2
2026-07-06T20:45:00+00:00,8826.86,8827.37,8826.36,8826.37,13
2026-07-06T20:50:00+00:00,8826.37,8827.87,8826.36,8827.87,8
2026-07-06T20:55:00+00:00,8827.87,8831.67,8827.36,8831.67,15
2026-07-06T23:00:00+00:00,8813.41,8821.41,8813.41,8819.41,32.00806216033818
2026-07-06T23:05:00+00:00,8819.41,8819.41,8817.41,8818.41,20.20449884061063
2026-07-06T23:10:00+00:00,8818.41,8820.41,8818.41,8819.41,28.515312275847336
2026-07-06T23:15:00+00:00,8819.41,8819.41,8815.41,8815.41,23.285269030123054
2026-07-06T23:20:00+00:00,8815.41,8816.41,8814.41,8814.41,18.47186812382151
2026-07-06T23:25:00+00:00,8814.41,8814.41,8812.41,8812.41,21.906897549094023
2026-07-06T23:30:00+00:00,8812.41,8813.41,8811.41,8812.41,28.137263555923383
2026-07-06T23:35:00+00:00,8812.41,8813.41,8808.41,8811.41,39.61067927158649
2026-07-06T23:40:00+00:00,8811.41,8811.41,8806.41,8808.41,29.168545899481188
2026-07-06T23:45:00+00:00,8808.41,8819.41,8791.039999999999,8815.41,233.14454213239404
2026-07-06T23:50:00+00:00,8815.41,8815.41,8794.35,8795.34,60.34782608695652
2026-07-06T23:55:00+00:00,8795.34,8802.85,8794.85,8802.36,79
2026-07-07T00:00:00+00:00,8802.36,8810.25,8791.24,8798.26,364
2026-07-07T00:05:00+00:00,8798.26,8802.25,8790.74,8802.25,292
2026-07-07T00:10:00+00:00,8802.25,8811.26,8799.75,8806.76,199
2026-07-07T00:15:00+00:00,8806.76,8813.24,8801.24,8802.74,170
2026-07-07T00:20:00+00:00,8802.74,8806.25,8798.26,8798.26,97
2026-07-07T00:25:00+00:00,8798.26,8798.26,8788.24,8790.26,141
2026-07-07T00:30:00+00:00,8790.26,8793.26,8786.24,8786.26,93
2026-07-07T00:35:00+00:00,8786.26,8787.25,8774.74,8774.76,95
2026-07-07T00:40:00+00:00,8774.76,8775.24,8771.25,8771.76,70
2026-07-07T00:45:00+00:00,8771.76,8780.26,8770.25,8779.24,121
2026-07-07T00:50:00+00:00,8779.24,8791.25,8779.24,8790.74,141
2026-07-07T00:55:00+00:00,8790.74,8792.25,8781.25,8781.76,104
2026-07-07T01:00:00+00:00,8781.76,8792.24,8780.74,8790.74,203
2026-07-07T01:05:00+00:00,8790.74,8807.26,8789.24,8805.26,161
2026-07-07T01:10:00+00:00,8805.26,8810.26,8803.74,8810.26,148
2026-07-07T01:15:00+00:00,8810.26,8815.75,8806.24,8808.25,167
2026-07-07T01:20:00+00:00,8808.25,8815.26,8807.26,8813.76,99
2026-07-07T01:25:00+00:00,8813.76,8814.75,8807.74,8808.24,124
2026-07-07T01:30:00+00:00,8808.24,8809.76,8805.24,8807.26,79
2026-07-07T01:35:00+00:00,8807.26,8819.26,8807.26,8819.25,98
2026-07-07T01:40:00+00:00,8819.25,8819.76,8814.75,8817.26,102
2026-07-07T01:45:00+00:00,8817.26,8824.76,8817.24,8822.75,91
2026-07-07T01:50:00+00:00,8822.75,8828.26,8821.74,8827.24,118
2026-07-07T01:55:00+00:00,8827.24,8827.24,8814.24,8814.75,99
2026-07-07T02:00:00+00:00,8814.75,8818.26,8810.24,8815.75,82
2026-07-07T02:05:00+00:00,8815.75,8819.26,8811.74,8817.24,80
2026-07-07T02:10:00+00:00,8817.24,8818.26,8814.24,8814.24,70
2026-07-07T02:15:00+00:00,8814.24,8815.26,8811.24,8813.24,61
2026-07-07T02:20:00+00:00,8813.24,8816.76,8808.25,8808.25,62
2026-07-07T02:25:00+00:00,8808.25,8809.26,8803.26,8805.74,51
2026-07-07T02:30:00+00:00,8805.74,8806.24,8800.74,8802.25,70
2026-07-07T02:35:00+00:00,8802.25,8804.76,8799.24,8804.26,68
2026-07-07T02:40:00+00:00,8804.26,8804.26,8798.24,8800.25,41
2026-07-07T02:45:00+00:00,8800.25,8802.25,8798.74,8800.26,37
2026-07-07T02:50:00+00:00,8800.26,8802.26,8798.25,8801.25,96
2026-07-07T02:55:00+00:00,8801.25,8801.25,8794.76,8795.24,59
2026-07-07T03:00:00+00:00,8795.24,8800.26,8794.26,8798.76,109
2026-07-07T03:05:00+00:00,8798.76,8799.26,8794.24,8795.25,61
2026-07-07T03:10:00+00:00,8795.25,8796.25,8792.25,8792.26,78
2026-07-07T03:15:00+00:00,8792.26,8792.26,8785.24,8786.25,106
2026-07-07T03:20:00+00:00,8786.25,8786.25,8779.25,8779.75,93
2026-07-07T03:25:00+00:00,8779.75,8781.76,8778.25,8779.26,76
2026-07-07T03:30:00+00:00,8779.26,8785.76,8776.74,8785.26,145
2026-07-07T03:35:00+00:00,8785.26,8791.26,8785.26,8789.25,85
2026-07-07T03:40:00+00:00,8789.25,8792.26,8788.76,8790.24,32
2026-07-07T03:45:00+00:00,8790.24,8791.25,8784.25,8785.26,124
2026-07-07T03:50:00+00:00,8785.26,8787.26,8784.74,8786.26,61
2026-07-07T03:55:00+00:00,8786.26,8789.26,8786.24,8788.26,66
2026-07-07T04:00:00+00:00,8788.26,8790.26,8785.24,8786.75,64
2026-07-07T04:05:00+00:00,8786.75,8789.25,8784.26,8784.26,97
2026-07-07T04:10:00+00:00,8784.26,8788.26,8783.24,8783.76,62
2026-07-07T04:15:00+00:00,8783.76,8783.76,8777.24,8779.25,37
2026-07-07T04:20:00+00:00,8779.25,8782.25,8779.25,8779.26,23
2026-07-07T04:25:00+00:00,8779.26,8780.26,8777.74,8779.25,71
2026-07-07T04:30:00+00:00,8779.25,8783.26,8776.26,8781.24,54
2026-07-07T04:35:00+00:00,8781.24,8782.75,8779.25,8780.26,50
2026-07-07T04:40:00+00:00,8780.26,8782.24,8775.25,8775.25,71
2026-07-07T04:45:00+00:00,8775.25,8777.76,8774.24,8776.24,38.17144177449168
2026-07-07T04:50:00+00:00,8776.24,8779.26,8775.24,8775.25,32
2026-07-07T04:55:00+00:00,8775.25,8775.26,8771.25,8773.76,52
2026-07-07T05:00:00+00:00,8773.76,8776.74,8772.25,8776.25,47
2026-07-07T05:05:00+00:00,8776.25,8777.24,8771.24,8771.75,40
2026-07-07T05:10:00+00:00,8771.75,8774.25,8767.24,8768.76,47
2026-07-07T05:15:00+00:00,8768.76,8771.26,8767.24,8770.76,43
2026-07-07T05:20:00+00:00,8770.76,8773.26,8770.74,8771.74,76
2026-07-07T05:25:00+00:00,8771.74,8772.25,8767.25,8772.25,114
2026-07-07T05:30:00+00:00,8772.25,8775.26,8771.24,8774.26,153
2026-07-07T05:35:00+00:00,8774.26,8777.76,8774.24,8776.25,152
2026-07-07T05:40:00+00:00,8776.25,8779.26,8773.24,8774.75,146
2026-07-07T05:45:00+00:00,8774.75,8783.26,8774.75,8782.74,112
2026-07-07T05:50:00+00:00,8782.74,8787.25,8781.25,8786.76,69
2026-07-07T05:55:00+00:00,8786.76,8789.24,8785.25,8786.76,74
2026-07-07T06:00:00+00:00,8786.76,8786.85,8779.84,8781.86,97
2026-07-07T06:05:00+00:00,8781.86,8782.84,8775.86,8780.35,178
2026-07-07T06:10:00+00:00,8780.35,8782.86,8775.84,8777.36,126
2026-07-07T06:15:00+00:00,8777.36,8780.85,8774.34,8774.34,66
2026-07-07T06:20:00+00:00,8774.34,8782.86,8773.84,8782.36,55
2026-07-07T06:25:00+00:00,8782.36,8784.85,8781.85,8782.66,84
2026-07-07T07:10:00+00:00,8802.42,8814.62,8802.42,8812.62,51
2026-07-07T07:15:00+00:00,8812.62,8815.62,8812.1,8814.61,37
2026-07-07T07:20:00+00:00,8814.61,8817.11,8814.6,8814.6,28
2026-07-07T07:25:00+00:00,8814.6,8816.61,8813.6,8814.62,30
2026-07-07T07:30:00+00:00,8814.62,8816.11,8813.6,8815.6,32
2026-07-07T07:35:00+00:00,8815.6,8815.6,8813.1,8814.11,31
2026-07-07T07:40:00+00:00,8814.11,8816.11,8814.1,8814.6,16
2026-07-07T07:45:00+00:00,8814.6,8817.61,8813.62,8813.62,17.21086675291074
2026-07-07T07:50:00+00:00,8813.62,8814.62,8811.1,8813.12,36
2026-07-07T07:55:00+00:00,8813.12,8815.62,8811.6,8815.6,20
2026-07-07T08:00:00+00:00,8815.6,8817.6,8814.61,8816.61,58
2026-07-07T08:05:00+00:00,8816.61,8821.11,8816.6,8820.6,43
2026-07-07T08:10:00+00:00,8820.6,8828.12,8820.6,8825.11,48
2026-07-07T08:15:00+00:00,8825.11,8827.12,8824.1,8824.6,44
2026-07-07T08:20:00+00:00,8824.6,8833.11,8822.1,8830.1,69
2026-07-07T08:25:00+00:00,8830.1,8830.1,8824.61,8826.1,28
2026-07-07T08:30:00+00:00,8826.1,8827.62,8824.1,8825.62,65
2026-07-07T08:35:00+00:00,8825.62,8825.62,8821.6,8822.12,30
2026-07-07T08:40:00+00:00,8822.12,8822.62,8818.61,8821.61,30
2026-07-07T08:45:00+00:00,8821.61,8822.1,8817.62,8818.12,48
2026-07-07T08:50:00+00:00,8818.12,8819.62,8816.62,8818.1,33
2026-07-07T08:55:00+00:00,8818.1,8819.62,8817.6,8818.62,29
2026-07-07T09:00:00+00:00,8818.62,8818.62,8814.61,8817.11,53
2026-07-07T09:05:00+00:00,8817.11,8819.12,8816.6,8817.62,28
2026-07-07T09:10:00+00:00,8817.62,8820.61,8817.11,8820.6,29
2026-07-07T09:15:00+00:00,8820.6,8823.62,8820.1,8822.6,37
2026-07-07T09:20:00+00:00,8822.6,8823.62,8822.1,8823.6,17
2026-07-07T09:25:00+00:00,8823.6,8823.62,8819.62,8820.6,22
2026-07-07T09:30:00+00:00,8820.6,8823.12,8817.62,8818.1,58
2026-07-07T09:35:00+00:00,8818.1,8819.62,8816.62,8819.61,47
2026-07-07T09:40:00+00:00,8819.61,8822.12,8819.11,8822.12,32
2026-07-07T09:45:00+00:00,8822.12,8822.12,8819.1,8821.61,40
2026-07-07T09:50:00+00:00,8821.61,8824.62,8819.11,8822.62,37
2026-07-07T09:55:00+00:00,8822.62,8823.62,8821.6,8822.61,36
2026-07-07T10:00:00+00:00,8822.61,8828.12,8822.61,8828.12,36
2026-07-07T10:05:00+00:00,8828.12,8829.62,8821.61,8823.12,47
2026-07-07T10:10:00+00:00,8823.12,8824.6,8819.61,8820.62,57.38911128903122
2026-07-07T10:15:00+00:00,8820.62,8824.62,8820.6,8824.62,19
2026-07-07T10:20:00+00:00,8824.62,8826.62,8823.1,8823.62,33
2026-07-07T10:25:00+00:00,8823.62,8824.12,8821.61,8822.1,27
2026-07-07T10:30:00+00:00,8822.1,8822.6,8820.6,8821.6,30
2026-07-07T10:35:00+00:00,8821.6,8821.6,8818.6,8820.61,32
2026-07-07T10:40:00+00:00,8820.61,8822.62,8820.6,8820.6,20
2026-07-07T10:45:00+00:00,8820.6,8821.61,8817.61,8818.62,20
2026-07-07T10:50:00+00:00,8818.62,8818.62,8815.61,8818.11,40
2026-07-07T10:55:00+00:00,8818.11,8819.6,8817.11,8819.1,32
2026-07-07T11:00:00+00:00,8819.1,8819.1,8814.12,8817.6,47
2026-07-07T11:05:00+00:00,8817.6,8818.61,8816.6,8817.1,38
2026-07-07T11:10:00+00:00,8817.1,8818.12,8816.12,8816.62,42
2026-07-07T11:15:00+00:00,8816.62,8819.61,8816.6,8819.61,21
2026-07-07T11:20:00+00:00,8819.61,8820.62,8818.6,8819.11,34
2026-07-07T11:25:00+00:00,8819.11,8819.61,8816.6,8816.61,23
2026-07-07T11:30:00+00:00,8816.61,8817.61,8814.61,8816.12,46
2026-07-07T11:35:00+00:00,8816.12,8819.11,8815.6,8816.6,40
2026-07-07T11:40:00+00:00,8816.6,8816.61,8814.1,8815.11,30
2026-07-07T11:45:00+00:00,8815.11,8818.62,8813.6,8817.6,48
2026-07-07T11:50:00+00:00,8817.6,8817.6,8810.61,8814.12,75
2026-07-07T11:55:00+00:00,8814.12,8820.61,8814.12,8819.62,64
2026-07-07T12:00:00+00:00,8819.62,8823.62,8818.6,8823.61,56
2026-07-07T12:05:00+00:00,8823.61,8826.62,8821.61,8825.6,45
2026-07-07T12:10:00+00:00,8825.6,8830.6,8825.6,8828.61,64
2026-07-07T12:15:00+00:00,8828.61,8828.61,8825.6,8827.1,56
2026-07-07T12:20:00+00:00,8827.1,8830.11,8825.12,8829.6,54
2026-07-07T12:25:00+00:00,8829.6,8832.62,8829.6,8831.12,39
2026-07-07T12:30:00+00:00,8831.12,8831.62,8827.61,8831.12,51
2026-07-07T12:35:00+00:00,8831.12,8836.61,8830.61,8835.6,51
2026-07-07T12:40:00+00:00,8835.6,8835.61,8832.1,8833.1,142
2026-07-07T12:45:00+00:00,8833.1,8834.62,8829.1,8829.1,49
2026-07-07T12:50:00+00:00,8829.1,8830.12,8828.1,8828.62,40
2026-07-07T12:55:00+00:00,8828.62,8829.62,8827.12,8828.6,56
2026-07-07T13:00:00+00:00,8828.6,8829.1,8823.6,8823.62,43
2026-07-07T13:05:00+00:00,8823.62,8827.12,8822.6,8826.1,43
2026-07-07T13:10:00+00:00,8826.1,8828.62,8824.61,8828.62,35
2026-07-07T13:15:00+00:00,8828.62,8831.62,8827.6,8831.1,23
2026-07-07T13:20:00+00:00,8831.1,8833.12,8828.1,8830.6,69
2026-07-07T13:25:00+00:00,8830.6,8833.6,8829.1,8833.6,51
2026-07-07T13:30:00+00:00,8833.6,8837.12,8828.11,8834.6,173
2026-07-07T13:35:00+00:00,8834.6,8836.61,8828.6,8832.1,142
2026-07-07T13:40:00+00:00,8832.1,8838.62,8829.1,8836.12,167
2026-07-07T13:45:00+00:00,8836.12,8837.11,8824.6,8825.6,188
2026-07-07T13:50:00+00:00,8825.6,8826.6,8814.6,8816.11,125
2026-07-07T13:55:00+00:00,8816.11,8816.62,8804.1,8810.61,185
2026-07-07T14:00:00+00:00,8810.61,8815.6,8805.11,8806.61,249
2026-07-07T14:05:00+00:00,8806.61,8809.12,8796.1,8799.61,226
2026-07-07T14:10:00+00:00,8799.61,8800.12,8790.12,8790.12,212
2026-07-07T14:15:00+00:00,8790.12,8794.62,8786.6,8794.62,219
2026-07-07T14:20:00+00:00,8794.62,8797.62,8787.11,8789.6,195
2026-07-07T14:25:00+00:00,8789.6,8794.61,8785.11,8794.61,246
2026-07-07T14:30:00+00:00,8794.61,8795.61,8788.11,8788.11,262
2026-07-07T14:35:00+00:00,8788.11,8788.12,8782.12,8782.6,255
2026-07-07T14:40:00+00:00,8782.6,8784.62,8778.6,8781.12,240
2026-07-07T14:45:00+00:00,8781.12,8786.61,8779.1,8785.6,242
2026-07-07T14:50:00+00:00,8785.6,8789.62,8784.11,8788.1,202
2026-07-07T14:55:00+00:00,8788.1,8791.61,8788.1,8788.61,130
2026-07-07T15:00:00+00:00,8788.61,8790.12,8786.6,8787.61,124
2026-07-07T15:05:00+00:00,8787.61,8790.62,8786.1,8790.1,130
2026-07-07T15:10:00+00:00,8790.1,8791.62,8780.11,8780.62,105
2026-07-07T15:15:00+00:00,8780.62,8780.62,8775.1,8779.11,136
2026-07-07T15:20:00+00:00,8779.11,8783.61,8778.12,8780.12,134
2026-07-07T15:25:00+00:00,8780.12,8781.62,8776.6,8781.62,87
2026-07-07T15:30:00+00:00,8781.62,8783.61,8776.6,8777.12,167
2026-07-07T15:35:00+00:00,8777.12,8779.61,8774.6,8776.11,153
2026-07-07T15:40:00+00:00,8776.11,8777.61,8774.6,8777.11,82
2026-07-07T15:45:00+00:00,8777.11,8781.6,8775.12,8775.12,172
2026-07-07T15:50:00+00:00,8775.12,8781.62,8775.12,8780.12,100
2026-07-07T15:55:00+00:00,8780.12,8780.12,8776.61,8778.61,96.62264742785445
2026-07-07T16:00:00+00:00,8778.61,8785.62,8778.11,8784.62,85
2026-07-07T16:05:00+00:00,8784.62,8788.12,8782.62,8783.61,90
2026-07-07T16:10:00+00:00,8783.61,8787.62,8783.61,8787.11,43
2026-07-07T16:15:00+00:00,8787.11,8788.6,8785.1,8787.61,43
2026-07-07T16:20:00+00:00,8787.61,8793.62,8787.61,8791.62,103
2026-07-07T16:25:00+00:00,8791.62,8796.61,8791.62,8792.6,60
2026-07-07T16:30:00+00:00,8792.6,8795.61,8790.61,8791.61,81
2026-07-07T16:35:00+00:00,8791.61,8794.62,8790.12,8792.6,68
2026-07-07T16:40:00+00:00,8792.6,8794.1,8790.6,8792.61,28
2026-07-07T16:45:00+00:00,8792.61,8794.12,8792.11,8794.11,31
2026-07-07T16:50:00+00:00,8794.11,8794.61,8790.6,8790.6,34
2026-07-07T16:55:00+00:00,8790.6,8794.11,8789.12,8794.11,52
2026-07-07T17:00:00+00:00,8794.11,8795.62,8793.11,8795.61,57
2026-07-07T17:05:00+00:00,8795.61,8797.6,8794.6,8796.62,43
2026-07-07T17:10:00+00:00,8796.62,8796.62,8793.61,8795.62,39
2026-07-07T17:15:00+00:00,8795.62,8795.62,8789.1,8789.6,84
2026-07-07T17:20:00+00:00,8789.6,8795.62,8789.1,8794.61,66
2026-07-07T17:25:00+00:00,8794.61,8795.62,8793.6,8794.62,53
2026-07-07T17:30:00+00:00,8794.62,8799.12,8794.6,8799.1,69
2026-07-07T17:35:00+00:00,8799.1,8799.62,8796.61,8799.12,52
2026-07-07T17:40:00+00:00,8799.12,8801.11,8798.61,8800.12,34
2026-07-07T17:45:00+00:00,8800.12,8800.61,8797.62,8799.12,46
2026-07-07T17:50:00+00:00,8799.12,8799.61,8796.61,8797.11,32
2026-07-07T17:55:00+00:00,8797.11,8799.62,8796.6,8799.1,32
2026-07-07T18:00:00+00:00,8799.1,8800.1,8795.11,8797.12,56
2026-07-07T18:05:00+00:00,8797.12,8798.11,8795.1,8795.61,43
2026-07-07T18:10:00+00:00,8795.61,8797.6,8795.61,8796.62,35.24582104228122
2026-07-07T18:15:00+00:00,8796.62,8798.62,8795.61,8798.61,43
2026-07-07T18:20:00+00:00,8798.61,8799.62,8797.61,8798.11,34
2026-07-07T18:25:00+00:00,8798.11,8799.12,8796.1,8796.61,29
2026-07-07T18:30:00+00:00,8796.61,8797.1,8793.6,8795.12,58
2026-07-07T18:35:00+00:00,8795.12,8798.62,8794.6,8797.61,30
2026-07-07T18:40:00+00:00,8797.61,8797.61,8793.61,8796.6,68
2026-07-07T18:45:00+00:00,8796.6,8797.62,8786.11,8790.6,166
2026-07-07T18:50:00+00:00,8790.6,8791.62,8782.61,8785.11,256
2026-07-07T18:55:00+00:00,8785.11,8787.62,8783.6,8784.1,159
2026-07-07T19:00:00+00:00,8784.1,8785.12,8777.1,8780.6,215
2026-07-07T19:05:00+00:00,8780.6,8784.11,8773.6,8774.62,149
2026-07-07T19:10:00+00:00,8774.62,8775.11,8771.61,8773.11,120
2026-07-07T19:15:00+00:00,8773.11,8773.6,8763.6,8771.6,203
2026-07-07T19:20:00+00:00,8771.6,8773.62,8767.6,8773.6,192
2026-07-07T19:25:00+00:00,8773.6,8775.12,8769.1,8772.12,134
2026-07-07T19:30:00+00:00,8772.12,8776.12,8772.1,8775.62,160
2026-07-07T19:35:00+00:00,8775.62,8777.1,8772.6,8776.11,121
2026-07-07T19:40:00+00:00,8776.11,8777.6,8774.61,8776.11,107
2026-07-07T19:45:00+00:00,8776.11,8779.62,8774.61,8775.61,87
2026-07-07T19:50:00+00:00,8775.61,8776.62,8765.6,8769.12,197
2026-07-07T19:55:00+00:00,8769.12,8773.62,8767.6,8773.62,457
2026-07-07T20:00:00+00:00,8773.62,8773.62,8766.6,8768.61,50
2026-07-07T20:05:00+00:00,8768.61,8768.62,8767.1,8767.12,23
2026-07-07T20:10:00+00:00,8767.12,8768.62,8767.1,8768.11,15
2026-07-07T20:15:00+00:00,8770.11,8770.6,8764.62,8767.6,18
2026-07-07T20:20:00+00:00,8767.6,8768.12,8766.62,8767.6,13
2026-07-07T20:25:00+00:00,8767.6,8771.62,8767.6,8771.1,24
2026-07-07T20:30:00+00:00,8771.1,8771.1,8766.6,8767.1,12
2026-07-07T20:35:00+00:00,8767.1,8768.12,8767.1,8768.1,6
2026-07-07T20:40:00+00:00,8768.1,8768.6,8767.6,8767.6,9
2026-07-07T20:45:00+00:00,8767.6,8767.6,8766.1,8766.1,6
2026-07-07T20:50:00+00:00,8766.1,8766.11,8764.6,8765.1,10
2026-07-07T20:55:00+00:00,8765.1,8766.11,8760.9,8763.9,25
2026-07-07T23:00:00+00:00,8755.51,8757.51,8753.51,8754.51,50.62384199569327
2026-07-07T23:05:00+00:00,8754.51,8759.51,8753.51,8758.51,78.75681357116699
2026-07-07T23:10:00+00:00,8758.51,8762.51,8757.51,8762.51,66.4373550177425
2026-07-07T23:15:00+00:00,8762.51,8770.51,8762.51,8769.51,64.2519081504819
2026-07-07T23:20:00+00:00,8769.51,8769.51,8765.51,8766.51,36.22772624638955
2026-07-07T23:25:00+00:00,8766.51,8766.51,8763.51,8764.51,51.20860671438656
2026-07-07T23:30:00+00:00,8764.51,8767.51,8763.51,8765.51,55.67002900589863
2026-07-07T23:35:00+00:00,8765.51,8765.51,8756.51,8759.51,107.3328722410065
2026-07-07T23:40:00+00:00,8759.51,8761.51,8754.51,8757.51,139.71753937871676
2026-07-07T23:45:00+00:00,8757.51,8771.51,8752.51,8760.51,651.3284337931096
2026-07-07T23:50:00+00:00,8760.51,8760.51,8725.52,8727.52,136.87598800763152
2026-07-07T23:55:00+00:00,8727.52,8731.01,8723.5,8725.51,135
2026-07-08T00:00:00+00:00,8725.51,8733.42,8704.41,8721.900000000001,427
2026-07-08T00:05:00+00:00,8721.900000000001,8723.92,8698.400000000001,8710.900000000001,523
2026-07-08T00:10:00+00:00,8710.900000000001,8710.92,8683.900000000001,8694.42,575
2026-07-08T00:15:00+00:00,8694.42,8700.41,8666.42,8674.900000000001,565
2026-07-08T00:20:00+00:00,8674.900000000001,8683.92,8670.400000000001,8683.92,314
2026-07-08T00:25:00+00:00,8683.92,8685.92,8674.400000000001,8676.91,271
2026-07-08T00:30:00+00:00,8676.91,8687.41,8671.41,8673.42,375
2026-07-08T00:35:00+00:00,8673.42,8681.41,8669.92,8681.41,207
2026-07-08T00:40:00+00:00,8681.41,8696.900000000001,8680.41,8691.91,137
2026-07-08T00:45:00+00:00,8691.91,8701.91,8691.41,8694.900000000001,227
2026-07-08T00:50:00+00:00,8694.900000000001,8700.900000000001,8687.900000000001,8693.41,195
2026-07-08T00:55:00+00:00,8693.41,8707.91,8693.41,8703.41,135
2026-07-08T01:00:00+00:00,8703.41,8704.92,8696.900000000001,8698.42,318
2026-07-08T01:05:00+00:00,8698.42,8698.92,8687.400000000001,8689.41,251
2026-07-08T01:10:00+00:00,8689.41,8699.92,8689.41,8699.41,188
2026-07-08T01:15:00+00:00,8699.41,8704.42,8697.400000000001,8701.91,181
2026-07-08T01:20:00+00:00,8701.91,8703.42,8693.900000000001,8697.91,139
2026-07-08T01:25:00+00:00,8697.91,8701.42,8694.900000000001,8697.42,118
2026-07-08T01:30:00+00:00,8697.42,8698.42,8685.900000000001,8686.900000000001,182
2026-07-08T01:35:00+00:00,8686.900000000001,8692.92,8685.900000000001,8692.92,141
2026-07-08T01:40:00+00:00,8692.92,8698.42,8690.91,8695.92,202
2026-07-08T01:45:00+00:00,8695.92,8704.92,8692.91,8703.42,179
2026-07-08T01:50:00+00:00,8703.42,8708.92,8703.42,8708.42,155
2026-07-08T01:55:00+00:00,8708.42,8719.92,8707.900000000001,8718.400000000001,231
2026-07-08T02:00:00+00:00,8718.400000000001,8718.400000000001,8704.400000000001,8704.900000000001,234
2026-07-08T02:05:00+00:00,8704.900000000001,8705.42,8695.42,8704.91,180
2026-07-08T02:10:00+00:00,8704.91,8706.42,8699.400000000001,8699.400000000001,165
2026-07-08T02:15:00+00:00,8699.400000000001,8700.92,8688.91,8695.41,153
2026-07-08T02:20:00+00:00,8695.41,8699.400000000001,8688.91,8696.41,126
2026-07-08T02:25:00+00:00,8696.41,8700.91,8693.400000000001,8697.900000000001,123
2026-07-08T02:30:00+00:00,8697.900000000001,8697.91,8687.900000000001,8695.91,120
2026-07-08T02:35:00+00:00,8695.91,8704.91,8692.900000000001,8703.42,133
2026-07-08T02:40:00+00:00,8703.42,8710.42,8701.900000000001,8710.400000000001,116
2026-07-08T02:45:00+00:00,8710.400000000001,8719.91,8710.400000000001,8718.400000000001,110
2026-07-08T02:50:00+00:00,8718.400000000001,8718.92,8709.900000000001,8713.42,116
2026-07-08T02:55:00+00:00,8713.42,8714.42,8707.91,8710.41,81
2026-07-08T03:00:00+00:00,8710.41,8724.900000000001,8710.41,8723.92,118
2026-07-08T03:05:00+00:00,8723.92,8729.91,8721.400000000001,8725.92,121
2026-07-08T03:10:00+00:00,8725.92,8733.900000000001,8725.41,8733.900000000001,78
2026-07-08T03:15:00+00:00,8733.900000000001,8735.900000000001,8730.92,8734.42,53
2026-07-08T03:20:00+00:00,8734.42,8741.92,8734.42,8740.92,68
2026-07-08T03:25:00+00:00,8740.92,8742.92,8739.91,8741.400000000001,46
2026-07-08T03:30:00+00:00,8741.400000000001,8747.42,8740.900000000001,8742.400000000001,91
2026-07-08T03:35:00+00:00,8742.400000000001,8742.900000000001,8737.900000000001,8740.92,82
2026-07-08T03:40:00+00:00,8740.92,8742.900000000001,8736.900000000001,8741.42,61
2026-07-08T03:45:00+00:00,8741.42,8741.92,8734.41,8734.41,79
2026-07-08T03:50:00+00:00,8734.41,8735.92,8732.900000000001,8732.900000000001,77
2026-07-08T03:55:00+00:00,8732.900000000001,8733.900000000001,8729.900000000001,8729.92,47
2026-07-08T04:00:00+00:00,8729.92,8734.92,8727.900000000001,8734.400000000001,79
2026-07-08T04:05:00+00:00,8734.400000000001,8740.92,8733.41,8740.900000000001,95
2026-07-08T04:10:00+00:00,8740.900000000001,8742.91,8739.400000000001,8741.91,66
2026-07-08T04:15:00+00:00,8741.91,8743.91,8737.900000000001,8738.42,103
2026-07-08T04:20:00+00:00,8738.42,8744.92,8737.92,8743.92,80
2026-07-08T04:25:00+00:00,8743.92,8744.92,8739.91,8744.92,80
2026-07-08T04:30:00+00:00,8744.92,8751.92,8744.900000000001,8750.900000000001,112
2026-07-08T04:35:00+00:00,8750.900000000001,8751.91,8747.900000000001,8750.900000000001,110
2026-07-08T04:40:00+00:00,8750.900000000001,8754.91,8750.900000000001,8753.92,89
2026-07-08T04:45:00+00:00,8753.92,8757.91,8752.900000000001,8754.92,77
2026-07-08T04:50:00+00:00,8754.92,8755.91,8745.900000000001,8745.900000000001,49
2026-07-08T04:55:00+00:00,8745.900000000001,8753.900000000001,8743.92,8753.900000000001,116
2026-07-08T05:00:00+00:00,8753.900000000001,8753.92,8748.91,8750.91,118
2026-07-08T05:05:00+00:00,8750.91,8758.92,8750.91,8757.900000000001,73
2026-07-08T05:10:00+00:00,8757.900000000001,8761.92,8754.91,8759.41,120
2026-07-08T05:15:00+00:00,8759.41,8762.91,8759.41,8759.91,87
2026-07-08T05:20:00+00:00,8759.91,8761.91,8757.900000000001,8758.92,126
2026-07-08T05:25:00+00:00,8758.92,8759.91,8755.900000000001,8757.91,70
2026-07-08T05:30:00+00:00,8757.91,8757.92,8750.900000000001,8752.91,85
2026-07-08T05:35:00+00:00,8752.91,8755.92,8751.900000000001,8755.92,86
2026-07-08T05:40:00+00:00,8755.92,8759.92,8754.92,8756.91,70
2026-07-08T05:45:00+00:00,8756.91,8756.92,8749.900000000001,8750.92,91
2026-07-08T05:50:00+00:00,8750.92,8755.92,8749.91,8755.92,108
2026-07-08T05:55:00+00:00,8755.92,8759.91,8753.92,8757.92,107
2026-07-08T06:00:00+00:00,8757.92,8765.51,8752.5,8762.52,172
2026-07-08T06:05:00+00:00,8762.52,8776.52,8762.52,8774.5,297
2026-07-08T06:10:00+00:00,8774.5,8778.51,8769.5,8771.01,254
2026-07-08T06:15:00+00:00,8771.01,8774.51,8770.51,8773.01,93
2026-07-08T06:20:00+00:00,8773.01,8773.52,8770,8772.01,101
2026-07-08T06:25:00+00:00,8772.01,8775.52,8769,8771.310000000001,131
2026-07-08T07:10:00+00:00,8775.7,8775.7,8740.89,8742.39,153
2026-07-08T07:15:00+00:00,8742.39,8745.41,8732.9,8732.9,144
2026-07-08T07:20:00+00:00,8732.9,8739.9,8731.39,8738.9,140
2026-07-08T07:25:00+00:00,8738.9,8739.91,8734.4,8739.91,166
2026-07-08T07:30:00+00:00,8739.91,8745.9,8738.91,8744.91,127
2026-07-08T07:35:00+00:00,8744.91,8744.91,8737.91,8738.9,148
2026-07-08T07:40:00+00:00,8738.9,8742.41,8738.9,8742.39,100
2026-07-08T07:45:00+00:00,8742.39,8743.89,8739.91,8742.89,57
2026-07-08T07:50:00+00:00,8742.89,8743.41,8738.4,8740.9,59
2026-07-08T07:55:00+00:00,8740.9,8741.9,8739.4,8740.9,74
2026-07-08T08:00:00+00:00,8740.9,8744.41,8739.89,8741.91,109
2026-07-08T08:05:00+00:00,8741.91,8744.41,8737.89,8743.89,119
2026-07-08T08:10:00+00:00,8743.89,8747.41,8741.89,8743.41,179
2026-07-08T08:15:00+00:00,8743.41,8743.9,8702.89,8712.4,1287
2026-07-08T08:20:00+00:00,8712.4,8716.9,8694.39,8694.9,696
2026-07-08T08:25:00+00:00,8694.9,8698.39,8684.89,8686.4,621
2026-07-08T08:30:00+00:00,8686.4,8687.41,8673.89,8677.91,509
2026-07-08T08:35:00+00:00,8677.91,8679.91,8662.39,8664.41,410
2026-07-08T08:40:00+00:00,8664.41,8668.41,8659.39,8663.4,386
2026-07-08T08:45:00+00:00,8663.4,8668.91,8658.9,8659.41,416
2026-07-08T08:50:00+00:00,8659.41,8664.89,8655.39,8655.89,315
2026-07-08T08:55:00+00:00,8655.89,8662.91,8648.39,8648.91,245
2026-07-08T09:00:00+00:00,8648.91,8651.41,8644.89,8649.39,310
2026-07-08T09:05:00+00:00,8649.39,8649.91,8636.89,8639.4,224
2026-07-08T09:10:00+00:00,8639.4,8643.91,8630.39,8630.91,241
2026-07-08T09:15:00+00:00,8630.91,8642.89,8629.39,8642.89,280
2026-07-08T09:20:00+00:00,8642.89,8646.89,8638.39,8642.41,295
2026-07-08T09:25:00+00:00,8642.41,8649.89,8641.39,8647.9,229
2026-07-08T09:30:00+00:00,8647.9,8653.9,8644.4,8653.41,202
2026-07-08T09:35:00+00:00,8653.41,8660.89,8648.39,8653.4,201
2026-07-08T09:40:00+00:00,8653.4,8655.41,8646.89,8653.39,204
2026-07-08T09:45:00+00:00,8653.39,8653.91,8647.91,8650.91,149
2026-07-08T09:50:00+00:00,8650.91,8653.9,8646.89,8649.89,149
2026-07-08T09:55:00+00:00,8649.89,8650.89,8642.39,8643.4,159
2026-07-08T10:00:00+00:00,8643.4,8649.41,8642.89,8645.4,224
2026-07-08T10:05:00+00:00,8645.4,8648.41,8642.89,8647.89,157
2026-07-08T10:10:00+00:00,8647.89,8649.91,8643.39,8649.39,173
2026-07-08T10:15:00+00:00,8649.39,8656.41,8647.39,8656.4,126
2026-07-08T10:20:00+00:00,8656.4,8661.91,8651.39,8652.91,178
2026-07-08T10:25:00+00:00,8652.91,8658.4,8652.91,8657.89,115
2026-07-08T10:30:00+00:00,8657.89,8666.4,8655.39,8666.39,188
2026-07-08T10:35:00+00:00,8666.39,8669.4,8663.9,8667.41,204
2026-07-08T10:40:00+00:00,8667.41,8671.91,8666.91,8671.9,118
2026-07-08T10:45:00+00:00,8671.9,8673.41,8665.39,8666.39,133
2026-07-08T10:50:00+00:00,8666.39,8669.9,8665.9,8668.89,143
2026-07-08T10:55:00+00:00,8668.89,8672.41,8666.4,8666.4,101
2026-07-08T11:00:00+00:00,8666.4,8667.91,8660.41,8664.39,194
2026-07-08T11:05:00+00:00,8664.39,8666.91,8661.91,8662.39,92
2026-07-08T11:10:00+00:00,8662.39,8665.41,8660.89,8664.89,75
2026-07-08T11:15:00+00:00,8664.89,8665.39,8661.39,8663.91,74
2026-07-08T11:20:00+00:00,8663.91,8666.91,8658.39,8659.39,91
2026-07-08T11:25:00+00:00,8659.39,8663.91,8658.9,8663.89,86
2026-07-08T11:30:00+00:00,8663.89,8667.89,8660.89,8667.89,88
2026-07-08T11:35:00+00:00,8667.89,8673.91,8667.39,8668.91,120
2026-07-08T11:40:00+00:00,8668.91,8697.4,8667.89,8687.41,802
2026-07-08T11:45:00+00:00,8687.41,8694.41,8685.41,8688.4,419
2026-07-08T11:50:00+00:00,8688.4,8688.4,8682.39,8686.41,151
2026-07-08T11:55:00+00:00,8686.41,8690.41,8682.4,8686.89,146
2026-07-08T12:00:00+00:00,8686.89,8691.91,8680.9,8690.91,184
2026-07-08T12:05:00+00:00,8690.91,8704.91,8690.91,8702.39,252
2026-07-08T12:10:00+00:00,8702.39,8707.41,8700.9,8703.39,162
2026-07-08T12:15:00+00:00,8703.39,8709.91,8701.91,8707.89,180
2026-07-08T12:20:00+00:00,8707.89,8708.41,8700.41,8700.41,107
2026-07-08T12:25:00+00:00,8700.41,8706.41,8696.89,8704.91,147
2026-07-08T12:30:00+00:00,8704.91,8709.9,8702.89,8706.9,150
2026-07-08T12:35:00+00:00,8706.9,8712.89,8705.91,8710.9,100
2026-07-08T12:40:00+00:00,8710.9,8712.89,8703.89,8711.9,101
2026-07-08T12:45:00+00:00,8711.9,8714.91,8710.9,8711.91,78
2026-07-08T12:50:00+00:00,8711.91,8716.9,8710.9,8714.41,106
2026-07-08T12:55:00+00:00,8714.41,8719.91,8703.9,8703.9,410
2026-07-08T13:00:00+00:00,8703.9,8712.4,8702.89,8711.91,208
2026-07-08T13:05:00+00:00,8711.91,8711.91,8702.89,8706.89,265
2026-07-08T13:10:00+00:00,8706.89,8713.9,8703.89,8712.4,165
2026-07-08T13:15:00+00:00,8712.4,8712.4,8706.89,8706.89,110
2026-07-08T13:20:00+00:00,8706.89,8706.89,8701.89,8705.9,98
2026-07-08T13:25:00+00:00,8705.9,8708.91,8699.39,8700.39,233
2026-07-08T13:30:00+00:00,8700.39,8720.91,8699.89,8720.4,442
2026-07-08T13:35:00+00:00,8720.4,8724.4,8711.4,8723.39,303
2026-07-08T13:40:00+00:00,8723.39,8730.41,8714.89,8723.89,318
2026-07-08T13:45:00+00:00,8723.89,8729.91,8717.91,8718.91,220
2026-07-08T13:50:00+00:00,8718.91,8725.41,8715.39,8718.39,258
2026-07-08T13:55:00+00:00,8718.39,8725.41,8714.89,8723.4,312
2026-07-08T14:00:00+00:00,8723.4,8723.4,8714.39,8716.89,402
2026-07-08T14:05:00+00:00,8716.89,8723.91,8716.89,8718.4,332
2026-07-08T14:10:00+00:00,8718.4,8722.89,8709.89,8712.41,267
2026-07-08T14:15:00+00:00,8712.41,8714.9,8706.9,8709.4,176
2026-07-08T14:20:00+00:00,8709.4,8725.91,8708.89,8722.89,382
2026-07-08T14:25:00+00:00,8722.89,8726.91,8710.9,8716.9,363
2026-07-08T14:30:00+00:00,8716.9,8718.91,8709.91,8713.91,391
2026-07-08T14:35:00+00:00,8713.91,8715.4,8703.89,8705.4,251
2026-07-08T14:40:00+00:00,8705.4,8707.91,8701.9,8703.91,270
2026-07-08T14:45:00+00:00,8703.91,8703.91,8686.9,8687.4,222
2026-07-08T14:50:00+00:00,8687.4,8700.91,8687.4,8695.9,271
2026-07-08T14:55:00+00:00,8695.9,8698.41,8690.9,8693.89,185
2026-07-08T15:00:00+00:00,8693.89,8694.41,8682.9,8684.39,165
2026-07-08T15:05:00+00:00,8684.39,8687.9,8679.89,8679.9,194
2026-07-08T15:10:00+00:00,8679.9,8682.91,8675.89,8677.9,159
2026-07-08T15:15:00+00:00,8677.9,8679.4,8670.9,8676.4,224
2026-07-08T15:20:00+00:00,8676.4,8678.9,8665.9,8665.9,137
2026-07-08T15:25:00+00:00,8665.9,8673.89,8664.9,8673.41,247
2026-07-08T15:30:00+00:00,8673.41,8677.91,8667.9,8677.91,296
2026-07-08T15:35:00+00:00,8677.91,8684.91,8674.9,8679.39,206
2026-07-08T15:40:00+00:00,8679.39,8684.91,8678.9,8684.39,191
2026-07-08T15:45:00+00:00,8684.39,8684.39,8676.91,8678.89,229
2026-07-08T15:50:00+00:00,8678.89,8679.39,8674.89,8678.89,167
2026-07-08T15:55:00+00:00,8678.89,8680.9,8674.9,8678.91,125
2026-07-08T16:00:00+00:00,8678.91,8684.9,8678.9,8684.4,131
2026-07-08T16:05:00+00:00,8684.4,8689.91,8684.39,8689.9,183
2026-07-08T16:10:00+00:00,8689.9,8694.91,8689.9,8692.4,167
2026-07-08T16:15:00+00:00,8692.4,8696.39,8689.9,8695.91,133
2026-07-08T16:20:00+00:00,8695.91,8699.4,8695.89,8695.89,148
2026-07-08T16:25:00+00:00,8695.89,8702.41,8695.89,8699.4,150
2026-07-08T16:30:00+00:00,8699.4,8705.41,8696.39,8696.9,156
2026-07-08T16:35:00+00:00,8696.9,8705.91,8695.39,8704.4,227
2026-07-08T16:40:00+00:00,8704.4,8717.9,8701.39,8716.91,443
2026-07-08T16:45:00+00:00,8716.91,8719.4,8713.89,8718.9,203
2026-07-08T16:50:00+00:00,8718.9,8720.41,8716.39,8718.41,178
2026-07-08T16:55:00+00:00,8718.41,8723.4,8718.39,8722.4,114
2026-07-08T17:00:00+00:00,8722.4,8722.9,8718.89,8721.89,132
2026-07-08T17:05:00+00:00,8721.89,8726.41,8719.91,8720.41,104
2026-07-08T17:10:00+00:00,8720.41,8722.4,8716.89,8716.89,71
2026-07-08T17:15:00+00:00,8716.89,8725.91,8716.89,8724.9,81
2026-07-08T17:20:00+00:00,8724.9,8727.4,8723.89,8726.41,89
2026-07-08T17:25:00+00:00,8726.41,8728.9,8724.89,8727.4,103
2026-07-08T17:30:00+00:00,8727.4,8729.91,8725.89,8726.39,81
2026-07-08T17:35:00+00:00,8726.39,8726.91,8725.39,8725.91,50
2026-07-08T17:40:00+00:00,8725.91,8725.91,8722.91,8723.9,26
2026-07-08T17:45:00+00:00,8723.9,8724.89,8720.39,8721.41,79
2026-07-08T17:50:00+00:00,8721.41,8724.89,8720.41,8721.91,67
2026-07-08T17:55:00+00:00,8721.91,8721.91,8718.39,8720.9,46
2026-07-08T18:00:00+00:00,8720.9,8729.91,8717.4,8727.89,304
2026-07-08T18:05:00+00:00,8727.89,8728.91,8724.89,8728.39,87
2026-07-08T18:10:00+00:00,8728.39,8731.4,8726.41,8730.4,91
2026-07-08T18:15:00+00:00,8730.4,8730.9,8725.39,8727.89,92
2026-07-08T18:20:00+00:00,8727.89,8729.91,8725.89,8725.89,76
2026-07-08T18:25:00+00:00,8725.89,8729.89,8725.89,8725.89,74
2026-07-08T18:30:00+00:00,8725.89,8726.89,8721.89,8722.9,83
2026-07-08T18:35:00+00:00,8722.9,8727.41,8721.89,8725.89,94
2026-07-08T18:40:00+00:00,8725.89,8726.91,8722.89,8726.91,61
2026-07-08T18:45:00+00:00,8726.91,8730.9,8725.9,8729.89,65
2026-07-08T18:50:00+00:00,8729.89,8730.9,8726.91,8727.9,70
2026-07-08T18:55:00+00:00,8727.9,8728.9,8725.89,8728.9,44
2026-07-08T19:00:00+00:00,8728.9,8732.89,8728.89,8729.9,88
2026-07-08T19:05:00+00:00,8729.9,8733.89,8728.89,8733.89,76
2026-07-08T19:10:00+00:00,8733.89,8733.89,8729.89,8730.41,48
2026-07-08T19:15:00+00:00,8730.41,8730.41,8728.39,8728.39,44
2026-07-08T19:20:00+00:00,8728.39,8730.41,8728.39,8728.91,38
2026-07-08T19:25:00+00:00,8728.91,8730.4,8727.89,8730.4,54
2026-07-08T19:30:00+00:00,8730.4,8730.4,8725.4,8725.4,51
2026-07-08T19:35:00+00:00,8725.4,8727.91,8723.9,8727.89,36
2026-07-08T19:40:00+00:00,8727.89,8728.91,8725.89,8728.91,44
2026-07-08T19:45:00+00:00,8728.91,8728.91,8722.89,8724.91,104
2026-07-08T19:50:00+00:00,8724.91,8739.91,8724.39,8737.91,211
2026-07-08T19:55:00+00:00,8737.91,8738.91,8730.89,8731.9,296
2026-07-08T20:00:00+00:00,8731.9,8731.9,8728.4,8730.4,32
2026-07-08T20:05:00+00:00,8730.4,8730.41,8728.89,8730.41,18
2026-07-08T20:10:00+00:00,8730.41,8730.41,8727.89,8728.39,32
2026-07-08T20:15:00+00:00,8728.39,8728.4,8725.91,8725.91,14.124031007751938
2026-07-08T20:20:00+00:00,8725.91,8726.41,8723.9,8723.9,15
2026-07-08T20:25:00+00:00,8723.9,8725.41,8723.41,8723.41,9.832640949554897
2026-07-08T20:30:00+00:00,8723.41,8724.4,8722.41,8723.39,14
2026-07-08T20:35:00+00:00,8723.39,8723.39,8718.41,8720.89,17
2026-07-08T20:40:00+00:00,8720.89,8723.91,8720.89,8721.89,19
2026-07-08T20:45:00+00:00,8721.89,8722.4,8720.41,8720.9,12
2026-07-08T20:50:00+00:00,8720.9,8724.41,8720.39,8723.91,27
2026-07-08T20:55:00+00:00,8723.91,8726.41,8723.41,8725.69,25.727148703956345
2026-07-08T23:00:00+00:00,8723.31,8725.31,8720.31,8721.31,48.639720430318015
2026-07-08T23:05:00+00:00,8721.31,8724.31,8721.31,8723.31,36.18013786611869
2026-07-08T23:10:00+00:00,8723.31,8725.31,8708.31,8711.31,52.12953051362248
2026-07-08T23:15:00+00:00,8711.31,8713.31,8709.31,8709.31,34.98783218417019
2026-07-08T23:20:00+00:00,8709.31,8709.31,8705.31,8707.31,40.317733847055635
2026-07-08T23:25:00+00:00,8707.31,8711.31,8705.31,8710.31,80.26716332114393
2026-07-08T23:30:00+00:00,8710.31,8714.31,8703.31,8714.31,106.63496522919837
2026-07-08T23:35:00+00:00,8714.31,8722.31,8712.31,8719.31,169.0687267840895
2026-07-08T23:40:00+00:00,8719.31,8728.31,8719.31,8723.31,108.66226553556763
2026-07-08T23:45:00+00:00,8723.31,8733.31,8709.68,8713.68,362.18982735083193
2026-07-08T23:50:00+00:00,8713.68,8713.68,8694.39,8700.41,101.17973231357553
2026-07-08T23:55:00+00:00,8700.41,8705.41,8698.89,8699.4,147
2026-07-09T00:00:00+00:00,8699.4,8711.789999999999,8692.8,8708.81,460
2026-07-09T00:05:00+00:00,8708.81,8708.81,8695.3,8696.789999999999,292
2026-07-09T00:10:00+00:00,8696.789999999999,8702.3,8692.789999999999,8700.8,164
2026-07-09T00:15:00+00:00,8700.8,8701.81,8691.789999999999,8691.81,129
2026-07-09T00:20:00+00:00,8691.81,8700.81,8687.289999999999,8698.289999999999,169
2026-07-09T00:25:00+00:00,8698.289999999999,8701.81,8696.789999999999,8701.3,113
2026-07-09T00:30:00+00:00,8701.3,8703.3,8689.289999999999,8689.3,197
2026-07-09T00:35:00+00:00,8689.3,8703.789999999999,8687.789999999999,8700.289999999999,120
2026-07-09T00:40:00+00:00,8700.289999999999,8704.81,8694.31,8704.8,104
2026-07-09T00:45:00+00:00,8704.8,8715.31,8703.289999999999,8714.81,95
2026-07-09T00:50:00+00:00,8714.81,8714.81,8701.289999999999,8701.289999999999,97
2026-07-09T00:55:00+00:00,8701.289999999999,8711.31,8701.289999999999,8710.789999999999,113
2026-07-09T01:00:00+00:00,8710.789999999999,8710.789999999999,8701.3,8703.81,162
2026-07-09T01:05:00+00:00,8703.81,8719.31,8702.8,8717.789999999999,123
2026-07-09T01:10:00+00:00,8717.789999999999,8720.8,8714.289999999999,8717.31,105
2026-07-09T01:15:00+00:00,8717.31,8722.31,8715.289999999999,8721.81,133
2026-07-09T01:20:00+00:00,8721.81,8721.81,8710.3,8710.8,94
2026-07-09T01:25:00+00:00,8710.8,8713.81,8708.289999999999,8713.8,116
2026-07-09T01:30:00+00:00,8713.8,8714.31,8708.31,8710.3,113
2026-07-09T01:35:00+00:00,8710.3,8713.81,8708.289999999999,8708.8,166
2026-07-09T01:40:00+00:00,8708.8,8720.3,8707.789999999999,8719.289999999999,93
2026-07-09T01:45:00+00:00,8719.289999999999,8725.81,8719.289999999999,8723.789999999999,125
2026-07-09T01:50:00+00:00,8723.789999999999,8723.81,8715.8,8715.8,112
2026-07-09T01:55:00+00:00,8715.8,8717.289999999999,8709.289999999999,8712.289999999999,158
2026-07-09T02:00:00+00:00,8712.289999999999,8714.81,8709.3,8714.289999999999,206
2026-07-09T02:05:00+00:00,8714.289999999999,8722.31,8711.31,8722.289999999999,198
2026-07-09T02:10:00+00:00,8722.289999999999,8729.3,8720.289999999999,8729.289999999999,146
2026-07-09T02:15:00+00:00,8729.289999999999,8733.31,8727.289999999999,8732.789999999999,97
2026-07-09T02:20:00+00:00,8732.789999999999,8734.31,8728.289999999999,8731.8,93
2026-07-09T02:25:00+00:00,8731.8,8732.81,8729.289999999999,8729.81,105
2026-07-09T02:30:00+00:00,8729.81,8733.3,8729.289999999999,8731.289999999999,70
2026-07-09T02:35:00+00:00,8731.289999999999,8731.289999999999,8722.3,8723.289999999999,118
2026-07-09T02:40:00+00:00,8723.289999999999,8723.31,8713.789999999999,8713.8,82
2026-07-09T02:45:00+00:00,8713.8,8714.31,8710.789999999999,8713.289999999999,90
2026-07-09T02:50:00+00:00,8713.289999999999,8713.31,8705.289999999999,8705.289999999999,125
2026-07-09T02:55:00+00:00,8705.289999999999,8711.289999999999,8704.289999999999,8704.789999999999,124
2026-07-09T03:00:00+00:00,8704.789999999999,8705.31,8701.289999999999,8704.3,109
2026-07-09T03:05:00+00:00,8704.3,8708.31,8703.31,8706.289999999999,142
2026-07-09T03:10:00+00:00,8706.289999999999,8706.3,8701.289999999999,8702.8,112
2026-07-09T03:15:00+00:00,8702.8,8704.3,8700.3,8704.3,86
2026-07-09T03:20:00+00:00,8704.3,8705.3,8701.789999999999,8703.3,114
2026-07-09T03:25:00+00:00,8703.3,8710.31,8703.3,8708.789999999999,83
2026-07-09T03:30:00+00:00,8708.789999999999,8716.789999999999,8708.789999999999,8714.289999999999,131
2026-07-09T03:35:00+00:00,8714.289999999999,8715.31,8713.289999999999,8713.3,89
2026-07-09T03:40:00+00:00,8713.3,8718.31,8712.289999999999,8718.31,78
2026-07-09T03:45:00+00:00,8718.31,8722.31,8717.289999999999,8720.31,47
2026-07-09T03:50:00+00:00,8720.31,8723.31,8719.8,8723.3,96
2026-07-09T03:55:00+00:00,8723.3,8728.3,8722.8,8723.81,77
2026-07-09T04:00:00+00:00,8723.81,8728.789999999999,8722.289999999999,8723.289999999999,77
2026-07-09T04:05:00+00:00,8723.289999999999,8725.81,8722.3,8725.8,57
2026-07-09T04:10:00+00:00,8725.8,8733.31,8724.289999999999,8733.31,70
2026-07-09T04:15:00+00:00,8733.31,8735.3,8731.3,8732.31,77
2026-07-09T04:20:00+00:00,8732.31,8732.31,8727.289999999999,8727.81,51
2026-07-09T04:25:00+00:00,8727.81,8730.3,8726.789999999999,8728.81,79
2026-07-09T04:30:00+00:00,8728.81,8736.81,8728.31,8735.289999999999,68
2026-07-09T04:35:00+00:00,8735.289999999999,8736.789999999999,8733.289999999999,8735.789999999999,61
2026-07-09T04:40:00+00:00,8735.789999999999,8737.31,8733.3,8733.3,43
2026-07-09T04:45:00+00:00,8733.3,8736.31,8731.3,8731.8,82
2026-07-09T04:50:00+00:00,8731.8,8734.3,8731.289999999999,8733.31,49
2026-07-09T04:55:00+00:00,8733.31,8733.31,8730.289999999999,8730.789999999999,68
2026-07-09T05:00:00+00:00,8730.789999999999,8732.31,8727.3,8729.3,73
2026-07-09T05:05:00+00:00,8729.3,8729.3,8724.289999999999,8726.289999999999,51
2026-07-09T05:10:00+00:00,8726.289999999999,8739.3,8726.289999999999,8735.8,291
2026-07-09T05:15:00+00:00,8735.8,8737.289999999999,8726.789999999999,8729.289999999999,173
2026-07-09T05:20:00+00:00,8729.289999999999,8729.31,8726.789999999999,8728.289999999999,63
2026-07-09T05:25:00+00:00,8728.289999999999,8732.31,8727.81,8729.789999999999,48
2026-07-09T05:30:00+00:00,8729.789999999999,8733.8,8726.289999999999,8733.289999999999,90
2026-07-09T05:35:00+00:00,8733.289999999999,8735.31,8732.289999999999,8735.31,96
2026-07-09T05:40:00+00:00,8735.31,8736.31,8734.289999999999,8735.8,86
2026-07-09T05:45:00+00:00,8735.8,8741.81,8735.8,8741.3,46
2026-07-09T05:50:00+00:00,8741.3,8744.31,8741.289999999999,8743.3,120
2026-07-09T05:55:00+00:00,8743.3,8746.31,8742.289999999999,8746.289999999999,105
2026-07-09T06:00:00+00:00,8746.289999999999,8750.4,8744.41,8746.89,102
2026-07-09T06:05:00+00:00,8746.89,8747.91,8739.89,8741.89,121
2026-07-09T06:10:00+00:00,8741.89,8744.41,8738.9,8742.89,128
2026-07-09T06:15:00+00:00,8742.89,8747.91,8742.89,8746.91,111
2026-07-09T06:20:00+00:00,8746.91,8747.9,8744.89,8744.91,57
2026-07-09T06:25:00+00:00,8744.91,8748.91,8743.89,8747.199999999999,104
2026-07-09T07:10:00+00:00,8760.71,8760.71,8751.41,8754.92,123
2026-07-09T07:15:00+00:00,8754.92,8760.9,8754.92,8758.4,45
2026-07-09T07:20:00+00:00,8758.4,8758.42,8751.4,8756.42,43
2026-07-09T07:25:00+00:00,8756.42,8757.92,8753.92,8753.92,61
2026-07-09T07:30:00+00:00,8753.92,8760.92,8752.42,8758.4,70
2026-07-09T07:35:00+00:00,8758.4,8759.42,8752.4,8753.92,63
2026-07-09T07:40:00+00:00,8753.92,8761.41,8751.41,8761.41,59
2026-07-09T07:45:00+00:00,8761.41,8762.92,8760.4,8761.4,78
2026-07-09T07:50:00+00:00,8761.4,8763.41,8757.4,8757.4,52
2026-07-09T07:55:00+00:00,8757.4,8757.41,8750.4,8755.41,109
2026-07-09T08:00:00+00:00,8755.41,8756.42,8749.92,8755.41,144
2026-07-09T08:05:00+00:00,8755.41,8758.9,8754.9,8757.41,87
2026-07-09T08:10:00+00:00,8757.41,8759.42,8756.4,8756.41,81
2026-07-09T08:15:00+00:00,8756.41,8760.42,8753.9,8756.92,68
2026-07-09T08:20:00+00:00,8756.92,8757.91,8755.4,8755.41,65
2026-07-09T08:25:00+00:00,8755.41,8757.91,8754.41,8757.41,59
2026-07-09T08:30:00+00:00,8757.41,8760.91,8750.42,8751.4,86
2026-07-09T08:35:00+00:00,8751.4,8753.41,8747.9,8747.9,76
2026-07-09T08:40:00+00:00,8747.9,8749.42,8747.4,8748.9,53
2026-07-09T08:45:00+00:00,8748.9,8751.42,8742.41,8742.42,58
2026-07-09T08:50:00+00:00,8742.42,8745.4,8738.4,8744.41,79
2026-07-09T08:55:00+00:00,8744.41,8745.42,8740.9,8742.41,89
2026-07-09T09:00:00+00:00,8742.41,8742.92,8738.4,8740.41,96
2026-07-09T09:05:00+00:00,8740.41,8744.42,8738.42,8741.4,84
2026-07-09T09:10:00+00:00,8741.4,8741.92,8739.41,8739.41,61
2026-07-09T09:15:00+00:00,8739.41,8740.41,8736.4,8736.9,72
2026-07-09T09:20:00+00:00,8736.9,8739.42,8736.4,8736.42,63
2026-07-09T09:25:00+00:00,8736.42,8738.42,8735.4,8736.42,68
2026-07-09T09:30:00+00:00,8736.42,8736.42,8729.92,8730.91,75
2026-07-09T09:35:00+00:00,8730.91,8731.42,8727.4,8728.9,59
2026-07-09T09:40:00+00:00,8728.9,8728.92,8720.41,8722.9,142
2026-07-09T09:45:00+00:00,8722.9,8726.42,8722.9,8723.91,93
2026-07-09T09:50:00+00:00,8723.91,8729.41,8723.91,8728.92,95
2026-07-09T09:55:00+00:00,8728.92,8730.42,8727.9,8729.4,71
2026-07-09T10:00:00+00:00,8729.4,8729.42,8725.92,8729.4,77
2026-07-09T10:05:00+00:00,8729.4,8731.42,8726.9,8728.4,79
2026-07-09T10:10:00+00:00,8728.4,8730.92,8726.4,8728.92,81
2026-07-09T10:15:00+00:00,8728.92,8732.42,8727.9,8731.4,82
2026-07-09T10:20:00+00:00,8731.4,8733.92,8730.41,8732.41,48
2026-07-09T10:25:00+00:00,8732.41,8732.41,8726.42,8728.42,38
2026-07-09T10:30:00+00:00,8728.42,8728.42,8723.41,8726.42,74
2026-07-09T10:35:00+00:00,8726.42,8729.42,8725.91,8727.41,65
2026-07-09T10:40:00+00:00,8727.41,8728.91,8724.91,8728.42,61
2026-07-09T10:45:00+00:00,8728.42,8728.92,8720.91,8721.42,105
2026-07-09T10:50:00+00:00,8721.42,8721.42,8712.9,8717.42,197
2026-07-09T10:55:00+00:00,8717.42,8722.4,8712.4,8722.4,189
2026-07-09T11:00:00+00:00,8722.4,8727.92,8721.41,8725.41,134
2026-07-09T11:05:00+00:00,8725.41,8725.92,8717.4,8722.42,77
2026-07-09T11:10:00+00:00,8722.42,8726.92,8721.9,8726.4,69
2026-07-09T11:15:00+00:00,8726.4,8726.4,8721.4,8721.41,28
2026-07-09T11:20:00+00:00,8721.41,8724.9,8716.42,8716.92,99
2026-07-09T11:25:00+00:00,8716.92,8720.42,8714.92,8716.91,71
2026-07-09T11:30:00+00:00,8716.91,8722.9,8715.42,8719.91,137
2026-07-09T11:35:00+00:00,8719.91,8727.91,8717.91,8727.41,125
2026-07-09T11:40:00+00:00,8727.41,8728.92,8724.4,8726.41,98
2026-07-09T11:45:00+00:00,8726.41,8729.42,8724.9,8729.41,114
2026-07-09T11:50:00+00:00,8729.41,8733.91,8726.42,8728.92,96
2026-07-09T11:55:00+00:00,8728.92,8731.42,8728.9,8729.9,50
2026-07-09T12:00:00+00:00,8729.9,8731.92,8727.9,8729.91,85
2026-07-09T12:05:00+00:00,8729.91,8734.92,8726.92,8732.4,110
2026-07-09T12:10:00+00:00,8732.4,8733.42,8729.9,8731.4,107
2026-07-09T12:15:00+00:00,8731.4,8733.9,8730.4,8732.92,85
2026-07-09T12:20:00+00:00,8732.92,8733.4,8729.4,8733.4,58
2026-07-09T12:25:00+00:00,8733.4,8735.42,8732.41,8734.41,38.94227923038974
2026-07-09T12:30:00+00:00,8734.41,8741.42,8733.4,8741.42,90
2026-07-09T12:35:00+00:00,8741.42,8746.41,8739.4,8745.41,72
2026-07-09T12:40:00+00:00,8745.41,8745.91,8736.4,8737.41,70
2026-07-09T12:45:00+00:00,8737.41,8738.41,8732.92,8736.92,127
2026-07-09T12:50:00+00:00,8736.92,8739.42,8736.91,8737.41,56
2026-07-09T12:55:00+00:00,8737.41,8738.4,8734.92,8735.92,57
2026-07-09T13:00:00+00:00,8735.92,8744.41,8735.92,8744.41,70
2026-07-09T13:05:00+00:00,8744.41,8746.92,8742.4,8746.4,91
2026-07-09T13:10:00+00:00,8746.4,8746.91,8743.9,8745.42,67
2026-07-09T13:15:00+00:00,8745.42,8752.42,8744.92,8752.42,99
2026-07-09T13:20:00+00:00,8752.42,8752.42,8748.9,8752.4,65
2026-07-09T13:25:00+00:00,8752.4,8754.92,8750.42,8753.9,75
2026-07-09T13:30:00+00:00,8753.9,8758.41,8748.91,8756.42,283
2026-07-09T13:35:00+00:00,8756.42,8760.92,8749.91,8751.91,132
2026-07-09T13:40:00+00:00,8751.91,8763.4,8749.4,8762.92,127
2026-07-09T13:45:00+00:00,8762.92,8765.9,8758.42,8760.4,154
2026-07-09T13:50:00+00:00,8760.4,8765.42,8758.9,8762.4,103
2026-07-09T13:55:00+00:00,8762.4,8764.92,8755.42,8755.42,77
2026-07-09T14:00:00+00:00,8755.42,8762.42,8754.41,8757.4,117
2026-07-09T14:05:00+00:00,8757.4,8759.92,8752.9,8752.9,122
2026-07-09T14:10:00+00:00,8752.9,8758.41,8751.4,8756.4,166
2026-07-09T14:15:00+00:00,8756.4,8756.91,8749.4,8752.42,283
2026-07-09T14:20:00+00:00,8752.42,8755.42,8747.9,8754.42,195
2026-07-09T14:25:00+00:00,8754.42,8761.42,8753.4,8759.42,205
2026-07-09T14:30:00+00:00,8759.42,8761.42,8757.4,8761.42,208
2026-07-09T14:35:00+00:00,8761.42,8762.92,8756.9,8759.9,145
2026-07-09T14:40:00+00:00,8759.9,8762.91,8756.9,8760.4,137
2026-07-09T14:45:00+00:00,8760.4,8765.42,8759.91,8760.9,58
2026-07-09T14:50:00+00:00,8760.9,8761.42,8756.42,8760.41,247
2026-07-09T14:55:00+00:00,8760.41,8771.91,8759.91,8771.4,165
2026-07-09T15:00:00+00:00,8771.4,8774.92,8771.4,8773.92,67
2026-07-09T15:05:00+00:00,8773.92,8775.92,8772.41,8772.9,45
2026-07-09T15:10:00+00:00,8772.9,8774.91,8767.9,8769.9,48
2026-07-09T15:15:00+00:00,8769.9,8770.92,8763.42,8764.4,54
2026-07-09T15:20:00+00:00,8764.4,8766.91,8762.4,8765.91,67
2026-07-09T15:25:00+00:00,8765.91,8769.42,8765.41,8768.92,68
2026-07-09T15:30:00+00:00,8768.92,8769.41,8761.92,8764.9,112
2026-07-09T15:35:00+00:00,8764.9,8765.41,8761.41,8763.4,95
2026-07-09T15:40:00+00:00,8763.4,8767.92,8761.9,8767.41,63
2026-07-09T15:45:00+00:00,8767.41,8768.42,8766.4,8766.4,74
2026-07-09T15:50:00+00:00,8766.4,8768.9,8764.41,8765.4,51
2026-07-09T15:55:00+00:00,8765.4,8766.42,8764.4,8764.9,42
2026-07-09T16:00:00+00:00,8764.9,8769.92,8764.9,8769.41,34
2026-07-09T16:05:00+00:00,8769.41,8772.4,8769.41,8771.42,46
2026-07-09T16:10:00+00:00,8771.42,8771.42,8768.4,8769.41,28
2026-07-09T16:15:00+00:00,8769.41,8770.92,8768.4,8769.92,29
2026-07-09T16:20:00+00:00,8769.92,8770.4,8767.9,8767.9,42
2026-07-09T16:25:00+00:00,8767.9,8768.42,8766.4,8768.41,29
2026-07-09T16:30:00+00:00,8768.41,8770.42,8767.9,8768.92,31
2026-07-09T16:35:00+00:00,8768.92,8770.92,8767.91,8768.4,41
2026-07-09T16:40:00+00:00,8768.4,8768.91,8767.41,8768.42,18.858635097493035
2026-07-09T16:45:00+00:00,8768.42,8769.91,8766.9,8767.4,30.289915966386555
2026-07-09T16:50:00+00:00,8767.4,8769.42,8767.4,8769.42,12
2026-07-09T16:55:00+00:00,8769.42,8769.42,8766.4,8767.91,41
2026-07-09T17:00:00+00:00,8767.91,8771.42,8767.91,8770.4,24
2026-07-09T17:05:00+00:00,8770.4,8772.92,8769.9,8772.4,29
2026-07-09T17:10:00+00:00,8772.4,8772.42,8769.42,8770.9,19
2026-07-09T17:15:00+00:00,8770.9,8772.41,8770.41,8772.4,27
2026-07-09T17:20:00+00:00,8772.4,8772.42,8771.41,8772.41,10.963855421686747
2026-07-09T17:25:00+00:00,8772.41,8774.42,8772.4,8774.42,32
2026-07-09T17:30:00+00:00,8774.42,8774.92,8772.4,8773.42,29
2026-07-09T17:35:00+00:00,8773.42,8774.92,8773.4,8773.9,29
2026-07-09T17:40:00+00:00,8773.9,8775.42,8772.4,8774.42,22
2026-07-09T17:45:00+00:00,8774.42,8777.42,8774.4,8777.41,17
2026-07-09T17:50:00+00:00,8777.41,8777.42,8774.9,8774.92,13
2026-07-09T17:55:00+00:00,8774.92,8775.41,8772.41,8774.92,25
2026-07-09T18:00:00+00:00,8774.92,8775.42,8772.4,8772.4,25
2026-07-09T18:05:00+00:00,8772.4,8774.42,8771.9,8773.4,36
2026-07-09T18:10:00+00:00,8773.4,8774.42,8772.41,8773.42,22
2026-07-09T18:15:00+00:00,8773.42,8773.42,8772.4,8772.41,58
2026-07-09T18:20:00+00:00,8772.41,8772.41,8769.4,8769.4,47
2026-07-09T18:25:00+00:00,8769.4,8770.42,8768.4,8769.41,63
2026-07-09T18:30:00+00:00,8769.41,8771.41,8768.4,8771.41,41.77272727272727
2026-07-09T18:35:00+00:00,8771.41,8771.42,8768.4,8768.4,38
2026-07-09T18:40:00+00:00,8768.4,8771.42,8768.4,8770.42,44
2026-07-09T18:45:00+00:00,8770.42,8770.42,8768.4,8768.42,26
2026-07-09T18:50:00+00:00,8768.42,8770.4,8767.92,8769.4,15
2026-07-09T18:55:00+00:00,8769.4,8770.42,8768.4,8769.42,30.24172517552658
2026-07-09T19:00:00+00:00,8769.42,8770.42,8766.4,8766.9,54
2026-07-09T19:05:00+00:00,8766.9,8767.42,8765.41,8765.42,24
2026-07-09T19:10:00+00:00,8765.42,8765.42,8762.9,8763.42,33
2026-07-09T19:15:00+00:00,8763.42,8765.4,8763.42,8764.41,15
2026-07-09T19:20:00+00:00,8764.41,8765.4,8763.9,8765.4,18
2026-07-09T19:25:00+00:00,8765.4,8765.41,8763.4,8763.42,8
2026-07-09T19:30:00+00:00,8763.42,8763.42,8759.4,8760.4,29
2026-07-09T19:35:00+00:00,8760.4,8760.92,8759.4,8759.42,17
2026-07-09T19:40:00+00:00,8759.42,8764.42,8759.42,8764.41,33
2026-07-09T19:45:00+00:00,8764.41,8765.41,8761.91,8761.91,27.81967213114754
2026-07-09T19:50:00+00:00,8761.91,8762.41,8758.4,8758.4,47
2026-07-09T19:55:00+00:00,8758.4,8766.92,8758.4,8764.4,148
2026-07-09T20:00:00+00:00,8764.4,8764.4,8761.4,8764.4,21.581818181818182
2026-07-09T20:05:00+00:00,8764.4,8766.42,8764.4,8765.91,15
2026-07-09T20:10:00+00:00,8765.91,8765.92,8765.4,8765.91,14.307929969104016
2026-07-09T20:15:00+00:00,8765.91,8765.91,8765.4,8765.4,6.938155136268344
2026-07-09T20:20:00+00:00,8765.4,8765.42,8762.42,8763.4,34
2026-07-09T20:25:00+00:00,8763.4,8763.41,8762.4,8762.41,13.97499134899816
2026-07-09T20:30:00+00:00,8762.41,8763.42,8762.4,8763.41,10.32409381663113
2026-07-09T20:35:00+00:00,8763.41,8763.42,8762.42,8762.9,8
2026-07-09T20:40:00+00:00,8762.9,8763.41,8762.4,8762.4,12.618378378378377
2026-07-09T20:45:00+00:00,8762.4,8762.4,8760.41,8761.91,24.304157549234134
2026-07-09T20:50:00+00:00,8761.91,8761.91,8759.4,8760.91,19
2026-07-09T20:55:00+00:00,8760.91,8766.22,8760.41,8766.2,19
2026-07-09T23:00:00+00:00,8758.01,8761.01,8754.01,8761.01,28.155990727396546
2026-07-09T23:05:00+00:00,8761.01,8765.01,8761.01,8765.01,25.323156341417306
2026-07-09T23:10:00+00:00,8765.01,8766.01,8760.01,8761.01,24.072153748639224
2026-07-09T23:15:00+00:00,8761.01,8764.01,8760.01,8764.01,20.15794133631397
2026-07-09T23:20:00+00:00,8764.01,8767.01,8763.01,8766.01,29.947001364742444
2026-07-09T23:25:00+00:00,8766.01,8766.01,8756.01,8758.01,62.201422938012776
2026-07-09T23:30:00+00:00,8758.01,8760.01,8753.01,8758.01,40.275398475926394
2026-07-09T23:35:00+00:00,8758.01,8761.01,8758.01,8760.01,25.293262170790104
2026-07-09T23:40:00+00:00,8760.01,8764.01,8758.01,8760.01,58.154933370854344
2026-07-09T23:45:00+00:00,8760.01,8767.01,8752.01,8756.01,194.90660280259488
2026-07-09T23:50:00+00:00,8756.01,8757.01,8740.119999999999,8745.63,70.00504201680673
2026-07-09T23:55:00+00:00,8745.63,8750.14,8744.63,8748.13,80.12082957619478
2026-07-10T00:00:00+00:00,8748.13,8751.519999999999,8739.529999999999,8743.019999999999,309
2026-07-10T00:05:00+00:00,8743.019999999999,8751.039999999999,8742.019999999999,8748.029999999999,290
2026-07-10T00:10:00+00:00,8748.029999999999,8751.029999999999,8740.019999999999,8742.039999999999,275
2026-07-10T00:15:00+00:00,8742.039999999999,8746.539999999999,8738.039999999999,8739.039999999999,154
2026-07-10T00:20:00+00:00,8739.039999999999,8746.529999999999,8737.019999999999,8746.529999999999,101
2026-07-10T00:25:00+00:00,8746.529999999999,8753.029999999999,8744.019999999999,8745.019999999999,163
2026-07-10T00:30:00+00:00,8745.019999999999,8745.019999999999,8738.019999999999,8740.039999999999,96
2026-07-10T00:35:00+00:00,8740.039999999999,8743.519999999999,8737.519999999999,8741.029999999999,83
2026-07-10T00:40:00+00:00,8741.029999999999,8752.019999999999,8741.019999999999,8749.029999999999,77
2026-07-10T00:45:00+00:00,8749.029999999999,8758.039999999999,8749.029999999999,8755.519999999999,79
2026-07-10T00:50:00+00:00,8755.519999999999,8755.539999999999,8748.039999999999,8755.029999999999,58
2026-07-10T00:55:00+00:00,8755.029999999999,8761.039999999999,8755.029999999999,8758.519999999999,72
2026-07-10T01:00:00+00:00,8758.519999999999,8765.539999999999,8758.519999999999,8765.519999999999,71
2026-07-10T01:05:00+00:00,8765.519999999999,8770.039999999999,8763.029999999999,8768.529999999999,72
2026-07-10T01:10:00+00:00,8768.529999999999,8768.529999999999,8763.029999999999,8766.539999999999,64
2026-07-10T01:15:00+00:00,8766.539999999999,8772.029999999999,8765.029999999999,8772.029999999999,78
2026-07-10T01:20:00+00:00,8772.029999999999,8774.539999999999,8768.029999999999,8774.539999999999,46
2026-07-10T01:25:00+00:00,8774.539999999999,8774.539999999999,8771.029999999999,8773.539999999999,45
2026-07-10T01:30:00+00:00,8773.539999999999,8783.029999999999,8771.529999999999,8781.519999999999,90
2026-07-10T01:35:00+00:00,8781.519999999999,8783.539999999999,8780.019999999999,8783.519999999999,35
2026-07-10T01:40:00+00:00,8783.519999999999,8788.039999999999,8783.519999999999,8786.529999999999,43
2026-07-10T01:45:00+00:00,8786.529999999999,8794.529999999999,8786.529999999999,8792.029999999999,47
2026-07-10T01:50:00+00:00,8792.029999999999,8794.039999999999,8790.029999999999,8794.039999999999,34
2026-07-10T01:55:00+00:00,8794.039999999999,8796.039999999999,8793.529999999999,8794.019999999999,31
2026-07-10T02:00:00+00:00,8794.019999999999,8797.529999999999,8793.519999999999,8797.529999999999,37
2026-07-10T02:05:00+00:00,8797.529999999999,8799.539999999999,8795.019999999999,8798.529999999999,45
2026-07-10T02:10:00+00:00,8798.529999999999,8802.019999999999,8798.529999999999,8801.539999999999,16
2026-07-10T02:15:00+00:00,8801.539999999999,8809.539999999999,8801.019999999999,8808.019999999999,31
2026-07-10T02:20:00+00:00,8808.019999999999,8809.039999999999,8803.039999999999,8804.039999999999,33
2026-07-10T02:25:00+00:00,8804.039999999999,8804.539999999999,8799.529999999999,8801.039999999999,31
2026-07-10T02:30:00+00:00,8801.039999999999,8805.019999999999,8800.519999999999,8804.039999999999,39.09972008397481
2026-07-10T02:35:00+00:00,8804.039999999999,8806.539999999999,8802.029999999999,8806.539999999999,23
2026-07-10T02:40:00+00:00,8806.539999999999,8811.039999999999,8806.539999999999,8809.029999999999,24
2026-07-10T02:45:00+00:00,8809.029999999999,8810.539999999999,8807.519999999999,8810.529999999999,20
2026-07-10T02:50:00+00:00,8810.529999999999,8812.039999999999,8808.039999999999,8811.029999999999,42
2026-07-10T02:55:00+00:00,8811.029999999999,8812.039999999999,8808.029999999999,8810.019999999999,30
2026-07-10T03:00:00+00:00,8810.019999999999,8810.019999999999,8806.039999999999,8807.039999999999,23.027027027027028
2026-07-10T03:05:00+00:00,8807.039999999999,8808.539999999999,8806.519999999999,8807.029999999999,17.058212058212057
2026-07-10T03:10:00+00:00,8807.029999999999,8807.039999999999,8801.029999999999,8801.029999999999,29
2026-07-10T03:15:00+00:00,8801.029999999999,8801.539999999999,8796.519999999999,8797.519999999999,28
2026-07-10T03:20:00+00:00,8797.519999999999,8799.029999999999,8794.519999999999,8796.039999999999,34
2026-07-10T03:25:00+00:00,8796.039999999999,8799.529999999999,8796.019999999999,8797.519999999999,43
2026-07-10T03:30:00+00:00,8797.519999999999,8801.529999999999,8797.519999999999,8799.039999999999,38
2026-07-10T03:35:00+00:00,8799.039999999999,8799.539999999999,8795.519999999999,8798.529999999999,27
2026-07-10T03:40:00+00:00,8798.529999999999,8799.539999999999,8796.519999999999,8797.029999999999,25
2026-07-10T03:45:00+00:00,8797.029999999999,8799.529999999999,8796.019999999999,8799.519999999999,27
2026-07-10T03:50:00+00:00,8799.519999999999,8799.529999999999,8794.519999999999,8794.529999999999,18
2026-07-10T03:55:00+00:00,8794.529999999999,8798.039999999999,8794.019999999999,8796.529999999999,36
2026-07-10T04:00:00+00:00,8796.529999999999,8797.039999999999,8794.019999999999,8795.539999999999,23
2026-07-10T04:05:00+00:00,8795.539999999999,8796.029999999999,8792.029999999999,8793.039999999999,26
2026-07-10T04:10:00+00:00,8793.039999999999,8793.039999999999,8789.029999999999,8790.039999999999,42
2026-07-10T04:15:00+00:00,8790.039999999999,8790.539999999999,8787.019999999999,8790.529999999999,26
2026-07-10T04:20:00+00:00,8790.529999999999,8791.039999999999,8784.539999999999,8785.029999999999,23
2026-07-10T04:25:00+00:00,8785.029999999999,8786.539999999999,8784.029999999999,8784.029999999999,20
2026-07-10T04:30:00+00:00,8784.029999999999,8784.529999999999,8781.019999999999,8782.029999999999,44
2026-07-10T04:35:00+00:00,8782.029999999999,8782.539999999999,8780.029999999999,8781.529999999999,23
2026-07-10T04:40:00+00:00,8781.529999999999,8784.039999999999,8781.019999999999,8783.039999999999,50
2026-07-10T04:45:00+00:00,8783.039999999999,8787.039999999999,8783.039999999999,8786.029999999999,19
2026-07-10T04:50:00+00:00,8786.029999999999,8786.029999999999,8780.039999999999,8782.029999999999,27
2026-07-10T04:55:00+00:00,8782.029999999999,8782.029999999999,8777.019999999999,8778.529999999999,38.29650092081032
2026-07-10T05:00:00+00:00,8778.529999999999,8780.029999999999,8776.519999999999,8776.519999999999,93
2026-07-10T05:05:00+00:00,8776.519999999999,8781.539999999999,8776.039999999999,8780.029999999999,34
2026-07-10T05:10:00+00:00,8780.029999999999,8780.029999999999,8778.019999999999,8778.019999999999,21.015151515151516
2026-07-10T05:15:00+00:00,8778.019999999999,8780.539999999999,8778.019999999999,8780.039999999999,45
2026-07-10T05:20:00+00:00,8780.039999999999,8784.039999999999,8780.039999999999,8781.019999999999,28
2026-07-10T05:25:00+00:00,8781.019999999999,8781.029999999999,8778.019999999999,8778.539999999999,27
2026-07-10T05:30:00+00:00,8778.539999999999,8781.539999999999,8777.039999999999,8781.539999999999,16
2026-07-10T05:35:00+00:00,8781.539999999999,8782.519999999999,8776.019999999999,8777.029999999999,35
2026-07-10T05:40:00+00:00,8777.029999999999,8779.029999999999,8776.029999999999,8779.029999999999,26.844355377421508
2026-07-10T05:45:00+00:00,8779.029999999999,8781.539999999999,8779.019999999999,8779.039999999999,33
2026-07-10T05:50:00+00:00,8779.039999999999,8783.039999999999,8779.039999999999,8783.029999999999,38
2026-07-10T05:55:00+00:00,8783.029999999999,8785.039999999999,8782.519999999999,8784.019999999999,58
2026-07-10T06:00:00+00:00,8784.019999999999,8792.63,8782.63,8790.63,108
2026-07-10T06:05:00+00:00,8790.63,8794.14,8790.619999999999,8793.63,109
2026-07-10T06:10:00+00:00,8793.63,8793.64,8790.619999999999,8790.63,62
2026-07-10T06:15:00+00:00,8790.63,8794.14,8789.119999999999,8791.64,45
2026-07-10T06:20:00+00:00,8791.64,8792.63,8784.63,8785.63,56
2026-07-10T06:25:00+00:00,8785.63,8787.14,8780.63,8783.43,133
2026-07-10T07:10:00+00:00,8795.12,8797.83,8788.63,8797.81,130
2026-07-10T07:15:00+00:00,8797.81,8798.83,8794.82,8797.33,64
2026-07-10T07:20:00+00:00,8797.33,8802.33,8797.33,8801.83,57
2026-07-10T07:25:00+00:00,8801.83,8803.33,8798.31,8801.33,76
2026-07-10T07:30:00+00:00,8801.33,8802.83,8800.33,8802.32,74
2026-07-10T07:35:00+00:00,8802.32,8806.83,8802.32,8806.81,58
2026-07-10T07:40:00+00:00,8806.81,8806.83,8802.82,8802.83,59
2026-07-10T07:45:00+00:00,8802.83,8802.83,8796.32,8796.81,66
2026-07-10T07:50:00+00:00,8796.81,8799.33,8796.32,8798.82,43
2026-07-10T07:55:00+00:00,8798.82,8801.33,8798.31,8801.32,36
2026-07-10T08:00:00+00:00,8801.32,8805.33,8800.32,8802.32,159
2026-07-10T08:05:00+00:00,8802.32,8809.31,8799.81,8808.33,90
2026-07-10T08:10:00+00:00,8808.33,8809.83,8804.31,8807.83,91
2026-07-10T08:15:00+00:00,8807.83,8808.32,8805.31,8805.32,73
2026-07-10T08:20:00+00:00,8805.32,8805.83,8800.31,8800.31,74
2026-07-10T08:25:00+00:00,8800.31,8801.81,8797.33,8798.32,83
2026-07-10T08:30:00+00:00,8798.32,8798.32,8794.31,8795.83,68
2026-07-10T08:35:00+00:00,8795.83,8795.83,8792.32,8793.32,86
2026-07-10T08:40:00+00:00,8793.32,8796.33,8792.33,8794.81,60
2026-07-10T08:45:00+00:00,8794.81,8794.82,8791.81,8792.31,47
2026-07-10T08:50:00+00:00,8792.31,8795.32,8791.32,8793.82,42
2026-07-10T08:55:00+00:00,8793.82,8797.32,8793.32,8796.82,40
2026-07-10T09:00:00+00:00,8796.82,8799.81,8794.32,8799.32,132
2026-07-10T09:05:00+00:00,8799.32,8800.33,8798.31,8800.33,29
2026-07-10T09:10:00+00:00,8800.33,8807.31,8800.32,8807.31,70
2026-07-10T09:15:00+00:00,8807.31,8810.31,8807.31,8809.33,66
2026-07-10T09:20:00+00:00,8809.33,8809.33,8806.31,8806.81,40
2026-07-10T09:25:00+00:00,8806.81,8807.33,8804.31,8805.33,30
2026-07-10T09:30:00+00:00,8805.33,8805.83,8804.31,8805.83,41
2026-07-10T09:35:00+00:00,8805.83,8806.33,8803.32,8803.32,57
2026-07-10T09:40:00+00:00,8803.32,8807.32,8803.31,8804.82,49.91794871794872
2026-07-10T09:45:00+00:00,8804.82,8810.33,8804.82,8809.33,29
2026-07-10T09:50:00+00:00,8809.33,8812.83,8808.81,8809.82,42.363337713534825
2026-07-10T09:55:00+00:00,8809.82,8811.33,8808.32,8810.32,31.79761904761905
2026-07-10T10:00:00+00:00,8810.32,8813.32,8810.31,8812.31,50
2026-07-10T10:05:00+00:00,8812.31,8817.33,8812.31,8815.83,22
2026-07-10T10:10:00+00:00,8815.83,8816.33,8812.31,8812.31,37
2026-07-10T10:15:00+00:00,8812.31,8815.33,8810.83,8814.81,33
2026-07-10T10:20:00+00:00,8814.81,8817.33,8814.31,8817.33,52
2026-07-10T10:25:00+00:00,8817.33,8817.33,8815.33,8816.82,27
2026-07-10T10:30:00+00:00,8816.82,8819.33,8816.82,8819.33,20
2026-07-10T10:35:00+00:00,8819.33,8819.33,8815.82,8815.82,19
2026-07-10T10:40:00+00:00,8815.82,8817.31,8813.81,8817.31,28
2026-07-10T10:45:00+00:00,8817.31,8817.31,8815.31,8815.31,42
2026-07-10T10:50:00+00:00,8815.31,8816.33,8813.31,8813.33,26
2026-07-10T10:55:00+00:00,8813.33,8817.83,8813.33,8817.33,35
2026-07-10T11:00:00+00:00,8817.33,8820.33,8817.33,8818.81,109
2026-07-10T11:05:00+00:00,8818.81,8819.33,8813.82,8813.82,36
2026-07-10T11:10:00+00:00,8813.82,8815.32,8813.31,8814.83,29
2026-07-10T11:15:00+00:00,8814.83,8817.31,8814.83,8817.31,31
2026-07-10T11:20:00+00:00,8817.31,8818.31,8816.31,8816.31,20
2026-07-10T11:25:00+00:00,8816.31,8816.82,8811.31,8811.31,58
2026-07-10T11:30:00+00:00,8811.31,8811.82,8806.31,8807.82,80
2026-07-10T11:35:00+00:00,8807.82,8809.33,8806.33,8807.81,115
2026-07-10T11:40:00+00:00,8807.81,8812.33,8807.32,8812.31,64
2026-07-10T11:45:00+00:00,8812.31,8812.83,8807.81,8809.83,51
2026-07-10T11:50:00+00:00,8809.83,8810.82,8806.31,8806.32,50
2026-07-10T11:55:00+00:00,8806.32,8806.83,8803.33,8805.82,32
2026-07-10T12:00:00+00:00,8805.82,8806.83,8801.31,8801.32,60
2026-07-10T12:05:00+00:00,8801.32,8803.32,8798.82,8803.32,83
2026-07-10T12:10:00+00:00,8803.32,8824.83,8803.32,8814.31,378
2026-07-10T12:15:00+00:00,8814.31,8816.33,8810.81,8813.33,187
2026-07-10T12:20:00+00:00,8813.33,8814.33,8810.31,8814.33,110
2026-07-10T12:25:00+00:00,8814.33,8816.33,8812.81,8813.81,85
2026-07-10T12:30:00+00:00,8813.81,8814.33,8809.31,8810.83,102
2026-07-10T12:35:00+00:00,8810.83,8814.33,8808.31,8814.33,69
2026-07-10T12:40:00+00:00,8814.33,8815.33,8811.32,8813.31,60
2026-07-10T12:45:00+00:00,8813.31,8815.33,8813.31,8815.31,44
2026-07-10T12:50:00+00:00,8815.31,8816.33,8814.81,8815.82,81
2026-07-10T12:55:00+00:00,8815.82,8817.33,8815.31,8816.32,61
2026-07-10T13:00:00+00:00,8816.32,8818.33,8812.81,8813.82,62
2026-07-10T13:05:00+00:00,8813.82,8815.33,8813.32,8813.82,38
2026-07-10T13:10:00+00:00,8813.82,8817.32,8812.31,8817.32,42
2026-07-10T13:15:00+00:00,8817.32,8818.83,8814.83,8815.33,27.985948477751755
2026-07-10T13:20:00+00:00,8815.33,8818.32,8813.83,8814.32,50.72043852779953
2026-07-10T13:25:00+00:00,8814.32,8814.33,8812.31,8812.33,48
2026-07-10T13:30:00+00:00,8812.33,8822.32,8809.31,8810.81,180
2026-07-10T13:35:00+00:00,8810.81,8818.33,8810.31,8817.31,111
2026-07-10T13:40:00+00:00,8817.31,8820.33,8814.31,8819.82,157
2026-07-10T13:45:00+00:00,8819.82,8826.32,8818.32,8825.32,103
2026-07-10T13:50:00+00:00,8825.32,8828.83,8823.31,8824.31,137
2026-07-10T13:55:00+00:00,8824.31,8824.82,8816.82,8817.33,120
2026-07-10T14:00:00+00:00,8817.33,8825.33,8817.31,8821.81,130
2026-07-10T14:05:00+00:00,8821.81,8824.32,8818.81,8823.31,108
2026-07-10T14:10:00+00:00,8823.31,8823.32,8817.32,8819.33,59
2026-07-10T14:15:00+00:00,8819.33,8823.32,8818.32,8821.82,74
2026-07-10T14:20:00+00:00,8821.82,8822.31,8817.32,8818.31,82
2026-07-10T14:25:00+00:00,8818.31,8822.33,8816.31,8820.33,86
2026-07-10T14:30:00+00:00,8820.33,8823.33,8782.81,8805.82,1113
2026-07-10T14:35:00+00:00,8805.82,8815.32,8802.81,8812.81,402
2026-07-10T14:40:00+00:00,8812.81,8821.33,8811.81,8820.31,219
2026-07-10T14:45:00+00:00,8820.31,8822.82,8818.33,8821.82,129
2026-07-10T14:50:00+00:00,8821.82,8822.33,8816.31,8816.82,95
2026-07-10T14:55:00+00:00,8816.82,8816.82,8806.83,8808.31,154
2026-07-10T15:00:00+00:00,8808.31,8812.33,8806.32,8810.31,188
2026-07-10T15:05:00+00:00,8810.31,8812.82,8808.31,8810.32,116
2026-07-10T15:10:00+00:00,8810.32,8811.83,8807.32,8810.33,145
2026-07-10T15:15:00+00:00,8810.33,8821.33,8810.33,8817.81,106
2026-07-10T15:20:00+00:00,8817.81,8824.32,8816.82,8821.82,124
2026-07-10T15:25:00+00:00,8821.82,8825.33,8821.81,8824.32,98
2026-07-10T15:30:00+00:00,8824.32,8825.33,8821.31,8823.33,149
2026-07-10T15:35:00+00:00,8823.33,8824.83,8821.31,8823.31,121
2026-07-10T15:40:00+00:00,8823.31,8825.31,8821.31,8822.33,150.23085522638345
2026-07-10T15:45:00+00:00,8822.33,8825.83,8822.31,8824.81,134
2026-07-10T15:50:00+00:00,8824.81,8831.32,8824.32,8831.32,67
2026-07-10T15:55:00+00:00,8831.32,8832.33,8830.32,8832.33,34
2026-07-10T16:00:00+00:00,8832.33,8834.33,8829.33,8829.81,61
2026-07-10T16:05:00+00:00,8829.81,8831.33,8829.31,8831.33,97
2026-07-10T16:10:00+00:00,8831.33,8833.33,8829.31,8830.33,76
2026-07-10T16:15:00+00:00,8830.33,8833.33,8830.31,8830.33,48
2026-07-10T16:20:00+00:00,8830.33,8830.33,8826.31,8826.31,47
2026-07-10T16:25:00+00:00,8826.31,8828.32,8826.31,8826.33,14
2026-07-10T16:30:00+00:00,8826.33,8828.82,8826.31,8826.31,21
2026-07-10T16:35:00+00:00,8826.31,8827.33,8823.31,8826.31,54
2026-07-10T16:40:00+00:00,8826.31,8828.32,8825.81,8827.33,52
2026-07-10T16:45:00+00:00,8827.33,8830.33,8827.32,8830.32,23
2026-07-10T16:50:00+00:00,8830.32,8832.32,8830.32,8832.32,22
2026-07-10T16:55:00+00:00,8832.32,8834.82,8832.31,8834.31,25
2026-07-10T17:00:00+00:00,8834.31,8835.33,8831.31,8833.32,39
2026-07-10T17:05:00+00:00,8833.32,8833.33,8830.31,8830.31,26
2026-07-10T17:10:00+00:00,8830.31,8832.81,8830.31,8832.81,22
2026-07-10T17:15:00+00:00,8832.81,8833.82,8831.31,8831.31,40
2026-07-10T17:20:00+00:00,8831.31,8834.33,8831.31,8833.32,23
2026-07-10T17:25:00+00:00,8833.32,8833.33,8831.33,8833.31,46
2026-07-10T17:30:00+00:00,8833.31,8835.33,8832.83,8833.33,82
2026-07-10T17:35:00+00:00,8833.33,8835.83,8833.31,8833.81,39
2026-07-10T17:40:00+00:00,8833.81,8835.32,8832.32,8835.32,49.82422802850356
2026-07-10T17:45:00+00:00,8835.32,8836.33,8834.81,8835.32,31
2026-07-10T17:50:00+00:00,8835.32,8836.32,8835.32,8835.32,13.734668335419274
2026-07-10T17:55:00+00:00,8835.32,8835.33,8831.33,8832.33,26
2026-07-10T18:00:00+00:00,8832.33,8832.33,8831.32,8831.33,41
2026-07-10T18:05:00+00:00,8831.33,8832.33,8830.31,8832.33,13
2026-07-10T18:10:00+00:00,8832.33,8834.32,8831.31,8831.31,42
2026-07-10T18:15:00+00:00,8831.31,8832.31,8827.31,8830.32,39
2026-07-10T18:20:00+00:00,8830.32,8833.33,8829.82,8831.83,31
2026-07-10T18:25:00+00:00,8831.83,8833.83,8830.33,8830.83,43
2026-07-10T18:30:00+00:00,8830.83,8833.81,8830.83,8832.32,58
2026-07-10T18:35:00+00:00,8832.32,8834.31,8829.32,8830.32,45.372549019607845
2026-07-10T18:40:00+00:00,8830.32,8831.33,8830.31,8830.33,31
2026-07-10T18:45:00+00:00,8830.33,8832.32,8830.33,8831.33,19
2026-07-10T18:50:00+00:00,8831.33,8832.31,8830.81,8831.33,24
2026-07-10T18:55:00+00:00,8831.33,8831.33,8829.81,8830.31,19
2026-07-10T19:00:00+00:00,8830.31,8832.33,8829.83,8832.31,34
2026-07-10T19:05:00+00:00,8832.31,8833.33,8831.32,8832.31,30
2026-07-10T19:10:00+00:00,8832.31,8833.31,8831.31,8832.31,34.576961271102284
2026-07-10T19:15:00+00:00,8832.31,8834.82,8831.81,8833.32,31.729591836734695
2026-07-10T19:20:00+00:00,8833.32,8833.32,8830.31,8830.83,31
2026-07-10T19:25:00+00:00,8830.83,8832.32,8830.31,8831.33,32
2026-07-10T19:30:00+00:00,8831.33,8831.33,8827.82,8827.82,34
2026-07-10T19:35:00+00:00,8827.82,8827.82,8825.81,8827.32,12
2026-07-10T19:40:00+00:00,8827.32,8828.83,8826.32,8826.32,17
2026-07-10T19:45:00+00:00,8826.32,8831.33,8826.32,8829.32,35
2026-07-10T19:50:00+00:00,8829.32,8831.33,8829.32,8829.32,39
2026-07-10T19:55:00+00:00,8829.32,8830.83,8827.81,8828.32,26
2026-07-10T20:00:00+00:00,8828.32,8831.82,8827.31,8830.82,36
2026-07-10T20:05:00+00:00,8830.82,8831.32,8830.31,8830.32,7.393842887473461
2026-07-10T20:10:00+00:00,8830.32,8831.33,8830.31,8830.81,9.811204769942174
2026-07-10T20:15:00+00:00,8830.81,8831.33,8830.32,8831.31,8
2026-07-10T20:20:00+00:00,8831.31,8831.81,8830.82,8831.33,7
2026-07-10T20:25:00+00:00,8831.33,8832.32,8830.31,8831.31,25
2026-07-10T20:30:00+00:00,8831.31,8831.83,8828.81,8828.81,12
2026-07-10T20:35:00+00:00,8828.81,8830.33,8828.81,8829.83,12.4282325029656
2026-07-10T20:40:00+00:00,8829.83,8829.83,8829.81,8829.83,7.89588377723971
2026-07-12T23:50:00+00:00,8830.83,8830.83,8802.12,8807.14,130
2026-07-12T23:55:00+00:00,8807.14,8809.14,8799.63,8805.64,165
2026-07-13T00:00:00+00:00,8805.64,8820.04,8800.52,8820.04,442
2026-07-13T00:05:00+00:00,8820.04,8825.52,8814.04,8825.04,309
2026-07-13T00:10:00+00:00,8825.04,8828.54,8814.02,8814.02,201
2026-07-13T00:15:00+00:00,8814.02,8815.04,8800.53,8804.04,225
2026-07-13T00:20:00+00:00,8804.04,8806.04,8799.52,8802.02,155
2026-07-13T00:25:00+00:00,8802.02,8804.04,8799.02,8802.54,97
2026-07-13T00:30:00+00:00,8802.54,8805.54,8791.52,8792.52,193
2026-07-13T00:35:00+00:00,8792.52,8797.04,8792.52,8797.03,127
2026-07-13T00:40:00+00:00,8797.03,8797.52,8791.53,8794.54,119
2026-07-13T00:45:00+00:00,8794.54,8800.54,8790.04,8790.54,118
2026-07-13T00:50:00+00:00,8790.54,8792.53,8785.53,8791.02,127
2026-07-13T00:55:00+00:00,8791.02,8798.52,8790.52,8798.02,141
2026-07-13T01:00:00+00:00,8798.02,8799.04,8787.53,8794.02,229
2026-07-13T01:05:00+00:00,8794.02,8798.54,8791.52,8792.03,173
2026-07-13T01:10:00+00:00,8792.03,8799.52,8790.53,8798.54,143
2026-07-13T01:15:00+00:00,8798.54,8803.54,8798.02,8799.02,135
2026-07-13T01:20:00+00:00,8799.02,8802.52,8790.52,8792.04,111
2026-07-13T01:25:00+00:00,8792.04,8792.54,8785.53,8788.03,141
2026-07-13T01:30:00+00:00,8788.03,8788.53,8781.04,8782.03,131
2026-07-13T01:35:00+00:00,8782.03,8788.54,8780.02,8785.52,212
2026-07-13T01:40:00+00:00,8785.52,8791.54,8783.54,8786.02,169
2026-07-13T01:45:00+00:00,8786.02,8788.04,8781.03,8781.03,102
2026-07-13T01:50:00+00:00,8781.03,8783.54,8778.02,8780.52,177
2026-07-13T01:55:00+00:00,8780.52,8784.04,8777.52,8784.04,125
2026-07-13T02:00:00+00:00,8784.04,8785.54,8775.53,8776.03,144
2026-07-13T02:05:00+00:00,8776.03,8779.53,8774.02,8777.53,108
2026-07-13T02:10:00+00:00,8777.53,8784.54,8777.53,8783.03,114
2026-07-13T02:15:00+00:00,8783.03,8783.53,8777.52,8782.03,61
2026-07-13T02:20:00+00:00,8782.03,8787.04,8782.03,8784.54,84
2026-07-13T02:25:00+00:00,8784.54,8787.54,8784.52,8784.52,113
2026-07-13T02:30:00+00:00,8784.52,8784.53,8776.02,8781.02,77
2026-07-13T02:35:00+00:00,8781.02,8782.53,8778.54,8779.03,61
2026-07-13T02:40:00+00:00,8779.03,8782.54,8778.52,8782.04,96
2026-07-13T02:45:00+00:00,8782.04,8782.54,8779.03,8779.04,27
2026-07-13T02:50:00+00:00,8779.04,8781.04,8776.03,8776.03,67
2026-07-13T02:55:00+00:00,8776.03,8778.54,8775.02,8775.02,54
2026-07-13T03:00:00+00:00,8775.02,8775.54,8772.52,8773.02,65
2026-07-13T03:05:00+00:00,8773.02,8775.04,8771.52,8773.03,71
2026-07-13T03:10:00+00:00,8773.03,8777.54,8773.03,8776.02,64
2026-07-13T03:15:00+00:00,8776.02,8777.04,8774.53,8776.52,42.0665380906461
2026-07-13T03:20:00+00:00,8776.52,8782.04,8776.02,8782.04,66
2026-07-13T03:25:00+00:00,8782.04,8783.54,8779.54,8782.53,56
2026-07-13T03:30:00+00:00,8782.53,8784.54,8781.53,8783.04,105
2026-07-13T03:35:00+00:00,8783.04,8788.54,8782.02,8788.04,88
2026-07-13T03:40:00+00:00,8788.04,8791.54,8787.53,8788.52,84
2026-07-13T03:45:00+00:00,8788.52,8791.54,8788.02,8791.03,113
2026-07-13T03:50:00+00:00,8791.03,8792.53,8788.54,8792.03,98
2026-07-13T03:55:00+00:00,8792.03,8792.54,8790.52,8792.02,48
2026-07-13T04:00:00+00:00,8792.02,8793.04,8787.66,8790.17,54
2026-07-13T04:05:00+00:00,8790.17,8794.17,8789.68,8793.67,60
2026-07-13T04:10:00+00:00,8793.67,8797.66,8793.16,8794.67,68
2026-07-13T04:15:00+00:00,8794.67,8796.68,8793.16,8793.67,75
2026-07-13T04:20:00+00:00,8793.67,8795.17,8791.66,8793.16,96
2026-07-13T04:25:00+00:00,8793.16,8797.18,8792.66,8796.67,74
2026-07-13T04:30:00+00:00,8796.67,8797.68,8795.16,8795.68,24
2026-07-13T04:35:00+00:00,8795.68,8796.67,8792.66,8795.66,35
2026-07-13T04:40:00+00:00,8795.66,8797.68,8794.66,8796.16,38
2026-07-13T04:45:00+00:00,8796.16,8798.68,8795.66,8795.68,36
2026-07-13T04:50:00+00:00,8795.68,8798.68,8795.67,8796.16,52
2026-07-13T04:55:00+00:00,8796.16,8798.68,8793.66,8797.67,29
2026-07-13T05:00:00+00:00,8797.67,8804.68,8795.67,8804.67,146
2026-07-13T05:05:00+00:00,8804.67,8808.68,8804.16,8808.66,102
2026-07-13T05:10:00+00:00,8808.66,8812.17,8807.66,8811.67,106
2026-07-13T05:15:00+00:00,8811.67,8812.67,8809.66,8811.66,78
2026-07-13T05:20:00+00:00,8811.66,8812.67,8802.66,8803.18,93
2026-07-13T05:25:00+00:00,8803.18,8804.17,8796.66,8797.16,106
2026-07-13T05:30:00+00:00,8797.16,8803.18,8791.66,8803.18,183
2026-07-13T05:35:00+00:00,8803.18,8806.68,8803.17,8805.67,214
2026-07-13T05:40:00+00:00,8805.67,8806.68,8798.66,8800.18,174
2026-07-13T05:45:00+00:00,8800.18,8801.68,8796.67,8801.68,172
2026-07-13T05:50:00+00:00,8801.68,8806.68,8801.17,8801.67,209
2026-07-13T05:55:00+00:00,8801.67,8805.68,8800.18,8805.68,127
2026-07-13T06:00:00+00:00,8805.68,8807.77,8802.28,8802.76,169
2026-07-13T06:05:00+00:00,8802.76,8807.76,8800.77,8806.77,136
2026-07-13T06:10:00+00:00,8806.77,8807.28,8800.26,8801.27,118
2026-07-13T06:15:00+00:00,8801.27,8805.77,8801.26,8805.28,85
2026-07-13T06:20:00+00:00,8805.28,8811.27,8804.77,8810.26,87
2026-07-13T06:25:00+00:00,8810.26,8813.27,8805.76,8809.06,154
2026-07-13T07:10:00+00:00,8810.06,8827.76,8810.06,8825.27,139
2026-07-13T07:15:00+00:00,8825.27,8828.76,8823.26,8823.26,82
2026-07-13T07:20:00+00:00,8823.26,8825.78,8821.26,8825.28,100
2026-07-13T07:25:00+00:00,8825.28,8825.28,8821.76,8822.27,79
2026-07-13T07:30:00+00:00,8822.27,8824.77,8818.76,8824.77,107
2026-07-13T07:35:00+00:00,8824.77,8827.26,8823.76,8826.27,66
2026-07-13T07:40:00+00:00,8826.27,8829.28,8824.78,8826.28,108
2026-07-13T07:45:00+00:00,8826.28,8828.28,8823.76,8823.78,70
2026-07-13T07:50:00+00:00,8823.78,8828.77,8822.27,8828.77,62
2026-07-13T07:55:00+00:00,8828.77,8832.78,8828.77,8832.27,43
2026-07-13T08:00:00+00:00,8832.27,8839.27,8832.27,8833.78,162
2026-07-13T08:05:00+00:00,8833.78,8843.78,8833.27,8841.76,195
2026-07-13T08:10:00+00:00,8841.76,8845.28,8840.76,8844.26,110
2026-07-13T08:15:00+00:00,8844.26,8852.78,8844.26,8852.27,99
2026-07-13T08:20:00+00:00,8852.27,8853.28,8848.28,8848.77,73
2026-07-13T08:25:00+00:00,8848.77,8853.26,8848.27,8849.27,66
2026-07-13T08:30:00+00:00,8849.27,8853.27,8849.26,8850.76,78
2026-07-13T08:35:00+00:00,8850.76,8852.78,8850.76,8851.27,63
2026-07-13T08:40:00+00:00,8851.27,8854.78,8851.27,8854.77,38
2026-07-13T08:45:00+00:00,8854.77,8857.26,8854.26,8856.76,44
2026-07-13T08:50:00+00:00,8856.76,8859.28,8856.76,8859.28,48
2026-07-13T08:55:00+00:00,8859.28,8860.28,8858.26,8860.28,32
2026-07-13T09:00:00+00:00,8860.28,8860.28,8854.28,8855.28,60
2026-07-13T09:05:00+00:00,8855.28,8855.78,8853.27,8853.77,40
2026-07-13T09:10:00+00:00,8853.77,8853.77,8850.76,8853.27,50
2026-07-13T09:15:00+00:00,8853.27,8855.76,8852.26,8853.76,44
2026-07-13T09:20:00+00:00,8853.76,8854.28,8852.76,8853.28,52
2026-07-13T09:25:00+00:00,8853.28,8855.77,8853.26,8853.78,50
2026-07-13T09:30:00+00:00,8853.78,8855.28,8850.78,8852.77,67
2026-07-13T09:35:00+00:00,8852.77,8855.28,8852.26,8854.77,51
2026-07-13T09:40:00+00:00,8854.77,8855.28,8852.28,8854.27,23
2026-07-13T09:45:00+00:00,8854.27,8855.78,8852.28,8853.78,41
2026-07-13T09:50:00+00:00,8853.78,8854.27,8851.26,8852.77,66
2026-07-13T09:55:00+00:00,8852.77,8853.27,8850.27,8851.27,54
2026-07-13T10:00:00+00:00,8851.27,8852.28,8847.26,8849.28,67
2026-07-13T10:05:00+00:00,8849.28,8849.78,8845.76,8846.28,82
2026-07-13T10:10:00+00:00,8846.28,8846.78,8843.76,8844.26,39
2026-07-13T10:15:00+00:00,8844.26,8844.27,8841.77,8843.26,40
2026-07-13T10:20:00+00:00,8843.26,8843.28,8838.78,8839.27,33
2026-07-13T10:25:00+00:00,8839.27,8839.27,8836.26,8836.28,44
2026-07-13T10:30:00+00:00,8836.28,8838.27,8834.26,8835.76,53
2026-07-13T10:35:00+00:00,8835.76,8839.76,8835.26,8838.27,38
2026-07-13T10:40:00+00:00,8838.27,8839.28,8834.76,8835.78,40
2026-07-13T10:45:00+00:00,8835.78,8840.28,8835.27,8839.28,71
2026-07-13T10:50:00+00:00,8839.28,8840.28,8838.27,8840.28,54
2026-07-13T10:55:00+00:00,8840.28,8840.78,8837.27,8839.26,48
2026-07-13T11:00:00+00:00,8839.26,8841.26,8835.78,8837.26,61
2026-07-13T11:05:00+00:00,8837.26,8845.27,8837.26,8840.77,150
2026-07-13T11:10:00+00:00,8840.77,8840.77,8834.76,8837.78,98
2026-07-13T11:15:00+00:00,8837.78,8839.27,8832.77,8833.27,73
2026-07-13T11:20:00+00:00,8833.27,8836.28,8830.77,8835.27,62
2026-07-13T11:25:00+00:00,8835.27,8842.27,8834.77,8840.26,61
2026-07-13T11:30:00+00:00,8840.26,8843.28,8839.27,8843.27,67
2026-07-13T11:35:00+00:00,8843.27,8845.27,8840.28,8840.76,65
2026-07-13T11:40:00+00:00,8840.76,8842.27,8840.26,8841.27,52
2026-07-13T11:45:00+00:00,8841.27,8841.28,8836.26,8837.76,81
2026-07-13T11:50:00+00:00,8837.76,8837.78,8833.26,8833.26,49
2026-07-13T11:55:00+00:00,8833.26,8833.28,8830.26,8831.26,78
2026-07-13T12:00:00+00:00,8831.26,8831.76,8826.76,8827.26,77
2026-07-13T12:05:00+00:00,8827.26,8828.77,8823.26,8828.26,103
2026-07-13T12:10:00+00:00,8828.26,8832.78,8820.28,8825.27,202
2026-07-13T12:15:00+00:00,8825.27,8829.28,8824.78,8828.78,119
2026-07-13T12:20:00+00:00,8828.78,8828.78,8823.76,8825.78,123
2026-07-13T12:25:00+00:00,8825.78,8826.78,8824.27,8824.77,70
2026-07-13T12:30:00+00:00,8824.77,8826.27,8822.28,8823.26,119
2026-07-13T12:35:00+00:00,8823.26,8823.26,8819.27,8819.28,74
2026-07-13T12:40:00+00:00,8819.28,8823.28,8819.28,8821.78,57
2026-07-13T12:45:00+00:00,8821.78,8829.27,8821.26,8828.77,46
2026-07-13T12:50:00+00:00,8828.77,8832.27,8828.27,8832.26,87
2026-07-13T12:55:00+00:00,8832.26,8836.78,8831.26,8836.26,75
2026-07-13T13:00:00+00:00,8836.26,8838.27,8833.26,8835.28,107
2026-07-13T13:05:00+00:00,8835.28,8835.78,8832.26,8833.28,89
2026-07-13T13:10:00+00:00,8833.28,8833.28,8830.26,8832.78,64
2026-07-13T13:15:00+00:00,8832.78,8832.78,8828.26,8829.27,76
2026-07-13T13:20:00+00:00,8829.27,8833.28,8828.76,8832.78,63
2026-07-13T13:25:00+00:00,8832.78,8834.26,8830.77,8833.26,56
2026-07-13T13:30:00+00:00,8833.26,8843.27,8833.26,8843.27,335
2026-07-13T13:35:00+00:00,8843.27,8847.28,8836.76,8837.78,233
2026-07-13T13:40:00+00:00,8837.78,8840.28,8833.78,8836.27,270
2026-07-13T13:45:00+00:00,8836.27,8839.26,8832.77,8835.77,259
2026-07-13T13:50:00+00:00,8835.77,8844.77,8833.28,8843.78,237
2026-07-13T13:55:00+00:00,8843.78,8850.28,8841.78,8846.26,228
2026-07-13T14:00:00+00:00,8846.26,8848.28,8836.76,8836.78,237
2026-07-13T14:05:00+00:00,8836.78,8837.26,8831.26,8834.78,209
2026-07-13T14:10:00+00:00,8834.78,8837.78,8832.26,8837.26,173
2026-07-13T14:15:00+00:00,8837.26,8838.76,8800.27,8816.77,976
2026-07-13T14:20:00+00:00,8816.77,8826.78,8807.77,8825.78,440
2026-07-13T14:25:00+00:00,8825.78,8829.27,8824.26,8826.26,277
2026-07-13T14:30:00+00:00,8826.26,8826.78,8820.76,8821.76,204
2026-07-13T14:35:00+00:00,8821.76,8822.78,8818.26,8820.76,251
2026-07-13T14:40:00+00:00,8820.76,8821.76,8815.76,8819.27,161
2026-07-13T14:45:00+00:00,8819.27,8825.28,8816.27,8824.77,195
2026-07-13T14:50:00+00:00,8824.77,8827.27,8820.76,8823.78,170
2026-07-13T14:55:00+00:00,8823.78,8831.28,8823.26,8831.28,84
2026-07-13T15:00:00+00:00,8831.28,8834.28,8822.76,8823.28,168
2026-07-13T15:05:00+00:00,8823.28,8823.28,8817.76,8819.77,145
2026-07-13T15:10:00+00:00,8819.77,8822.78,8818.76,8821.26,151
2026-07-13T15:15:00+00:00,8821.26,8823.28,8817.76,8823.26,188
2026-07-13T15:20:00+00:00,8823.26,8823.28,8818.26,8819.76,131
2026-07-13T15:25:00+00:00,8819.76,8822.27,8816.78,8820.78,102
2026-07-13T15:30:00+00:00,8820.78,8826.78,8819.78,8821.27,191
2026-07-13T15:35:00+00:00,8821.27,8825.27,8820.77,8822.28,148
2026-07-13T15:40:00+00:00,8822.28,8824.27,8820.76,8823.77,84
2026-07-13T15:45:00+00:00,8823.77,8825.78,8821.76,8824.28,79
2026-07-13T15:50:00+00:00,8824.28,8826.28,8820.28,8825.26,87
2026-07-13T15:55:00+00:00,8825.26,8825.26,8820.77,8822.78,72
2026-07-13T16:00:00+00:00,8822.78,8824.78,8821.77,8822.77,104
2026-07-13T16:05:00+00:00,8822.77,8824.28,8821.76,8823.27,95
2026-07-13T16:10:00+00:00,8823.27,8825.28,8821.28,8822.28,65
2026-07-13T16:15:00+00:00,8822.28,8822.28,8815.78,8817.28,61
2026-07-13T16:20:00+00:00,8817.28,8817.28,8815.26,8816.27,71
2026-07-13T16:25:00+00:00,8816.27,8816.76,8807.26,8811.26,139
2026-07-13T16:30:00+00:00,8811.26,8811.28,8803.28,8803.76,238
2026-07-13T16:35:00+00:00,8803.76,8813.26,8798.76,8811.27,219
2026-07-13T16:40:00+00:00,8811.27,8816.28,8808.27,8816.26,166
2026-07-13T16:45:00+00:00,8816.26,8818.28,8814.76,8816.26,178
2026-07-13T16:50:00+00:00,8816.26,8816.26,8808.27,8809.27,289
2026-07-13T16:55:00+00:00,8809.27,8813.77,8806.78,8813.76,157
2026-07-13T17:00:00+00:00,8813.76,8817.78,8813.26,8814.77,124
2026-07-13T17:05:00+00:00,8814.77,8819.28,8814.27,8819.26,77
2026-07-13T17:10:00+00:00,8819.26,8821.28,8817.77,8818.27,85
2026-07-13T17:15:00+00:00,8818.27,8820.28,8815.78,8819.27,99
2026-07-13T17:20:00+00:00,8819.27,8820.28,8813.77,8814.26,98
2026-07-13T17:25:00+00:00,8814.26,8814.78,8811.26,8811.78,121
2026-07-13T17:30:00+00:00,8811.78,8815.28,8810.26,8814.27,99
2026-07-13T17:35:00+00:00,8814.27,8814.27,8809.26,8811.27,167
2026-07-13T17:40:00+00:00,8811.27,8814.78,8809.26,8813.76,121
2026-07-13T17:45:00+00:00,8813.76,8816.26,8809.76,8810.28,126
2026-07-13T17:50:00+00:00,8810.28,8811.28,8806.76,8809.76,115
2026-07-13T17:55:00+00:00,8809.76,8810.28,8804.76,8804.76,119
2026-07-13T18:00:00+00:00,8804.76,8809.28,8803.26,8804.77,168
2026-07-13T18:05:00+00:00,8804.77,8809.27,8802.76,8803.27,115
2026-07-13T18:10:00+00:00,8803.27,8804.28,8799.27,8803.27,130
2026-07-13T18:15:00+00:00,8803.27,8804.26,8793.77,8795.76,109
2026-07-13T18:20:00+00:00,8795.76,8798.77,8794.27,8798.77,148
2026-07-13T18:25:00+00:00,8798.77,8799.78,8795.76,8795.76,141
2026-07-13T18:30:00+00:00,8795.76,8799.28,8794.27,8795.77,131
2026-07-13T18:35:00+00:00,8795.77,8799.77,8795.28,8798.27,113
2026-07-13T18:40:00+00:00,8798.27,8801.28,8797.27,8799.76,96
2026-07-13T18:45:00+00:00,8799.76,8803.27,8798.26,8802.76,150
2026-07-13T18:50:00+00:00,8802.76,8805.28,8800.26,8802.28,72
2026-07-13T18:55:00+00:00,8802.28,8803.28,8800.76,8802.76,75
2026-07-13T19:00:00+00:00,8802.76,8806.28,8799.76,8806.27,108
2026-07-13T19:05:00+00:00,8806.27,8806.78,8802.26,8802.26,70
2026-07-13T19:10:00+00:00,8802.26,8802.77,8799.77,8801.77,97
2026-07-13T19:15:00+00:00,8801.77,8804.28,8800.76,8802.76,77
2026-07-13T19:20:00+00:00,8802.76,8803.28,8799.27,8803.27,102
2026-07-13T19:25:00+00:00,8803.27,8803.27,8795.77,8797.26,109
2026-07-13T19:30:00+00:00,8797.26,8802.27,8796.77,8802.27,94
2026-07-13T19:35:00+00:00,8802.27,8802.27,8797.26,8800.27,105
2026-07-13T19:40:00+00:00,8800.27,8805.26,8798.78,8804.27,84
2026-07-13T19:45:00+00:00,8804.27,8804.78,8801.77,8804.26,82
2026-07-13T19:50:00+00:00,8804.26,8805.27,8799.28,8802.28,145
2026-07-13T19:55:00+00:00,8802.28,8807.26,8800.76,8806.28,117
2026-07-13T20:00:00+00:00,8806.28,8806.28,8804.26,8806.26,60
2026-07-13T20:05:00+00:00,8806.26,8808.26,8806.26,8806.27,29
2026-07-13T20:10:00+00:00,8806.27,8806.78,8802.76,8802.76,62
2026-07-13T20:15:00+00:00,8802.76,8802.78,8795.28,8800.26,66
2026-07-13T20:20:00+00:00,8800.26,8800.78,8799.76,8800.26,14
2026-07-13T20:25:00+00:00,8800.26,8800.28,8800.26,8800.27,6
2026-07-13T20:30:00+00:00,8800.27,8800.27,8798.76,8799.27,17
2026-07-13T20:35:00+00:00,8799.27,8799.28,8799.26,8799.26,4
2026-07-13T20:40:00+00:00,8799.26,8799.77,8798.26,8799.28,19
2026-07-13T20:45:00+00:00,8799.28,8799.28,8798.27,8798.28,10
2026-07-13T20:50:00+00:00,8798.28,8798.78,8798.26,8798.78,14
2026-07-13T20:55:00+00:00,8798.78,8808.08,8798.27,8808.08,22
2026-07-13T23:00:00+00:00,8783.61,8785.61,8777.61,8777.61,116.81244352228204
2026-07-13T23:05:00+00:00,8777.61,8779.61,8777.61,8779.61,98.36030067962311
2026-07-13T23:10:00+00:00,8779.61,8780.61,8774.61,8779.61,129.69991875539782
2026-07-13T23:15:00+00:00,8779.61,8782.61,8778.61,8782.61,90.42133110859493
2026-07-13T23:20:00+00:00,8782.61,8783.61,8779.61,8780.61,90.73334021735222
2026-07-13T23:25:00+00:00,8780.61,8780.61,8773.61,8774.61,88.50972770668675
2026-07-13T23:30:00+00:00,8774.61,8774.61,8768.61,8770.61,128.7682853031978
2026-07-13T23:35:00+00:00,8770.61,8772.61,8766.61,8766.61,112.54794056481529
2026-07-13T23:40:00+00:00,8766.61,8772.24,8761.61,8769.24,162.0651288376354
2026-07-13T23:45:00+00:00,8769.24,8776.24,8758.24,8767.61,558.8880810121398
2026-07-13T23:50:00+00:00,8767.61,8767.61,8740.92,8747.42,92.13640639698966
2026-07-13T23:55:00+00:00,8747.42,8757.43,8743.94,8754.43,156
2026-07-14T00:00:00+00:00,8754.43,8759.320000000002,8734.84,8739.320000000002,462
2026-07-14T00:05:00+00:00,8739.320000000002,8742.820000000002,8735.84,8739.320000000002,389
2026-07-14T00:10:00+00:00,8739.320000000002,8755.34,8738.320000000002,8747.84,419
2026-07-14T00:15:00+00:00,8747.84,8749.33,8727.320000000002,8727.820000000002,505
2026-07-14T00:20:00+00:00,8727.820000000002,8733.320000000002,8722.33,8729.84,529
2026-07-14T00:25:00+00:00,8729.84,8729.84,8722.320000000002,8725.84,374
2026-07-14T00:30:00+00:00,8725.84,8727.33,8712.820000000002,8712.820000000002,441
2026-07-14T00:35:00+00:00,8712.820000000002,8720.34,8711.320000000002,8714.320000000002,355
2026-07-14T00:40:00+00:00,8714.320000000002,8720.34,8707.320000000002,8712.33,199
2026-07-14T00:45:00+00:00,8712.33,8724.84,8711.320000000002,8715.84,381
2026-07-14T00:50:00+00:00,8715.84,8725.34,8712.320000000002,8725.34,324
2026-07-14T00:55:00+00:00,8725.34,8729.34,8722.320000000002,8725.34,161
2026-07-14T01:00:00+00:00,8725.34,8733.34,8721.34,8721.34,239
2026-07-14T01:05:00+00:00,8721.34,8727.34,8719.320000000002,8724.33,174
2026-07-14T01:10:00+00:00,8724.33,8724.33,8717.34,8721.33,227
2026-07-14T01:15:00+00:00,8721.33,8735.34,8719.34,8734.84,270
2026-07-14T01:20:00+00:00,8734.84,8735.34,8727.320000000002,8730.84,273
2026-07-14T01:25:00+00:00,8730.84,8732.820000000002,8723.820000000002,8724.320000000002,157
2026-07-14T01:30:00+00:00,8724.320000000002,8725.34,8718.320000000002,8723.83,248
2026-07-14T01:35:00+00:00,8723.83,8724.820000000002,8716.320000000002,8722.320000000002,232
2026-07-14T01:40:00+00:00,8722.320000000002,8731.83,8720.34,8730.83,206
2026-07-14T01:45:00+00:00,8730.83,8734.33,8729.320000000002,8730.33,202
2026-07-14T01:50:00+00:00,8730.33,8732.33,8726.34,8729.83,129
2026-07-14T01:55:00+00:00,8729.83,8729.83,8722.33,8725.84,137
2026-07-14T02:00:00+00:00,8725.84,8732.84,8722.83,8732.320000000002,126
2026-07-14T02:05:00+00:00,8732.320000000002,8737.84,8729.34,8729.34,159
2026-07-14T02:10:00+00:00,8729.34,8729.34,8722.320000000002,8726.320000000002,162
2026-07-14T02:15:00+00:00,8726.320000000002,8728.320000000002,8719.320000000002,8719.83,160
2026-07-14T02:20:00+00:00,8719.83,8720.34,8714.320000000002,8714.84,133
2026-07-14T02:25:00+00:00,8714.84,8718.84,8712.320000000002,8715.33,116
2026-07-14T02:30:00+00:00,8715.33,8716.33,8710.33,8712.320000000002,175
2026-07-14T02:35:00+00:00,8712.320000000002,8723.34,8710.320000000002,8723.34,190
2026-07-14T02:40:00+00:00,8723.34,8727.34,8722.83,8724.84,174
2026-07-14T02:45:00+00:00,8724.84,8726.34,8720.33,8722.820000000002,204
2026-07-14T02:50:00+00:00,8722.820000000002,8726.34,8720.33,8720.84,147
2026-07-14T02:55:00+00:00,8720.84,8723.34,8718.83,8721.84,125
2026-07-14T03:00:00+00:00,8721.84,8723.34,8714.320000000002,8716.320000000002,150
2026-07-14T03:05:00+00:00,8716.320000000002,8718.34,8714.820000000002,8717.33,143
2026-07-14T03:10:00+00:00,8717.33,8719.320000000002,8715.83,8716.83,93
2026-07-14T03:15:00+00:00,8716.83,8717.34,8708.83,8711.33,127
2026-07-14T03:20:00+00:00,8711.33,8712.34,8708.34,8709.320000000002,102
2026-07-14T03:25:00+00:00,8709.320000000002,8714.34,8709.320000000002,8714.34,94
2026-07-14T03:30:00+00:00,8714.34,8718.34,8713.320000000002,8716.34,211
2026-07-14T03:35:00+00:00,8716.34,8718.34,8713.320000000002,8714.320000000002,117
2026-07-14T03:40:00+00:00,8714.320000000002,8715.34,8711.33,8712.320000000002,164
2026-07-14T03:45:00+00:00,8712.320000000002,8719.34,8712.320000000002,8714.33,115
2026-07-14T03:50:00+00:00,8714.33,8721.34,8714.33,8720.33,96
2026-07-14T03:55:00+00:00,8720.33,8721.820000000002,8717.34,8719.320000000002,61
2026-07-14T04:00:00+00:00,8719.320000000002,8725.34,8719.320000000002,8724.320000000002,78
2026-07-14T04:05:00+00:00,8724.320000000002,8725.320000000002,8721.320000000002,8721.83,67
2026-07-14T04:10:00+00:00,8721.83,8722.34,8717.33,8717.83,149
2026-07-14T04:15:00+00:00,8717.83,8721.33,8713.84,8720.33,109
2026-07-14T04:20:00+00:00,8720.33,8727.34,8720.33,8726.820000000002,150
2026-07-14T04:25:00+00:00,8726.820000000002,8732.320000000002,8726.320000000002,8728.84,99
2026-07-14T04:30:00+00:00,8728.84,8736.34,8727.33,8735.84,87
2026-07-14T04:35:00+00:00,8735.84,8741.33,8734.33,8740.320000000002,84
2026-07-14T04:40:00+00:00,8740.320000000002,8741.34,8737.320000000002,8739.84,91
2026-07-14T04:45:00+00:00,8739.84,8747.34,8739.320000000002,8746.320000000002,66
2026-07-14T04:50:00+00:00,8746.320000000002,8747.84,8742.820000000002,8745.34,84
2026-07-14T04:55:00+00:00,8745.34,8747.34,8745.33,8745.820000000002,44
2026-07-14T05:00:00+00:00,8745.820000000002,8749.33,8743.84,8748.320000000002,89
2026-07-14T05:05:00+00:00,8748.320000000002,8749.33,8745.820000000002,8749.33,56
2026-07-14T05:10:00+00:00,8749.33,8752.34,8748.820000000002,8751.320000000002,76
2026-07-14T05:15:00+00:00,8751.320000000002,8752.820000000002,8748.34,8752.33,62
2026-07-14T05:20:00+00:00,8752.33,8757.34,8752.33,8756.320000000002,97
2026-07-14T05:25:00+00:00,8756.320000000002,8758.34,8755.320000000002,8758.320000000002,79
2026-07-14T05:30:00+00:00,8758.320000000002,8764.33,8758.320000000002,8760.84,108
2026-07-14T05:35:00+00:00,8760.84,8764.34,8760.84,8761.83,70
2026-07-14T05:40:00+00:00,8761.83,8762.34,8759.33,8761.83,49
2026-07-14T05:45:00+00:00,8761.83,8762.34,8757.33,8758.34,56
2026-07-14T05:50:00+00:00,8758.34,8758.34,8752.820000000002,8752.820000000002,34
2026-07-14T05:55:00+00:00,8752.820000000002,8753.34,8750.34,8751.820000000002,42
2026-07-14T06:00:00+00:00,8751.820000000002,8757.94,8749.93,8750.93,95
2026-07-14T06:05:00+00:00,8750.93,8754.44,8748.92,8753.43,101
2026-07-14T06:10:00+00:00,8753.43,8757.94,8751.42,8753.92,85
2026-07-14T06:15:00+00:00,8753.92,8755.93,8751.92,8754.94,71
2026-07-14T06:20:00+00:00,8754.94,8756.93,8749.94,8751.42,76
2026-07-14T06:25:00+00:00,8751.42,8751.42,8745.92,8749.230000000001,95
2026-07-14T07:10:00+00:00,8795.2,8797.4,8784.39,8797.4,128
2026-07-14T07:15:00+00:00,8797.4,8801.41,8788.89,8789.91,143
2026-07-14T07:20:00+00:00,8789.91,8791.91,8782.91,8787.39,93
2026-07-14T07:25:00+00:00,8787.39,8790.91,8786.39,8786.89,73
2026-07-14T07:30:00+00:00,8786.89,8787.4,8778.4,8783.91,154
2026-07-14T07:35:00+00:00,8783.91,8785.91,8780.91,8783.89,209
2026-07-14T07:40:00+00:00,8783.89,8784.41,8771.9,8772.9,180
2026-07-14T07:45:00+00:00,8772.9,8779.91,8766.4,8779.9,209
2026-07-14T07:50:00+00:00,8779.9,8783.91,8776.91,8781.4,222
2026-07-14T07:55:00+00:00,8781.4,8782.89,8774.89,8780.89,171
2026-07-14T08:00:00+00:00,8780.89,8784.4,8772.9,8778.9,339
2026-07-14T08:05:00+00:00,8778.9,8779.4,8768.89,8769.91,214
2026-07-14T08:10:00+00:00,8769.91,8773.91,8768.89,8773.91,183
2026-07-14T08:15:00+00:00,8773.91,8777.91,8772.89,8774.9,176
2026-07-14T08:20:00+00:00,8774.9,8775.91,8767.89,8768.89,173
2026-07-14T08:25:00+00:00,8768.89,8774.91,8767.89,8774.4,198
2026-07-14T08:30:00+00:00,8774.4,8775.91,8771.89,8774.41,169
2026-07-14T08:35:00+00:00,8774.41,8775.41,8770.89,8772.4,102
2026-07-14T08:40:00+00:00,8772.4,8774.41,8770.89,8772.91,157
2026-07-14T08:45:00+00:00,8772.91,8772.91,8766.91,8766.91,100
2026-07-14T08:50:00+00:00,8766.91,8771.41,8762.89,8770.39,138
2026-07-14T08:55:00+00:00,8770.39,8770.9,8763.91,8764.39,133
2026-07-14T09:00:00+00:00,8764.39,8768.91,8760.89,8768.91,174
2026-07-14T09:05:00+00:00,8768.91,8773.91,8766.89,8773.91,145
2026-07-14T09:10:00+00:00,8773.91,8777.89,8770.89,8777.89,159
2026-07-14T09:15:00+00:00,8777.89,8777.9,8770.39,8773.4,154
2026-07-14T09:20:00+00:00,8773.4,8775.89,8772.41,8774.89,82
2026-07-14T09:25:00+00:00,8774.89,8775.91,8771.39,8771.9,89
2026-07-14T09:30:00+00:00,8771.9,8773.91,8769.91,8770.39,92
2026-07-14T09:35:00+00:00,8770.39,8772.41,8768.91,8771.4,75
2026-07-14T09:40:00+00:00,8771.4,8773.41,8770.4,8772.91,61
2026-07-14T09:45:00+00:00,8772.91,8778.4,8771.91,8777.89,89
2026-07-14T09:50:00+00:00,8777.89,8779.91,8774.89,8775.41,99
2026-07-14T09:55:00+00:00,8775.41,8777.4,8772.9,8774.9,83
2026-07-14T10:00:00+00:00,8774.9,8781.9,8774.89,8781.9,105
2026-07-14T10:05:00+00:00,8781.9,8782.39,8778.41,8781.39,67
2026-07-14T10:10:00+00:00,8781.39,8782.91,8775.9,8779.41,58
2026-07-14T10:15:00+00:00,8779.41,8783.89,8779.41,8781.89,62
2026-07-14T10:20:00+00:00,8781.89,8783.91,8781.41,8782.89,56
2026-07-14T10:25:00+00:00,8782.89,8783.91,8779.39,8783.4,71
2026-07-14T10:30:00+00:00,8783.4,8786.41,8778.39,8782.41,143
2026-07-14T10:35:00+00:00,8782.41,8792.41,8780.9,8787.39,171
2026-07-14T10:40:00+00:00,8787.39,8787.4,8781.9,8783.41,125
2026-07-14T10:45:00+00:00,8783.41,8788.41,8782.39,8787.91,86
2026-07-14T10:50:00+00:00,8787.91,8788.91,8785.39,8785.41,67
2026-07-14T10:55:00+00:00,8785.41,8787.91,8782.39,8786.91,90
2026-07-14T11:00:00+00:00,8786.91,8787.9,8779.91,8785.9,246
2026-07-14T11:05:00+00:00,8785.9,8786.91,8780.9,8782.39,185
2026-07-14T11:10:00+00:00,8782.39,8788.91,8779.89,8788.4,121
2026-07-14T11:15:00+00:00,8788.4,8788.91,8783.91,8786.89,157
2026-07-14T11:20:00+00:00,8786.89,8792.91,8784.39,8792.41,215
2026-07-14T11:25:00+00:00,8792.41,8794.4,8790.39,8791.39,276
2026-07-14T11:30:00+00:00,8791.39,8794.91,8789.89,8790.9,150
2026-07-14T11:35:00+00:00,8790.9,8790.91,8788.39,8789.89,89
2026-07-14T11:40:00+00:00,8789.89,8791.4,8787.89,8788.4,92
2026-07-14T11:45:00+00:00,8788.4,8792.9,8787.89,8789.9,96
2026-07-14T11:50:00+00:00,8789.9,8792.41,8788.89,8790.39,66
2026-07-14T11:55:00+00:00,8790.39,8791.91,8788.39,8790.9,50
2026-07-14T12:00:00+00:00,8790.9,8791.41,8784.4,8785.41,108
2026-07-14T12:05:00+00:00,8785.41,8785.89,8783.39,8783.89,98
2026-07-14T12:10:00+00:00,8783.89,8786.91,8780.89,8785.9,81
2026-07-14T12:15:00+00:00,8785.9,8792.9,8785.4,8792.9,56
2026-07-14T12:20:00+00:00,8792.9,8794.4,8786.91,8793.89,101
2026-07-14T12:25:00+00:00,8793.89,8794.91,8791.89,8793.39,86
2026-07-14T12:30:00+00:00,8793.39,8869.21,8793.39,8833.91,481
2026-07-14T12:35:00+00:00,8833.91,8836.4,8824.91,8829.39,457
2026-07-14T12:40:00+00:00,8829.39,8833.41,8824.4,8832.91,282
2026-07-14T12:45:00+00:00,8832.91,8834.91,8820.9,8823.89,262
2026-07-14T12:50:00+00:00,8823.89,8825.41,8816.89,8817.89,215
2026-07-14T12:55:00+00:00,8817.89,8823.91,8817.89,8821.9,152
2026-07-14T13:00:00+00:00,8821.9,8827.9,8821.39,8824.89,282
2026-07-14T13:05:00+00:00,8824.89,8831.91,8823.39,8829.91,207
2026-07-14T13:10:00+00:00,8829.91,8831.91,8825.89,8827.9,203
2026-07-14T13:15:00+00:00,8827.9,8828.41,8821.39,8822.41,157
2026-07-14T13:20:00+00:00,8822.41,8829.89,8819.9,8827.39,170
2026-07-14T13:25:00+00:00,8827.39,8830.89,8823.89,8826.89,139
2026-07-14T13:30:00+00:00,8826.89,8834.41,8823.89,8831.4,478
2026-07-14T13:35:00+00:00,8831.4,8843.41,8828.89,8842.9,361
2026-07-14T13:40:00+00:00,8842.9,8852.91,8841.89,8851.39,327
2026-07-14T13:45:00+00:00,8851.39,8854.9,8845.39,8847.89,307
2026-07-14T13:50:00+00:00,8847.89,8854.4,8845.9,8849.89,220
2026-07-14T13:55:00+00:00,8849.89,8857.89,8848.89,8854.9,119
2026-07-14T14:00:00+00:00,8854.9,8854.9,8848.89,8850.41,284
2026-07-14T14:05:00+00:00,8850.41,8853.91,8847.89,8851.39,321
2026-07-14T14:10:00+00:00,8851.39,8854.91,8849.89,8854.4,348
2026-07-14T14:15:00+00:00,8854.4,8854.4,8840.9,8851.39,430
2026-07-14T14:20:00+00:00,8851.39,8858.39,8850.89,8854.91,368
2026-07-14T14:25:00+00:00,8854.91,8860.9,8850.91,8860.41,326
2026-07-14T14:30:00+00:00,8860.41,8879.91,8856.89,8869.9,584
2026-07-14T14:35:00+00:00,8869.9,8875.9,8865.89,8870.4,418
2026-07-14T14:40:00+00:00,8870.4,8871.91,8862.89,8862.89,222
2026-07-14T14:45:00+00:00,8862.89,8864.39,8853.89,8854.41,174
2026-07-14T14:50:00+00:00,8854.41,8864.4,8851.89,8864.4,147
2026-07-14T14:55:00+00:00,8864.4,8867.89,8862.9,8864.41,135
2026-07-14T15:00:00+00:00,8864.41,8875.89,8852.89,8867.4,488
2026-07-14T15:05:00+00:00,8867.4,8872.91,8864.91,8870.91,427
2026-07-14T15:10:00+00:00,8870.91,8873.91,8864.89,8872.91,182
2026-07-14T15:15:00+00:00,8872.91,8873.4,8864.39,8864.89,157
2026-07-14T15:20:00+00:00,8864.89,8868.9,8862.89,8866.89,119
2026-07-14T15:25:00+00:00,8866.89,8868.9,8863.89,8866.41,141
2026-07-14T15:30:00+00:00,8866.41,8868.9,8859.89,8862.39,250
2026-07-14T15:35:00+00:00,8862.39,8864.41,8855.39,8855.4,215
2026-07-14T15:40:00+00:00,8855.4,8858.41,8849.39,8857.9,214
2026-07-14T15:45:00+00:00,8857.9,8861.91,8857.41,8859.39,160
2026-07-14T15:50:00+00:00,8859.39,8859.9,8848.89,8848.89,150
2026-07-14T15:55:00+00:00,8848.89,8849.89,8843.39,8846.9,132
2026-07-14T16:00:00+00:00,8846.9,8846.9,8841.89,8844.9,183
2026-07-14T16:05:00+00:00,8844.9,8847.91,8841.91,8847.41,164
2026-07-14T16:10:00+00:00,8847.41,8850.91,8845.39,8849.4,153
2026-07-14T16:15:00+00:00,8849.4,8852.39,8846.89,8851.39,137
2026-07-14T16:20:00+00:00,8851.39,8851.91,8848.89,8850.91,130
2026-07-14T16:25:00+00:00,8850.91,8853.91,8849.91,8851.89,77
2026-07-14T16:30:00+00:00,8851.89,8853.9,8850.89,8852.41,77
2026-07-14T16:35:00+00:00,8852.41,8854.89,8850.9,8851.41,43
2026-07-14T16:40:00+00:00,8851.41,8852.9,8849.41,8849.91,43
2026-07-14T16:45:00+00:00,8849.91,8850.39,8841.89,8844.4,59
2026-07-14T16:50:00+00:00,8844.4,8846.91,8843.4,8845.89,24
2026-07-14T16:55:00+00:00,8845.89,8850.91,8845.89,8850.4,34
2026-07-14T17:00:00+00:00,8850.4,8850.91,8846.39,8846.91,41
2026-07-14T17:05:00+00:00,8846.91,8848.91,8844.41,8848.39,39
2026-07-14T17:10:00+00:00,8848.39,8848.9,8844.91,8844.91,56
2026-07-14T17:15:00+00:00,8844.91,8846.91,8842.39,8845.89,81
2026-07-14T17:20:00+00:00,8845.89,8847.91,8844.39,8846.4,48
2026-07-14T17:25:00+00:00,8846.4,8848.91,8846.4,8848.39,53
2026-07-14T17:30:00+00:00,8848.39,8848.91,8843.91,8843.91,32
2026-07-14T17:35:00+00:00,8843.91,8843.91,8841.9,8842.89,33
2026-07-14T17:40:00+00:00,8842.89,8843.91,8841.89,8842.91,26
2026-07-14T17:45:00+00:00,8842.91,8845.4,8840.91,8843.4,33
2026-07-14T17:50:00+00:00,8843.4,8845.9,8843.4,8844.89,28
2026-07-14T17:55:00+00:00,8844.89,8844.91,8843.4,8844.39,20.99579671379442
2026-07-14T18:00:00+00:00,8844.39,8846.41,8842.89,8845.89,42
2026-07-14T18:05:00+00:00,8845.89,8846.91,8844.89,8845.9,39
2026-07-14T18:10:00+00:00,8845.9,8848.89,8845.9,8848.39,26
2026-07-14T18:15:00+00:00,8848.39,8849.9,8847.89,8849.41,38
2026-07-14T18:20:00+00:00,8849.41,8850.89,8847.41,8847.41,34
2026-07-14T18:25:00+00:00,8847.41,8849.91,8846.4,8849.9,35
2026-07-14T18:30:00+00:00,8849.9,8850.41,8846.41,8849.89,39
2026-07-14T18:35:00+00:00,8849.89,8849.89,8845.39,8846.91,49
2026-07-14T18:40:00+00:00,8846.91,8846.91,8839.4,8840.9,117
2026-07-14T18:45:00+00:00,8840.9,8841.91,8839.89,8841.41,55.94983277591973
2026-07-14T18:50:00+00:00,8841.41,8842.9,8840.4,8841.9,34
2026-07-14T18:55:00+00:00,8841.9,8844.4,8840.91,8843.91,40
2026-07-14T19:00:00+00:00,8843.91,8844.41,8839.89,8841.4,52
2026-07-14T19:05:00+00:00,8841.4,8843.41,8840.4,8841.4,35
2026-07-14T19:10:00+00:00,8841.4,8843.41,8839.91,8842.41,23
2026-07-14T19:15:00+00:00,8842.41,8844.41,8841.4,8843.89,36
2026-07-14T19:20:00+00:00,8843.89,8844.91,8843.39,8844.9,18
2026-07-14T19:25:00+00:00,8844.9,8845.89,8841.89,8841.89,19.70923520923521
2026-07-14T19:30:00+00:00,8841.89,8843.91,8837.39,8837.9,92
2026-07-14T19:35:00+00:00,8837.9,8841.4,8836.39,8837.89,56
2026-07-14T19:40:00+00:00,8837.89,8841.91,8836.89,8840.91,56
2026-07-14T19:45:00+00:00,8840.91,8849.91,8840.91,8848.91,56
2026-07-14T19:50:00+00:00,8848.91,8850.41,8844.91,8848.91,71
2026-07-14T19:55:00+00:00,8848.91,8850.91,8845.91,8847.39,130
2026-07-14T20:00:00+00:00,8847.39,8847.4,8842.89,8844.91,34.9344909234412
2026-07-14T20:05:00+00:00,8844.91,8846.4,8844.4,8844.91,21
2026-07-14T20:10:00+00:00,8844.91,8844.91,8843.39,8843.39,13
2026-07-14T20:15:00+00:00,8843.39,8844.41,8843.39,8843.41,9
2026-07-14T20:20:00+00:00,8843.41,8843.41,8841.39,8841.39,8
2026-07-14T20:25:00+00:00,8841.39,8841.41,8840.39,8840.4,8
2026-07-14T20:30:00+00:00,8840.4,8840.41,8840.39,8840.39,4
2026-07-14T20:35:00+00:00,8840.39,8841.89,8840.38,8841.4,6
2026-07-14T20:40:00+00:00,8841.4,8841.41,8841.39,8841.4,4
2026-07-14T20:45:00+00:00,8841.4,8841.41,8837.89,8838.41,11
2026-07-14T20:50:00+00:00,8838.41,8842.39,8837.89,8842.39,19
2026-07-14T20:55:00+00:00,8842.39,8847.39,8842.39,8843.19,21
2026-07-14T23:00:00+00:00,8836.71,8841.71,8836.71,8840.71,42.002336299685105
2026-07-14T23:05:00+00:00,8840.71,8840.71,8838.71,8840.71,26.19747179184044
2026-07-14T23:10:00+00:00,8840.71,8843.71,8840.71,8843.71,17.7442233468835
2026-07-14T23:15:00+00:00,8843.71,8844.71,8841.71,8841.71,22.381854999412994
2026-07-14T23:20:00+00:00,8841.71,8842.71,8839.71,8842.71,31.595443554796134
2026-07-14T23:25:00+00:00,8842.71,8854.71,8841.71,8853.71,73.45095953674438
2026-07-14T23:30:00+00:00,8853.71,8856.71,8849.71,8855.71,91.44976688642986
2026-07-14T23:35:00+00:00,8855.71,8857.71,8852.71,8853.71,70.1835995291098
2026-07-14T23:40:00+00:00,8853.71,8859.71,8853.71,8853.71,49.650949662478325
2026-07-14T23:45:00+00:00,8853.71,8865.71,8851.71,8854.71,232.3979816042007
2026-07-14T23:50:00+00:00,8854.71,8872.699999999999,8854.71,8865.71,132.90984578884934
2026-07-14T23:55:00+00:00,8865.71,8869.71,8865.189999999999,8868.699999999999,137
2026-07-15T00:00:00+00:00,8868.699999999999,8886.609999999999,8865.599999999999,8871.599999999999,439
2026-07-15T00:05:00+00:00,8871.599999999999,8882.599999999999,8869.099999999999,8875.599999999999,252
2026-07-15T00:10:00+00:00,8875.599999999999,8883.609999999999,8872.599999999999,8874.109999999999,181
2026-07-15T00:15:00+00:00,8874.109999999999,8884.089999999998,8873.599999999999,8876.089999999998,157
2026-07-15T00:20:00+00:00,8876.089999999998,8878.609999999999,8871.089999999998,8871.099999999999,120
2026-07-15T00:25:00+00:00,8871.099999999999,8872.599999999999,8866.089999999998,8866.099999999999,88
2026-07-15T00:30:00+00:00,8866.099999999999,8872.609999999999,8866.089999999998,8866.099999999999,101
2026-07-15T00:35:00+00:00,8866.099999999999,8867.109999999999,8857.589999999998,8861.109999999999,148
2026-07-15T00:40:00+00:00,8861.109999999999,8861.609999999999,8854.609999999999,8856.089999999998,88
2026-07-15T00:45:00+00:00,8856.089999999998,8858.609999999999,8855.589999999998,8857.589999999998,102
2026-07-15T00:50:00+00:00,8857.589999999998,8857.599999999999,8852.599999999999,8857.599999999999,97
2026-07-15T00:55:00+00:00,8857.599999999999,8861.609999999999,8855.589999999998,8855.599999999999,125
2026-07-15T01:00:00+00:00,8855.599999999999,8859.109999999999,8845.599999999999,8847.089999999998,156
2026-07-15T01:05:00+00:00,8847.089999999998,8853.109999999999,8843.589999999998,8852.609999999999,112
2026-07-15T01:10:00+00:00,8852.609999999999,8855.109999999999,8849.589999999998,8853.099999999999,102
2026-07-15T01:15:00+00:00,8853.099999999999,8858.609999999999,8853.089999999998,8858.109999999999,91
2026-07-15T01:20:00+00:00,8858.109999999999,8858.609999999999,8852.089999999998,8852.099999999999,71
2026-07-15T01:25:00+00:00,8852.099999999999,8852.609999999999,8849.609999999999,8852.109999999999,91
2026-07-15T01:30:00+00:00,8852.109999999999,8852.609999999999,8844.589999999998,8845.089999999998,129
2026-07-15T01:35:00+00:00,8845.089999999998,8846.599999999999,8842.589999999998,8845.599999999999,102
2026-07-15T01:40:00+00:00,8845.599999999999,8846.589999999998,8840.609999999999,8841.589999999998,89
2026-07-15T01:45:00+00:00,8841.589999999998,8846.609999999999,8840.609999999999,8846.609999999999,95
2026-07-15T01:50:00+00:00,8846.609999999999,8849.609999999999,8844.089999999998,8849.109999999999,111
2026-07-15T01:55:00+00:00,8849.109999999999,8849.609999999999,8845.599999999999,8848.589999999998,57
2026-07-15T02:00:00+00:00,8848.589999999998,8849.609999999999,8846.609999999999,8849.099999999999,69
2026-07-15T02:05:00+00:00,8849.099999999999,8852.609999999999,8848.599999999999,8848.609999999999,78
2026-07-15T02:10:00+00:00,8848.609999999999,8849.099999999999,8845.589999999998,8845.589999999998,86
2026-07-15T02:15:00+00:00,8845.589999999998,8851.589999999998,8845.589999999998,8850.089999999998,41
2026-07-15T02:20:00+00:00,8850.089999999998,8853.109999999999,8848.099999999999,8851.599999999999,66
2026-07-15T02:25:00+00:00,8851.599999999999,8852.589999999998,8850.089999999998,8851.599999999999,38
2026-07-15T02:30:00+00:00,8851.599999999999,8853.099999999999,8846.589999999998,8848.589999999998,63
2026-07-15T02:35:00+00:00,8848.589999999998,8852.609999999999,8848.589999999998,8851.589999999998,46
2026-07-15T02:40:00+00:00,8851.589999999998,8856.609999999999,8851.589999999998,8854.609999999999,49
2026-07-15T02:45:00+00:00,8854.609999999999,8855.599999999999,8849.589999999998,8849.589999999998,71
2026-07-15T02:50:00+00:00,8849.589999999998,8850.099999999999,8845.589999999998,8845.609999999999,36
2026-07-15T02:55:00+00:00,8845.609999999999,8846.599999999999,8840.609999999999,8840.609999999999,50
2026-07-15T03:00:00+00:00,8840.609999999999,8842.599999999999,8840.099999999999,8841.089999999998,65
2026-07-15T03:05:00+00:00,8841.089999999998,8842.109999999999,8840.589999999998,8840.609999999999,29
2026-07-15T03:10:00+00:00,8840.609999999999,8840.609999999999,8838.609999999999,8839.609999999999,33
2026-07-15T03:15:00+00:00,8839.609999999999,8840.589999999998,8836.589999999998,8837.089999999998,60
2026-07-15T03:20:00+00:00,8837.089999999998,8839.109999999999,8836.589999999998,8837.609999999999,35
2026-07-15T03:25:00+00:00,8837.609999999999,8842.599999999999,8837.609999999999,8841.609999999999,49
2026-07-15T03:30:00+00:00,8841.609999999999,8843.089999999998,8839.599999999999,8842.589999999998,44
2026-07-15T03:35:00+00:00,8842.589999999998,8848.589999999998,8842.089999999998,8847.599999999999,47
2026-07-15T03:40:00+00:00,8847.599999999999,8848.609999999999,8843.089999999998,8843.089999999998,49
2026-07-15T03:45:00+00:00,8843.089999999998,8844.589999999998,8841.099999999999,8844.589999999998,52
2026-07-15T03:50:00+00:00,8844.589999999998,8846.609999999999,8844.589999999998,8845.599999999999,24
2026-07-15T03:55:00+00:00,8845.599999999999,8847.109999999999,8843.599999999999,8844.589999999998,33
2026-07-15T04:00:00+00:00,8844.589999999998,8847.609999999999,8843.589999999998,8843.589999999998,54
2026-07-15T04:05:00+00:00,8843.589999999998,8844.589999999998,8840.099999999999,8840.589999999998,49.0922920892495
2026-07-15T04:10:00+00:00,8840.589999999998,8843.599999999999,8839.089999999998,8839.089999999998,35
2026-07-15T04:15:00+00:00,8839.089999999998,8839.109999999999,8837.589999999998,8837.609999999999,29
2026-07-15T04:20:00+00:00,8837.609999999999,8839.609999999999,8836.589999999998,8838.589999999998,37
2026-07-15T04:25:00+00:00,8838.589999999998,8839.589999999998,8835.589999999998,8836.109999999999,37
2026-07-15T04:30:00+00:00,8836.109999999999,8836.109999999999,8834.589999999998,8835.099999999999,70
2026-07-15T04:35:00+00:00,8835.099999999999,8841.099999999999,8834.589999999998,8839.609999999999,46
2026-07-15T04:40:00+00:00,8839.609999999999,8840.609999999999,8837.589999999998,8839.599999999999,38
2026-07-15T04:45:00+00:00,8839.599999999999,8843.099999999999,8839.599999999999,8841.099999999999,25
2026-07-15T04:50:00+00:00,8841.099999999999,8843.099999999999,8841.089999999998,8841.609999999999,24
2026-07-15T04:55:00+00:00,8841.609999999999,8842.599999999999,8840.099999999999,8842.589999999998,27
2026-07-15T05:00:00+00:00,8842.589999999998,8845.089999999998,8837.589999999998,8837.599999999999,257
2026-07-15T05:05:00+00:00,8837.599999999999,8842.609999999999,8837.589999999998,8842.609999999999,91
2026-07-15T05:10:00+00:00,8842.609999999999,8842.609999999999,8837.589999999998,8837.589999999998,58
2026-07-15T05:15:00+00:00,8837.589999999998,8840.089999999998,8837.589999999998,8837.589999999998,60
2026-07-15T05:20:00+00:00,8837.589999999998,8840.609999999999,8837.589999999998,8838.599999999999,107
2026-07-15T05:25:00+00:00,8838.599999999999,8839.609999999999,8836.589999999998,8838.589999999998,54
2026-07-15T05:30:00+00:00,8838.589999999998,8839.609999999999,8836.109999999999,8836.109999999999,111
2026-07-15T05:35:00+00:00,8836.109999999999,8842.609999999999,8836.109999999999,8842.609999999999,87
2026-07-15T05:40:00+00:00,8842.609999999999,8842.609999999999,8836.609999999999,8837.589999999998,101
2026-07-15T05:45:00+00:00,8837.589999999998,8840.609999999999,8837.589999999998,8839.599999999999,59
2026-07-15T05:50:00+00:00,8839.599999999999,8840.099999999999,8835.599999999999,8837.599999999999,45
2026-07-15T05:55:00+00:00,8837.599999999999,8842.599999999999,8837.089999999998,8841.589999999998,51
2026-07-15T06:00:00+00:00,8841.589999999998,8845.189999999999,8839.189999999999,8844.689999999999,114
2026-07-15T06:05:00+00:00,8844.689999999999,8845.689999999999,8837.689999999999,8841.21,135
2026-07-15T06:10:00+00:00,8841.21,8845.21,8840.699999999999,8844.189999999999,117
2026-07-15T06:15:00+00:00,8844.189999999999,8844.689999999999,8840.199999999999,8844.199999999999,57
2026-07-15T06:20:00+00:00,8844.199999999999,8844.71,8840.699999999999,8842.21,64
2026-07-15T06:25:00+00:00,8842.21,8845.189999999999,8841.21,8844.989999999998,74
2026-07-15T07:10:00+00:00,8834.47,8834.47,8821.19,8825.67,114
2026-07-15T07:15:00+00:00,8825.67,8825.67,8818.67,8818.67,88
2026-07-15T07:20:00+00:00,8818.67,8819.19,8806.99,8815.18,79
2026-07-15T07:25:00+00:00,8815.18,8815.18,8798.97,8804.19,168
2026-07-15T07:30:00+00:00,8804.19,8805.68,8800.68,8805.19,121
2026-07-15T07:35:00+00:00,8805.19,8809.67,8805.19,8809.67,106
2026-07-15T07:40:00+00:00,8809.67,8815.18,8809.18,8815.18,96
2026-07-15T07:45:00+00:00,8815.18,8815.69,8809.17,8814.17,82
2026-07-15T07:50:00+00:00,8814.17,8816.18,8812.17,8812.69,58
2026-07-15T07:55:00+00:00,8812.69,8815.19,8810.67,8811.67,49
2026-07-15T08:00:00+00:00,8811.67,8812.19,8806.67,8808.68,73
2026-07-15T08:05:00+00:00,8808.68,8808.69,8805.17,8807.69,79
2026-07-15T08:10:00+00:00,8807.69,8808.19,8804.68,8808.18,75
2026-07-15T08:15:00+00:00,8808.18,8814.68,8807.67,8814.68,78
2026-07-15T08:20:00+00:00,8814.68,8815.68,8809.67,8812.69,113
2026-07-15T08:25:00+00:00,8812.69,8819.69,8811.67,8818.67,158
2026-07-15T08:30:00+00:00,8818.67,8822.18,8815.67,8819.68,72
2026-07-15T08:35:00+00:00,8819.68,8824.67,8818.68,8824.17,85
2026-07-15T08:40:00+00:00,8824.17,8825.69,8820.68,8822.68,80
2026-07-15T08:45:00+00:00,8822.68,8824.69,8821.17,8821.69,78
2026-07-15T08:50:00+00:00,8821.69,8821.69,8818.67,8818.67,37
2026-07-15T08:55:00+00:00,8818.67,8823.68,8817.67,8823.19,39
2026-07-15T09:00:00+00:00,8823.19,8827.18,8821.68,8823.18,61
2026-07-15T09:05:00+00:00,8823.18,8828.17,8823.18,8827.68,67
2026-07-15T09:10:00+00:00,8827.68,8829.69,8826.69,8828.19,47
2026-07-15T09:15:00+00:00,8828.19,8828.19,8823.67,8825.18,56
2026-07-15T09:20:00+00:00,8825.18,8825.18,8821.67,8823.17,68
2026-07-15T09:25:00+00:00,8823.17,8824.68,8821.67,8824.68,39
2026-07-15T09:30:00+00:00,8824.68,8825.17,8819.67,8820.67,47
2026-07-15T09:35:00+00:00,8820.67,8823.69,8820.67,8821.18,38
2026-07-15T09:40:00+00:00,8821.18,8825.69,8821.18,8825.18,38
2026-07-15T09:45:00+00:00,8825.18,8825.69,8821.17,8822.67,44
2026-07-15T09:50:00+00:00,8822.67,8823.19,8816.18,8817.18,54
2026-07-15T09:55:00+00:00,8817.18,8817.67,8814.18,8815.18,50
2026-07-15T10:00:00+00:00,8815.18,8817.19,8814.67,8816.68,75
2026-07-15T10:05:00+00:00,8816.68,8817.69,8814.17,8814.67,40
2026-07-15T10:10:00+00:00,8814.67,8815.18,8812.18,8814.17,54
2026-07-15T10:15:00+00:00,8814.17,8814.68,8813.17,8813.19,37
2026-07-15T10:20:00+00:00,8813.19,8816.19,8809.67,8809.69,112
2026-07-15T10:25:00+00:00,8809.69,8810.69,8806.18,8807.69,113
2026-07-15T10:30:00+00:00,8807.69,8811.69,8807.67,8810.68,106
2026-07-15T10:35:00+00:00,8810.68,8817.17,8810.68,8814.68,44
2026-07-15T10:40:00+00:00,8814.68,8814.69,8813.18,8813.68,44
2026-07-15T10:45:00+00:00,8813.68,8815.68,8813.17,8814.69,45
2026-07-15T10:50:00+00:00,8814.69,8815.68,8813.67,8814.67,52
2026-07-15T10:55:00+00:00,8814.67,8815.19,8812.19,8813.18,81
2026-07-15T11:00:00+00:00,8813.18,8815.69,8811.67,8813.18,68
2026-07-15T11:05:00+00:00,8813.18,8813.19,8809.68,8811.69,61
2026-07-15T11:10:00+00:00,8811.69,8811.69,8806.17,8807.18,45
2026-07-15T11:15:00+00:00,8807.18,8810.18,8806.68,8807.18,49
2026-07-15T11:20:00+00:00,8807.18,8809.19,8806.67,8806.67,36
2026-07-15T11:25:00+00:00,8806.67,8808.18,8805.67,8807.17,52
2026-07-15T11:30:00+00:00,8807.17,8809.68,8805.67,8809.68,49
2026-07-15T11:35:00+00:00,8809.68,8810.19,8808.18,8809.67,40
2026-07-15T11:40:00+00:00,8809.67,8811.19,8808.67,8811.19,40
2026-07-15T11:45:00+00:00,8811.19,8811.19,8808.69,8809.17,56
2026-07-15T11:50:00+00:00,8809.17,8813.17,8808.69,8809.19,93
2026-07-15T11:55:00+00:00,8809.19,8810.69,8807.69,8809.19,50
2026-07-15T12:00:00+00:00,8809.19,8810.69,8806.18,8806.18,34
2026-07-15T12:05:00+00:00,8806.18,8806.18,8799.67,8802.18,91
2026-07-15T12:10:00+00:00,8802.18,8803.69,8800.17,8801.69,68
2026-07-15T12:15:00+00:00,8801.69,8807.19,8801.69,8803.68,92
2026-07-15T12:20:00+00:00,8803.68,8809.68,8803.67,8809.17,68
2026-07-15T12:25:00+00:00,8809.17,8810.17,8807.67,8810.17,55
2026-07-15T12:30:00+00:00,8810.17,8821.18,8810.17,8819.69,288
2026-07-15T12:35:00+00:00,8819.69,8830.99,8819.69,8824.18,99
2026-07-15T12:40:00+00:00,8824.18,8830.18,8821.69,8830.17,133
2026-07-15T12:45:00+00:00,8830.17,8833.68,8828.19,8832.19,89
2026-07-15T12:50:00+00:00,8832.19,8832.67,8823.68,8828.69,109
2026-07-15T12:55:00+00:00,8828.69,8833.68,8826.67,8829.67,92
2026-07-15T13:00:00+00:00,8829.67,8837.69,8828.68,8837.18,78
2026-07-15T13:05:00+00:00,8837.18,8838.18,8834.67,8834.67,81
2026-07-15T13:10:00+00:00,8834.67,8834.67,8828.67,8828.68,104
2026-07-15T13:15:00+00:00,8828.68,8833.18,8827.67,8833.18,56
2026-07-15T13:20:00+00:00,8833.18,8833.18,8827.68,8827.68,49
2026-07-15T13:25:00+00:00,8827.68,8830.69,8824.19,8830.19,105
2026-07-15T13:30:00+00:00,8830.19,8839.67,8829.68,8837.68,266
2026-07-15T13:35:00+00:00,8837.68,8837.68,8827.17,8831.18,181
2026-07-15T13:40:00+00:00,8831.18,8833.67,8825.67,8832.17,126
2026-07-15T13:45:00+00:00,8832.17,8833.69,8828.67,8831.67,137
2026-07-15T13:50:00+00:00,8831.67,8843.18,8829.69,8843.18,187
2026-07-15T13:55:00+00:00,8843.18,8854.18,8841.67,8846.17,400
2026-07-15T14:00:00+00:00,8846.17,8848.68,8843.67,8845.69,167
2026-07-15T14:05:00+00:00,8845.69,8849.69,8843.68,8848.19,148
2026-07-15T14:10:00+00:00,8848.19,8852.69,8847.17,8852.69,131
2026-07-15T14:15:00+00:00,8852.69,8854.68,8849.17,8851.67,148
2026-07-15T14:20:00+00:00,8851.67,8853.68,8844.18,8846.67,200
2026-07-15T14:25:00+00:00,8846.67,8854.17,8844.19,8851.69,252
2026-07-15T14:30:00+00:00,8851.69,8855.69,8848.69,8855.67,197
2026-07-15T14:35:00+00:00,8855.67,8855.67,8844.67,8845.18,185
2026-07-15T14:40:00+00:00,8845.18,8846.69,8841.17,8843.19,233
2026-07-15T14:45:00+00:00,8843.19,8845.69,8836.68,8844.18,205
2026-07-15T14:50:00+00:00,8844.18,8846.18,8841.17,8843.18,157
2026-07-15T14:55:00+00:00,8843.18,8848.69,8842.17,8848.69,125
2026-07-15T15:00:00+00:00,8848.69,8851.68,8845.17,8846.18,164
2026-07-15T15:05:00+00:00,8846.18,8851.68,8844.68,8847.69,137
2026-07-15T15:10:00+00:00,8847.69,8848.68,8840.68,8840.68,130
2026-07-15T15:15:00+00:00,8840.68,8845.18,8836.19,8843.18,186
2026-07-15T15:20:00+00:00,8843.18,8843.18,8833.18,8841.17,167
2026-07-15T15:25:00+00:00,8841.17,8843.18,8839.68,8841.68,218
2026-07-15T15:30:00+00:00,8841.68,8845.69,8839.17,8842.69,236
2026-07-15T15:35:00+00:00,8842.69,8846.69,8842.67,8844.69,179
2026-07-15T15:40:00+00:00,8844.69,8845.69,8839.68,8839.68,114
2026-07-15T15:45:00+00:00,8839.68,8840.69,8836.67,8838.67,95
2026-07-15T15:50:00+00:00,8838.67,8841.68,8836.18,8841.68,90
2026-07-15T15:55:00+00:00,8841.68,8841.68,8835.67,8835.67,68
2026-07-15T16:00:00+00:00,8835.67,8837.69,8829.18,8829.69,122
2026-07-15T16:05:00+00:00,8829.69,8829.69,8824.67,8826.18,110
2026-07-15T16:10:00+00:00,8826.18,8826.19,8819.17,8819.67,75
2026-07-15T16:15:00+00:00,8819.67,8822.19,8816.69,8817.17,147
2026-07-15T16:20:00+00:00,8817.17,8818.69,8813.67,8814.19,110
2026-07-15T16:25:00+00:00,8814.19,8817.69,8813.17,8816.68,139
2026-07-15T16:30:00+00:00,8816.68,8819.68,8813.69,8814.17,141
2026-07-15T16:35:00+00:00,8814.17,8814.19,8811.17,8811.19,111
2026-07-15T16:40:00+00:00,8811.19,8817.17,8810.68,8817.17,132
2026-07-15T16:45:00+00:00,8817.17,8829.68,8817.17,8822.68,234
2026-07-15T16:50:00+00:00,8822.68,8826.19,8821.67,8821.69,91
2026-07-15T16:55:00+00:00,8821.69,8823.68,8818.68,8823.68,68
2026-07-15T17:00:00+00:00,8823.68,8829.19,8823.19,8828.18,73
2026-07-15T17:05:00+00:00,8828.18,8831.69,8826.68,8831.17,35
2026-07-15T17:10:00+00:00,8831.17,8832.19,8829.17,8829.17,39
2026-07-15T17:15:00+00:00,8829.17,8831.69,8827.67,8831.67,33
2026-07-15T17:20:00+00:00,8831.67,8833.19,8830.67,8833.19,45
2026-07-15T17:25:00+00:00,8833.19,8838.18,8832.68,8838.18,44
2026-07-15T17:30:00+00:00,8838.18,8840.68,8836.68,8839.69,84
2026-07-15T17:35:00+00:00,8839.69,8844.68,8838.67,8843.19,40
2026-07-15T17:40:00+00:00,8843.19,8844.69,8842.67,8843.68,46
2026-07-15T17:45:00+00:00,8843.68,8847.19,8841.68,8847.17,82
2026-07-15T17:50:00+00:00,8847.17,8848.68,8844.67,8847.69,71
2026-07-15T17:55:00+00:00,8847.69,8849.19,8846.17,8848.69,36
2026-07-15T18:00:00+00:00,8848.69,8849.68,8846.68,8847.18,50
2026-07-15T18:05:00+00:00,8847.18,8849.69,8846.68,8849.67,29
2026-07-15T18:10:00+00:00,8849.67,8850.69,8848.68,8849.67,53
2026-07-15T18:15:00+00:00,8849.67,8850.19,8847.67,8849.69,44
2026-07-15T18:20:00+00:00,8849.69,8850.68,8848.68,8849.18,29
2026-07-15T18:25:00+00:00,8849.18,8851.67,8849.17,8850.69,24
2026-07-15T18:30:00+00:00,8850.69,8854.69,8850.69,8853.68,42
2026-07-15T18:35:00+00:00,8853.68,8853.68,8850.18,8852.19,41
2026-07-15T18:40:00+00:00,8852.19,8852.69,8847.19,8847.67,34
2026-07-15T18:45:00+00:00,8847.67,8848.69,8844.67,8844.68,68
2026-07-15T18:50:00+00:00,8844.68,8845.69,8842.67,8844.19,51
2026-07-15T18:55:00+00:00,8844.19,8845.67,8841.68,8842.67,60
2026-07-15T19:00:00+00:00,8842.67,8846.68,8841.67,8846.18,51
2026-07-15T19:05:00+00:00,8846.18,8847.67,8845.18,8845.67,38
2026-07-15T19:10:00+00:00,8845.67,8849.69,8845.17,8848.68,64
2026-07-15T19:15:00+00:00,8848.68,8850.19,8847.69,8847.69,55
2026-07-15T19:20:00+00:00,8847.69,8847.69,8843.67,8844.19,65
2026-07-15T19:25:00+00:00,8844.19,8847.18,8843.68,8846.68,30
2026-07-15T19:30:00+00:00,8846.68,8848.69,8842.67,8842.69,114
2026-07-15T19:35:00+00:00,8842.69,8848.18,8840.67,8848.18,78
2026-07-15T19:40:00+00:00,8848.18,8850.19,8847.19,8849.68,29
2026-07-15T19:45:00+00:00,8849.68,8850.19,8845.67,8846.69,72
2026-07-15T19:50:00+00:00,8846.69,8847.68,8842.67,8843.67,96
2026-07-15T19:55:00+00:00,8843.67,8849.69,8843.67,8849.69,114
2026-07-15T20:00:00+00:00,8849.69,8849.69,8846.67,8849.19,36
2026-07-15T20:05:00+00:00,8849.19,8849.19,8844.17,8846.67,40.73667711598746
2026-07-15T20:10:00+00:00,8846.67,8847.16,8845.16,8845.65,21
2026-07-15T20:15:00+00:00,8845.65,8846.65,8845.15,8846.65,9
2026-07-15T20:20:00+00:00,8846.65,8848.17,8846.65,8848.17,10.73469387755102
2026-07-15T20:25:00+00:00,8848.17,8848.65,8847.15,8847.66,10
2026-07-15T20:30:00+00:00,8847.66,8848.17,8846.15,8846.66,14.357538035961273
2026-07-15T20:35:00+00:00,8846.66,8846.67,8844.15,8844.15,11.746628814762243
2026-07-15T20:40:00+00:00,8844.15,8845.17,8844.15,8845.15,9.771014492753624
2026-07-15T20:45:00+00:00,8845.15,8846.17,8844.65,8845.66,9.756168359941945
2026-07-15T20:50:00+00:00,8845.66,8848.17,8845.66,8848.17,13
2026-07-15T20:55:00+00:00,8848.17,8849.16,8829.47,8829.47,18.430023455824863
2026-07-15T23:00:00+00:00,8843.81,8843.81,8840.81,8841.81,26.9040278183797
2026-07-15T23:05:00+00:00,8841.81,8841.81,8838.81,8840.81,31.914962263142968
2026-07-15T23:10:00+00:00,8840.81,8846.81,8840.81,8846.81,41.876492483808235
2026-07-15T23:15:00+00:00,8846.81,8847.81,8844.81,8846.81,30.14659927288156
2026-07-15T23:20:00+00:00,8846.81,8848.81,8846.81,8848.81,30.83562614466682
2026-07-15T23:25:00+00:00,8848.81,8851.81,8847.81,8851.81,28.069499079105853
2026-07-15T23:30:00+00:00,8851.81,8855.81,8847.81,8855.81,77.72369223869737
2026-07-15T23:35:00+00:00,8855.81,8856.81,8845.81,8846.81,51.89665413431295
2026-07-15T23:40:00+00:00,8846.81,8849.81,8843.81,8844.81,75.4829856610805
2026-07-15T23:45:00+00:00,8844.81,8849.81,8836.81,8842.81,189.05311514211957
2026-07-15T23:50:00+00:00,8842.81,8863.279999999999,8842.81,8861.8,96.92815013404825
2026-07-15T23:55:00+00:00,8861.8,8863.3,8857.789999999999,8861.289999999999,126
2026-07-16T00:00:00+00:00,8861.289999999999,8870.19,8849.18,8851.19,393
2026-07-16T00:05:00+00:00,8851.19,8854.199999999999,8844.19,8851.18,287
2026-07-16T00:10:00+00:00,8851.18,8862.199999999999,8845.68,8858.199999999999,186
2026-07-16T00:15:00+00:00,8858.199999999999,8865.69,8858.199999999999,8862.18,127
2026-07-16T00:20:00+00:00,8862.18,8871.18,8862.18,8863.699999999999,139
2026-07-16T00:25:00+00:00,8863.699999999999,8866.699999999999,8862.18,8864.68,137
2026-07-16T00:30:00+00:00,8864.68,8869.69,8863.68,8867.18,115
2026-07-16T00:35:00+00:00,8867.18,8870.199999999999,8861.68,8864.19,97
2026-07-16T00:40:00+00:00,8864.19,8866.68,8858.18,8860.18,110
2026-07-16T00:45:00+00:00,8860.18,8862.199999999999,8857.18,8859.18,98
2026-07-16T00:50:00+00:00,8859.18,8861.18,8854.68,8854.69,90
2026-07-16T00:55:00+00:00,8854.69,8855.199999999999,8850.18,8850.199999999999,112
2026-07-16T01:00:00+00:00,8850.199999999999,8851.699999999999,8840.18,8844.19,196
2026-07-16T01:05:00+00:00,8844.19,8849.199999999999,8840.19,8841.18,167
2026-07-16T01:10:00+00:00,8841.18,8844.699999999999,8836.18,8841.19,165
2026-07-16T01:15:00+00:00,8841.19,8843.199999999999,8831.18,8831.699999999999,125
2026-07-16T01:20:00+00:00,8831.699999999999,8839.69,8831.18,8839.199999999999,98
2026-07-16T01:25:00+00:00,8839.199999999999,8840.19,8834.68,8835.69,68
2026-07-16T01:30:00+00:00,8835.69,8841.199999999999,8832.69,8833.68,105
2026-07-16T01:35:00+00:00,8833.68,8837.199999999999,8832.68,8834.699999999999,113
2026-07-16T01:40:00+00:00,8834.699999999999,8839.18,8832.18,8837.19,120
2026-07-16T01:45:00+00:00,8837.19,8842.19,8834.18,8835.68,111
2026-07-16T01:50:00+00:00,8835.68,8836.69,8830.18,8831.68,87
2026-07-16T01:55:00+00:00,8831.68,8831.68,8826.18,8827.199999999999,68
2026-07-16T02:00:00+00:00,8827.199999999999,8827.199999999999,8819.69,8824.199999999999,137
2026-07-16T02:05:00+00:00,8824.199999999999,8828.18,8823.68,8826.199999999999,87
2026-07-16T02:10:00+00:00,8826.199999999999,8830.699999999999,8826.18,8829.699999999999,42
2026-07-16T02:15:00+00:00,8829.699999999999,8830.699999999999,8823.199999999999,8824.18,99
2026-07-16T02:20:00+00:00,8824.18,8831.18,8823.69,8830.19,53
2026-07-16T02:25:00+00:00,8830.19,8834.699999999999,8829.19,8834.68,61
2026-07-16T02:30:00+00:00,8834.68,8836.699999999999,8827.18,8829.18,141
2026-07-16T02:35:00+00:00,8829.18,8832.18,8823.18,8825.199999999999,80
2026-07-16T02:40:00+00:00,8825.199999999999,8826.199999999999,8822.18,8826.199999999999,81
2026-07-16T02:45:00+00:00,8826.199999999999,8830.68,8825.69,8829.699999999999,65
2026-07-16T02:50:00+00:00,8829.699999999999,8829.699999999999,8823.18,8825.699999999999,60
2026-07-16T02:55:00+00:00,8825.699999999999,8830.699999999999,8825.699999999999,8828.69,40
2026-07-16T03:00:00+00:00,8828.69,8832.199999999999,8827.68,8830.19,46
2026-07-16T03:05:00+00:00,8830.19,8835.69,8830.19,8833.699999999999,68
2026-07-16T03:10:00+00:00,8833.699999999999,8836.19,8831.18,8831.18,55
2026-07-16T03:15:00+00:00,8831.18,8832.699999999999,8830.19,8832.68,46
2026-07-16T03:20:00+00:00,8832.68,8834.699999999999,8828.18,8828.18,72
2026-07-16T03:25:00+00:00,8828.18,8833.199999999999,8828.18,8832.18,28
2026-07-16T03:30:00+00:00,8832.18,8837.19,8831.68,8836.199999999999,158
2026-07-16T03:35:00+00:00,8836.199999999999,8837.199999999999,8831.68,8833.69,102
2026-07-16T03:40:00+00:00,8833.69,8835.19,8832.19,8832.19,42
2026-07-16T03:45:00+00:00,8832.19,8832.699999999999,8828.68,8830.199999999999,57
2026-07-16T03:50:00+00:00,8830.199999999999,8836.199999999999,8830.199999999999,8835.69,76
2026-07-16T03:55:00+00:00,8835.69,8838.69,8835.19,8835.19,53
2026-07-16T04:00:00+00:00,8835.19,8839.19,8834.18,8834.68,76
2026-07-16T04:05:00+00:00,8834.68,8836.199999999999,8833.18,8833.19,84
2026-07-16T04:10:00+00:00,8833.19,8837.199999999999,8831.18,8837.199999999999,69
2026-07-16T04:15:00+00:00,8837.199999999999,8837.199999999999,8831.19,8831.19,62
2026-07-16T04:20:00+00:00,8831.19,8831.199999999999,8829.68,8830.69,31
2026-07-16T04:25:00+00:00,8830.69,8833.199999999999,8829.18,8829.199999999999,45
2026-07-16T04:30:00+00:00,8829.199999999999,8831.199999999999,8828.199999999999,8829.199999999999,50
2026-07-16T04:35:00+00:00,8829.199999999999,8833.19,8829.18,8832.68,36
2026-07-16T04:40:00+00:00,8832.68,8834.199999999999,8828.199999999999,8828.199999999999,38
2026-07-16T04:45:00+00:00,8828.199999999999,8833.19,8827.68,8833.19,52
2026-07-16T04:50:00+00:00,8833.19,8837.19,8832.199999999999,8836.68,52
2026-07-16T04:55:00+00:00,8836.68,8837.69,8835.18,8836.18,58
2026-07-16T05:00:00+00:00,8836.18,8839.199999999999,8836.18,8839.19,43
2026-07-16T05:05:00+00:00,8839.19,8842.69,8839.19,8841.18,57
2026-07-16T05:10:00+00:00,8841.18,8850.19,8840.69,8849.18,115
2026-07-16T05:15:00+00:00,8849.18,8854.19,8849.18,8851.68,118
2026-07-16T05:20:00+00:00,8851.68,8853.199999999999,8850.18,8853.19,36
2026-07-16T05:25:00+00:00,8853.19,8856.19,8852.68,8853.68,64
2026-07-16T05:30:00+00:00,8853.68,8857.18,8848.18,8849.18,161
2026-07-16T05:35:00+00:00,8849.18,8850.199999999999,8846.18,8846.199999999999,176
2026-07-16T05:40:00+00:00,8846.199999999999,8848.18,8844.68,8845.69,126
2026-07-16T05:45:00+00:00,8845.69,8849.199999999999,8845.69,8846.18,75
2026-07-16T05:50:00+00:00,8846.18,8847.699999999999,8845.18,8846.699999999999,53
2026-07-16T05:55:00+00:00,8846.699999999999,8848.68,8846.68,8847.68,60
2026-07-16T06:00:00+00:00,8847.68,8847.779999999999,8841.279999999999,8844.3,102
2026-07-16T06:05:00+00:00,8844.3,8847.3,8837.779999999999,8845.3,278
2026-07-16T06:10:00+00:00,8845.3,8846.8,8839.8,8842.8,126
2026-07-16T06:15:00+00:00,8842.8,8847.8,8842.789999999999,8847.279999999999,134
2026-07-16T06:20:00+00:00,8847.279999999999,8847.789999999999,8840.779999999999,8842.789999999999,52
2026-07-16T06:25:00+00:00,8842.789999999999,8844.58,8841.779999999999,8844.08,68
2026-07-16T07:10:00+00:00,8828.76,8828.76,8814.47,8816.96,209
2026-07-16T07:15:00+00:00,8816.96,8817.48,8813.48,8814.46,168
2026-07-16T07:20:00+00:00,8814.46,8819.98,8814.46,8819.46,96
2026-07-16T07:25:00+00:00,8819.46,8820.46,8816.96,8818.46,48.428851815505396
2026-07-16T07:30:00+00:00,8818.46,8820.48,8816.96,8816.98,66
2026-07-16T07:35:00+00:00,8816.98,8817.48,8814.46,8816.48,65
2026-07-16T07:40:00+00:00,8816.48,8816.48,8812.96,8813.47,76
2026-07-16T07:45:00+00:00,8813.47,8814.48,8810.46,8810.46,80
2026-07-16T07:50:00+00:00,8810.46,8810.97,8808.96,8809.98,41
2026-07-16T07:55:00+00:00,8809.98,8810.97,8805.97,8809.96,72
2026-07-16T08:00:00+00:00,8809.96,8812.48,8808.96,8811.47,123
2026-07-16T08:05:00+00:00,8811.47,8811.98,8805.96,8805.97,94
2026-07-16T08:10:00+00:00,8805.97,8805.98,8798.97,8798.98,106
2026-07-16T08:15:00+00:00,8798.98,8803.98,8798.46,8803.98,126
2026-07-16T08:20:00+00:00,8803.98,8812.48,8803.96,8808.47,88
2026-07-16T08:25:00+00:00,8808.47,8812.48,8807.46,8812.46,129
2026-07-16T08:30:00+00:00,8812.46,8816.96,8811.97,8814.98,84
2026-07-16T08:35:00+00:00,8814.98,8816.48,8812.96,8812.96,70
2026-07-16T08:40:00+00:00,8812.96,8815.98,8811.46,8811.48,86
2026-07-16T08:45:00+00:00,8811.48,8818.96,8811.48,8818.48,85
2026-07-16T08:50:00+00:00,8818.48,8818.48,8812.47,8812.97,89
2026-07-16T08:55:00+00:00,8812.97,8814.97,8812.48,8813.96,119
2026-07-16T09:00:00+00:00,8813.96,8817.98,8813.96,8815.46,96
2026-07-16T09:05:00+00:00,8815.46,8817.48,8813.46,8815.47,73
2026-07-16T09:10:00+00:00,8815.47,8818.98,8814.46,8817.46,68
2026-07-16T09:15:00+00:00,8817.46,8819.98,8814.96,8815.47,57
2026-07-16T09:20:00+00:00,8815.47,8817.97,8812.47,8812.47,60
2026-07-16T09:25:00+00:00,8812.47,8814.48,8810.97,8812.97,58
2026-07-16T09:30:00+00:00,8812.97,8815.48,8812.46,8812.98,59
2026-07-16T09:35:00+00:00,8812.98,8813.98,8809.46,8809.97,61
2026-07-16T09:40:00+00:00,8809.97,8809.97,8807.47,8808.48,44
2026-07-16T09:45:00+00:00,8808.48,8808.48,8804.48,8804.48,69
2026-07-16T09:50:00+00:00,8804.48,8806.46,8803.47,8805.48,54
2026-07-16T09:55:00+00:00,8805.48,8809.96,8805.46,8805.46,87
2026-07-16T10:00:00+00:00,8805.46,8807.97,8803.47,8807.96,104
2026-07-16T10:05:00+00:00,8807.96,8808.96,8805.46,8807.97,61
2026-07-16T10:10:00+00:00,8807.97,8807.97,8804.46,8804.96,69
2026-07-16T10:15:00+00:00,8804.96,8805.46,8801.46,8801.98,55
2026-07-16T10:20:00+00:00,8801.98,8802.46,8797.46,8798.47,50
2026-07-16T10:25:00+00:00,8798.47,8801.98,8798.46,8801.98,67
2026-07-16T10:30:00+00:00,8801.98,8803.48,8801.46,8802.47,40
2026-07-16T10:35:00+00:00,8802.47,8802.48,8799.46,8799.47,42
2026-07-16T10:40:00+00:00,8799.47,8803.48,8799.47,8802.96,75
2026-07-16T10:45:00+00:00,8802.96,8805.48,8802.96,8804.47,66
2026-07-16T10:50:00+00:00,8804.47,8804.47,8801.47,8802.96,61
2026-07-16T10:55:00+00:00,8802.96,8803.48,8801.46,8802.98,83
2026-07-16T11:00:00+00:00,8802.98,8802.98,8793.96,8795.46,111
2026-07-16T11:05:00+00:00,8795.46,8798.48,8794.46,8797.98,99
2026-07-16T11:10:00+00:00,8797.98,8798.47,8795.46,8797.48,69
2026-07-16T11:15:00+00:00,8797.48,8797.98,8792.46,8796.47,94
2026-07-16T11:20:00+00:00,8796.47,8802.46,8796.47,8802.46,110
2026-07-16T11:25:00+00:00,8802.46,8802.46,8795.96,8796.98,61
2026-07-16T11:30:00+00:00,8796.98,8796.98,8793.46,8795.96,75
2026-07-16T11:35:00+00:00,8795.96,8797.48,8793.97,8797.47,98
2026-07-16T11:40:00+00:00,8797.47,8798.98,8795.46,8797.48,97
2026-07-16T11:45:00+00:00,8797.48,8798.97,8778.47,8782.96,133
2026-07-16T11:50:00+00:00,8782.96,8791.98,8782.96,8791.96,344
2026-07-16T11:55:00+00:00,8791.96,8796.98,8791.46,8796.47,93
2026-07-16T12:00:00+00:00,8796.47,8797.48,8794.46,8794.97,95
2026-07-16T12:05:00+00:00,8794.97,8795.47,8790.46,8791.48,105
2026-07-16T12:10:00+00:00,8791.48,8791.48,8785.46,8787.47,151
2026-07-16T12:15:00+00:00,8787.47,8788.48,8783.47,8787.98,120
2026-07-16T12:20:00+00:00,8787.98,8787.98,8779.46,8779.46,169
2026-07-16T12:25:00+00:00,8779.46,8784.46,8778.46,8784.46,129
2026-07-16T12:30:00+00:00,8784.46,8784.98,8777.96,8778.96,186
2026-07-16T12:35:00+00:00,8778.96,8779.48,8767.97,8768.46,173
2026-07-16T12:40:00+00:00,8768.46,8768.98,8765.96,8767.98,141
2026-07-16T12:45:00+00:00,8767.98,8774.98,8766.46,8771.97,133
2026-07-16T12:50:00+00:00,8771.97,8774.98,8770.47,8774.48,122
2026-07-16T12:55:00+00:00,8774.48,8774.48,8770.47,8770.98,105
2026-07-16T13:00:00+00:00,8770.98,8773.47,8767.47,8772.96,153
2026-07-16T13:05:00+00:00,8772.96,8775.48,8769.47,8774.97,106
2026-07-16T13:10:00+00:00,8774.97,8779.48,8773.46,8779.48,100
2026-07-16T13:15:00+00:00,8779.48,8781.98,8778.98,8780.48,107
2026-07-16T13:20:00+00:00,8780.48,8782.48,8779.47,8782.48,115
2026-07-16T13:25:00+00:00,8782.48,8783.48,8780.46,8782.47,95
2026-07-16T13:30:00+00:00,8782.47,8791.98,8777.48,8778.47,321
2026-07-16T13:35:00+00:00,8778.47,8780.98,8774.47,8775.96,241
2026-07-16T13:40:00+00:00,8775.96,8781.46,8773.46,8777.96,321
2026-07-16T13:45:00+00:00,8777.96,8784.48,8777.96,8784.47,355
2026-07-16T13:50:00+00:00,8784.47,8797.47,8784.47,8788.98,498
2026-07-16T13:55:00+00:00,8788.98,8790.48,8785.46,8789.46,301
2026-07-16T14:00:00+00:00,8789.46,8799.47,8788.46,8798.96,245
2026-07-16T14:05:00+00:00,8798.96,8803.48,8797.46,8803.47,209
2026-07-16T14:10:00+00:00,8803.47,8805.98,8800.46,8802.47,204
2026-07-16T14:15:00+00:00,8802.47,8803.48,8798.47,8803.48,218
2026-07-16T14:20:00+00:00,8803.48,8803.48,8799.96,8801.48,178
2026-07-16T14:25:00+00:00,8801.48,8807.48,8798.46,8805.46,173
2026-07-16T14:30:00+00:00,8805.46,8805.48,8800.96,8802.97,184
2026-07-16T14:35:00+00:00,8802.97,8805.47,8801.46,8802.97,159
2026-07-16T14:40:00+00:00,8802.97,8807.48,8802.96,8807.48,110
2026-07-16T14:45:00+00:00,8807.48,8809.48,8806.46,8806.98,166
2026-07-16T14:50:00+00:00,8806.98,8810.47,8805.96,8807.48,168
2026-07-16T14:55:00+00:00,8807.48,8812.46,8805.46,8811.46,207
2026-07-16T15:00:00+00:00,8811.46,8811.48,8808.47,8809.97,126
2026-07-16T15:05:00+00:00,8809.97,8813.48,8808.47,8813.48,120
2026-07-16T15:10:00+00:00,8813.48,8814.96,8812.46,8814.48,86
2026-07-16T15:15:00+00:00,8814.48,8817.47,8813.96,8816.97,83
2026-07-16T15:20:00+00:00,8816.97,8821.48,8815.46,8821.46,88
2026-07-16T15:25:00+00:00,8821.46,8827.98,8821.46,8826.48,138
2026-07-16T15:30:00+00:00,8826.48,8834.47,8822.96,8834.47,240
2026-07-16T15:35:00+00:00,8834.47,8834.48,8828.96,8833.48,139
2026-07-16T15:40:00+00:00,8833.48,8834.48,8830.46,8830.96,160
2026-07-16T15:45:00+00:00,8830.96,8830.96,8824.97,8826.96,133
2026-07-16T15:50:00+00:00,8826.96,8828.47,8821.47,8821.98,89
2026-07-16T15:55:00+00:00,8821.98,8821.98,8815.47,8817.46,97
2026-07-16T16:00:00+00:00,8817.46,8817.47,8808.48,8808.48,90
2026-07-16T16:05:00+00:00,8808.48,8819.48,8804.48,8818.47,183
2026-07-16T16:10:00+00:00,8818.47,8818.47,8812.46,8815.48,158
2026-07-16T16:15:00+00:00,8815.48,8819.48,8812.96,8816.96,129
2026-07-16T16:20:00+00:00,8816.96,8816.96,8809.96,8812.98,251
2026-07-16T16:25:00+00:00,8812.98,8813.98,8809.98,8813.97,120
2026-07-16T16:30:00+00:00,8813.97,8815.98,8809.96,8812.47,138
2026-07-16T16:35:00+00:00,8812.47,8816.98,8811.96,8812.47,128
2026-07-16T16:40:00+00:00,8812.47,8814.48,8809.46,8811.47,77
2026-07-16T16:45:00+00:00,8811.47,8812.98,8809.46,8811.48,99
2026-07-16T16:50:00+00:00,8811.48,8815.48,8810.46,8814.98,88
2026-07-16T16:55:00+00:00,8814.98,8819.48,8814.47,8817.97,137
2026-07-16T17:00:00+00:00,8817.97,8818.48,8814.47,8817.47,121
2026-07-16T17:05:00+00:00,8817.47,8817.98,8813.46,8816.96,76
2026-07-16T17:10:00+00:00,8816.96,8817.48,8812.46,8812.97,170
2026-07-16T17:15:00+00:00,8812.97,8815.47,8812.96,8814.97,100
2026-07-16T17:20:00+00:00,8814.97,8815.98,8813.46,8815.47,149
2026-07-16T17:25:00+00:00,8815.47,8818.48,8813.46,8816.48,186
2026-07-16T17:30:00+00:00,8816.48,8817.98,8812.46,8813.96,90
2026-07-16T17:35:00+00:00,8813.96,8815.47,8810.46,8812.48,115
2026-07-16T17:40:00+00:00,8812.48,8812.48,8808.48,8810.47,119
2026-07-16T17:45:00+00:00,8810.47,8814.48,8809.46,8812.98,105
2026-07-16T17:50:00+00:00,8812.98,8814.97,8810.47,8813.46,100
2026-07-16T17:55:00+00:00,8813.46,8813.46,8808.96,8811.48,68
2026-07-16T18:00:00+00:00,8811.48,8812.96,8807.96,8808.46,101
2026-07-16T18:05:00+00:00,8808.46,8808.48,8805.46,8806.46,125
2026-07-16T18:10:00+00:00,8806.46,8810.98,8806.46,8808.46,106
2026-07-16T18:15:00+00:00,8808.46,8812.97,8806.96,8812.48,48
2026-07-16T18:20:00+00:00,8812.48,8815.48,8811.97,8813.47,124
2026-07-16T18:25:00+00:00,8813.47,8815.48,8811.46,8811.97,141
2026-07-16T18:30:00+00:00,8811.97,8811.97,8807.46,8808.46,123
2026-07-16T18:35:00+00:00,8808.46,8808.48,8806.47,8806.48,91
2026-07-16T18:40:00+00:00,8806.48,8809.48,8803.46,8807.98,116
2026-07-16T18:45:00+00:00,8807.98,8810.48,8807.48,8809.97,104
2026-07-16T18:50:00+00:00,8809.97,8810.48,8805.96,8806.48,77
2026-07-16T18:55:00+00:00,8806.48,8806.96,8804.46,8804.46,103
2026-07-16T19:00:00+00:00,8804.46,8809.48,8803.47,8808.98,101
2026-07-16T19:05:00+00:00,8808.98,8809.47,8804.46,8804.98,84
2026-07-16T19:10:00+00:00,8804.98,8805.47,8802.48,8804.98,85
2026-07-16T19:15:00+00:00,8804.98,8805.48,8802.47,8805.46,78
2026-07-16T19:20:00+00:00,8805.46,8806.47,8802.96,8803.48,75
2026-07-16T19:25:00+00:00,8803.48,8803.98,8800.46,8803.46,33
2026-07-16T19:30:00+00:00,8803.46,8804.48,8800.46,8800.47,139
2026-07-16T19:35:00+00:00,8800.47,8803.98,8797.96,8803.98,86
2026-07-16T19:40:00+00:00,8803.98,8806.48,8803.46,8804.46,76
2026-07-16T19:45:00+00:00,8804.46,8804.48,8798.48,8801.47,95
2026-07-16T19:50:00+00:00,8801.47,8811.48,8801.46,8811.46,145
2026-07-16T19:55:00+00:00,8811.46,8813.48,8806.46,8812.98,150
2026-07-16T20:00:00+00:00,8812.98,8815.47,8812.46,8812.97,68
2026-07-16T20:05:00+00:00,8812.97,8814.48,8811.46,8811.96,39
2026-07-16T20:10:00+00:00,8811.96,8812.98,8810.47,8810.96,36
2026-07-16T20:15:00+00:00,8810.96,8813.98,8810.46,8813.96,39
2026-07-16T20:20:00+00:00,8813.96,8815.48,8813.96,8814.46,59.133225458468175
2026-07-16T20:25:00+00:00,8814.46,8814.46,8812.47,8812.48,10
2026-07-16T20:30:00+00:00,8812.48,8812.96,8810.96,8811.48,16
2026-07-16T20:35:00+00:00,8811.48,8813.48,8811.48,8813.48,19
2026-07-16T20:40:00+00:00,8813.48,8813.98,8812.96,8813.98,10.101079656879351
2026-07-16T20:45:00+00:00,8813.98,8815.48,8813.96,8814.46,21.185977170898227
2026-07-16T20:50:00+00:00,8814.46,8815.48,8813.46,8814.46,23.089981593752277
2026-07-16T20:55:00+00:00,8814.46,8815.48,8807.78,8813.77,35
2026-07-16T23:00:00+00:00,8806.91,8809.91,8802.91,8806.91,80.96764971922916
2026-07-16T23:05:00+00:00,8806.91,8806.91,8800.91,8801.91,85.841711304042
2026-07-16T23:10:00+00:00,8801.91,8804.91,8799.91,8803.91,87.26061380889888
2026-07-16T23:15:00+00:00,8803.91,8804.91,8800.91,8802.91,60.68036772920368
2026-07-16T23:20:00+00:00,8802.91,8805.91,8798.91,8798.91,71.13208580605233
2026-07-16T23:25:00+00:00,8798.91,8805.91,8797.91,8804.91,81.87363919763553
2026-07-16T23:30:00+00:00,8804.91,8804.91,8797.91,8802.91,163.24492564751134
2026-07-16T23:35:00+00:00,8802.91,8807.91,8798.91,8806.91,110.12374035790582
2026-07-16T23:40:00+00:00,8806.91,8811.91,8805.91,8810.91,141.1194637651259
2026-07-16T23:45:00+00:00,8810.91,8810.91,8789.41,8791.039999999999,437.27340998580496
2026-07-16T23:50:00+00:00,8791.039999999999,8792.539999999999,8781.269999999999,8789.769999999999,89.79835507657401
2026-07-16T23:55:00+00:00,8789.769999999999,8792.779999999999,8786.779999999999,8792.269999999999,91
2026-07-17T00:00:00+00:00,8792.269999999999,8797.179999999998,8785.669999999998,8787.179999999998,366
2026-07-17T00:05:00+00:00,8787.179999999998,8793.159999999998,8783.159999999998,8784.669999999998,299
2026-07-17T00:10:00+00:00,8784.669999999998,8789.159999999998,8771.169999999998,8776.159999999998,231
2026-07-17T00:15:00+00:00,8776.159999999998,8779.669999999998,8767.669999999998,8770.179999999998,147
2026-07-17T00:20:00+00:00,8770.179999999998,8776.179999999998,8769.669999999998,8772.679999999998,115
2026-07-17T00:25:00+00:00,8772.679999999998,8772.679999999998,8763.679999999998,8764.679999999998,91
2026-07-17T00:30:00+00:00,8764.679999999998,8768.659999999998,8757.179999999998,8758.659999999998,115
2026-07-17T00:35:00+00:00,8758.659999999998,8759.679999999998,8754.679999999998,8755.659999999998,74
2026-07-17T00:40:00+00:00,8755.659999999998,8757.179999999998,8748.669999999998,8752.659999999998,102
2026-07-17T00:45:00+00:00,8752.659999999998,8760.169999999998,8751.679999999998,8759.169999999998,117
2026-07-17T00:50:00+00:00,8759.169999999998,8761.669999999998,8756.169999999998,8760.669999999998,108
2026-07-17T00:55:00+00:00,8760.669999999998,8763.159999999998,8756.669999999998,8758.659999999998,141
2026-07-17T01:00:00+00:00,8758.659999999998,8761.679999999998,8753.159999999998,8753.669999999998,162
2026-07-17T01:05:00+00:00,8753.669999999998,8757.679999999998,8748.679999999998,8757.679999999998,134
2026-07-17T01:10:00+00:00,8757.679999999998,8758.659999999998,8753.659999999998,8755.659999999998,113
2026-07-17T01:15:00+00:00,8755.659999999998,8758.679999999998,8755.659999999998,8758.679999999998,111
2026-07-17T01:20:00+00:00,8758.679999999998,8758.679999999998,8749.159999999998,8749.659999999998,123
2026-07-17T01:25:00+00:00,8749.659999999998,8755.669999999998,8746.159999999998,8755.669999999998,104
2026-07-17T01:30:00+00:00,8755.669999999998,8757.179999999998,8747.159999999998,8747.179999999998,135
2026-07-17T01:35:00+00:00,8747.179999999998,8748.679999999998,8744.659999999998,8745.179999999998,95
2026-07-17T01:40:00+00:00,8745.179999999998,8745.179999999998,8740.169999999998,8742.179999999998,92
2026-07-17T01:45:00+00:00,8742.179999999998,8742.669999999998,8738.669999999998,8741.179999999998,142
2026-07-17T01:50:00+00:00,8741.179999999998,8741.679999999998,8737.659999999998,8739.659999999998,123
2026-07-17T01:55:00+00:00,8739.659999999998,8740.169999999998,8736.659999999998,8738.159999999998,71
2026-07-17T02:00:00+00:00,8738.159999999998,8749.179999999998,8738.159999999998,8747.179999999998,140
2026-07-17T02:05:00+00:00,8747.179999999998,8748.659999999998,8742.169999999998,8742.169999999998,88
2026-07-17T02:10:00+00:00,8742.169999999998,8742.179999999998,8736.659999999998,8738.679999999998,105
2026-07-17T02:15:00+00:00,8738.679999999998,8738.679999999998,8733.159999999998,8734.669999999998,73
2026-07-17T02:20:00+00:00,8734.669999999998,8734.679999999998,8730.659999999998,8732.679999999998,66
2026-07-17T02:25:00+00:00,8732.679999999998,8742.659999999998,8732.659999999998,8741.169999999998,67
2026-07-17T02:30:00+00:00,8741.169999999998,8741.179999999998,8735.159999999998,8737.669999999998,67
2026-07-17T02:35:00+00:00,8737.669999999998,8744.679999999998,8737.179999999998,8744.159999999998,52
2026-07-17T02:40:00+00:00,8744.159999999998,8750.179999999998,8744.159999999998,8749.179999999998,94
2026-07-17T02:45:00+00:00,8749.179999999998,8755.179999999998,8747.669999999998,8753.669999999998,83
2026-07-17T02:50:00+00:00,8753.669999999998,8761.179999999998,8752.659999999998,8758.679999999998,84
2026-07-17T02:55:00+00:00,8758.679999999998,8764.179999999998,8757.659999999998,8764.179999999998,91
2026-07-17T03:00:00+00:00,8764.179999999998,8768.679999999998,8762.669999999998,8768.169999999998,94
2026-07-17T03:05:00+00:00,8768.169999999998,8773.679999999998,8767.659999999998,8771.669999999998,94
2026-07-17T03:10:00+00:00,8771.669999999998,8775.679999999998,8770.679999999998,8774.679999999998,71
2026-07-17T03:15:00+00:00,8774.679999999998,8779.669999999998,8774.679999999998,8778.169999999998,48
2026-07-17T03:20:00+00:00,8778.169999999998,8779.679999999998,8774.179999999998,8774.669999999998,87
2026-07-17T03:25:00+00:00,8774.669999999998,8775.679999999998,8772.659999999998,8773.179999999998,59
2026-07-17T03:30:00+00:00,8773.179999999998,8773.669999999998,8765.159999999998,8765.659999999998,144
2026-07-17T03:35:00+00:00,8765.659999999998,8767.659999999998,8762.669999999998,8764.679999999998,99
2026-07-17T03:40:00+00:00,8764.679999999998,8764.679999999998,8759.659999999998,8761.179999999998,64
2026-07-17T03:45:00+00:00,8761.179999999998,8761.679999999998,8755.659999999998,8755.659999999998,93
2026-07-17T03:50:00+00:00,8755.659999999998,8756.679999999998,8753.659999999998,8755.659999999998,36
2026-07-17T03:55:00+00:00,8755.659999999998,8755.659999999998,8750.179999999998,8751.159999999998,67
2026-07-17T04:00:00+00:00,8751.159999999998,8755.179999999998,8750.169999999998,8751.669999999998,122
2026-07-17T04:05:00+00:00,8751.669999999998,8754.179999999998,8750.659999999998,8751.659999999998,100
2026-07-17T04:10:00+00:00,8751.659999999998,8753.669999999998,8750.659999999998,8751.659999999998,119
2026-07-17T04:15:00+00:00,8751.659999999998,8752.669999999998,8749.659999999998,8749.659999999998,74
2026-07-17T04:20:00+00:00,8749.659999999998,8750.679999999998,8743.169999999998,8743.169999999998,120
2026-07-17T04:25:00+00:00,8743.169999999998,8743.679999999998,8737.659999999998,8740.179999999998,96
2026-07-17T04:30:00+00:00,8740.179999999998,8741.179999999998,8736.659999999998,8736.669999999998,136
2026-07-17T04:35:00+00:00,8736.669999999998,8740.669999999998,8733.159999999998,8735.669999999998,85
2026-07-17T04:40:00+00:00,8735.669999999998,8741.679999999998,8732.659999999998,8739.679999999998,100
2026-07-17T04:45:00+00:00,8739.679999999998,8746.679999999998,8739.679999999998,8745.659999999998,223
2026-07-17T04:50:00+00:00,8745.659999999998,8747.669999999998,8744.659999999998,8746.679999999998,79
2026-07-17T04:55:00+00:00,8746.679999999998,8749.159999999998,8745.169999999998,8746.179999999998,82
2026-07-17T05:00:00+00:00,8746.179999999998,8746.179999999998,8741.669999999998,8744.679999999998,163
2026-07-17T05:05:00+00:00,8744.679999999998,8744.679999999998,8737.659999999998,8740.159999999998,90
2026-07-17T05:10:00+00:00,8740.159999999998,8741.179999999998,8738.179999999998,8739.669999999998,106
2026-07-17T05:15:00+00:00,8739.669999999998,8743.669999999998,8737.159999999998,8742.679999999998,89
2026-07-17T05:20:00+00:00,8742.679999999998,8742.679999999998,8740.659999999998,8742.659999999998,68
2026-07-17T05:25:00+00:00,8742.659999999998,8742.679999999998,8738.669999999998,8741.659999999998,86
2026-07-17T05:30:00+00:00,8741.659999999998,8747.659999999998,8741.659999999998,8741.659999999998,115
2026-07-17T05:35:00+00:00,8741.659999999998,8747.679999999998,8741.659999999998,8747.679999999998,117
2026-07-17T05:40:00+00:00,8747.679999999998,8753.679999999998,8747.669999999998,8753.679999999998,104
2026-07-17T05:45:00+00:00,8753.679999999998,8755.679999999998,8750.659999999998,8755.659999999998,134
2026-07-17T05:50:00+00:00,8755.659999999998,8761.669999999998,8755.659999999998,8760.679999999998,108
2026-07-17T05:55:00+00:00,8760.679999999998,8761.679999999998,8756.159999999998,8758.159999999998,123
2026-07-17T06:00:00+00:00,8758.159999999998,8768.269999999999,8756.259999999998,8767.259999999998,181
2026-07-17T06:05:00+00:00,8767.259999999998,8769.769999999999,8762.259999999998,8766.269999999999,166
2026-07-17T06:10:00+00:00,8766.269999999999,8773.269999999999,8763.259999999998,8768.279999999999,147
2026-07-17T06:15:00+00:00,8768.279999999999,8772.279999999999,8766.259999999998,8772.279999999999,134
2026-07-17T06:20:00+00:00,8772.279999999999,8774.279999999999,8768.759999999998,8771.769999999999,93
2026-07-17T06:25:00+00:00,8771.769999999999,8772.269999999999,8764.279999999999,8770.069999999998,203
2026-07-17T07:10:00+00:00,8790.3,8790.3,8773.79,8785,118
2026-07-17T07:15:00+00:00,8785,8793.51,8784.99,8789,75
2026-07-17T07:20:00+00:00,8789,8789,8783.99,8785.99,95
2026-07-17T07:25:00+00:00,8785.99,8792.51,8785.99,8792.5,100
2026-07-17T07:30:00+00:00,8792.5,8795.51,8790.49,8794.51,123
2026-07-17T07:35:00+00:00,8794.51,8795.51,8790.99,8795.51,86
2026-07-17T07:40:00+00:00,8795.51,8797.01,8792.01,8795.01,114
2026-07-17T07:45:00+00:00,8795.01,8797.51,8791,8796.01,94
2026-07-17T07:50:00+00:00,8796.01,8799.51,8794.49,8797.51,104
2026-07-17T07:55:00+00:00,8797.51,8799.01,8791.99,8794,100
2026-07-17T08:00:00+00:00,8794,8804,8791.01,8803.51,177
2026-07-17T08:05:00+00:00,8803.51,8805.99,8798.99,8800,152
2026-07-17T08:10:00+00:00,8800,8800,8791.49,8795.51,176
2026-07-17T08:15:00+00:00,8795.51,8796.51,8786.5,8787.01,150
2026-07-17T08:20:00+00:00,8787.01,8789,8783.51,8784.5,193
2026-07-17T08:25:00+00:00,8784.5,8788,8779,8785.5,161
2026-07-17T08:30:00+00:00,8785.5,8788.99,8777.01,8778,168
2026-07-17T08:35:00+00:00,8778,8780,8773,8774.5,111
2026-07-17T08:40:00+00:00,8774.5,8782.01,8773.99,8782.01,191
2026-07-17T08:45:00+00:00,8782.01,8788.51,8780.99,8785,152
2026-07-17T08:50:00+00:00,8785,8786,8779.51,8783.01,136
2026-07-17T08:55:00+00:00,8783.01,8787.49,8780.99,8782,108
2026-07-17T09:00:00+00:00,8782,8782.51,8776.01,8780.49,94
2026-07-17T09:05:00+00:00,8780.49,8782.5,8777.5,8780.99,134
2026-07-17T09:10:00+00:00,8780.99,8791.49,8780.99,8790.01,117
2026-07-17T09:15:00+00:00,8790.01,8790.01,8785.5,8788.01,89
2026-07-17T09:20:00+00:00,8788.01,8789.01,8783.5,8788,70
2026-07-17T09:25:00+00:00,8788,8790.51,8788,8790.49,57
2026-07-17T09:30:00+00:00,8790.49,8791.51,8786.49,8787.01,97
2026-07-17T09:35:00+00:00,8787.01,8790.5,8785.99,8788.51,93
2026-07-17T09:40:00+00:00,8788.51,8788.51,8783.51,8784.5,97
2026-07-17T09:45:00+00:00,8784.5,8786.01,8782.51,8782.51,115
2026-07-17T09:50:00+00:00,8782.51,8789.01,8782.51,8787.51,127
2026-07-17T09:55:00+00:00,8787.51,8791.99,8786.5,8791.51,107
2026-07-17T10:00:00+00:00,8791.51,8794.5,8790.51,8793.49,117
2026-07-17T10:05:00+00:00,8793.49,8798,8792.99,8794.99,106
2026-07-17T10:10:00+00:00,8794.99,8797.51,8792,8797.51,115
2026-07-17T10:15:00+00:00,8797.51,8799.99,8797.49,8799.01,72
2026-07-17T10:20:00+00:00,8799.01,8799.51,8794.49,8796.51,67
2026-07-17T10:25:00+00:00,8796.51,8799.49,8795.51,8797.99,63
2026-07-17T10:30:00+00:00,8797.99,8803.5,8797.99,8803.5,64
2026-07-17T10:35:00+00:00,8803.5,8804.51,8802.49,8803.99,61
2026-07-17T10:40:00+00:00,8803.99,8805.51,8797.99,8799.5,55
2026-07-17T10:45:00+00:00,8799.5,8800.51,8798.51,8799.01,47
2026-07-17T10:50:00+00:00,8799.01,8799.51,8794.99,8797.01,48
2026-07-17T10:55:00+00:00,8797.01,8801.49,8796,8796.99,77
2026-07-17T11:00:00+00:00,8796.99,8802.01,8794.51,8795.5,90
2026-07-17T11:05:00+00:00,8795.5,8797.5,8790.49,8791,87
2026-07-17T11:10:00+00:00,8791,8793.01,8790.49,8791.51,51
2026-07-17T11:15:00+00:00,8791.51,8797.01,8791.49,8796.01,49
2026-07-17T11:20:00+00:00,8796.01,8796.01,8792.5,8793.49,58
2026-07-17T11:25:00+00:00,8793.49,8796.01,8792.99,8795.5,62
2026-07-17T11:30:00+00:00,8795.5,8797.5,8792.99,8794.99,55
2026-07-17T11:35:00+00:00,8794.99,8797.01,8794.99,8796.51,46
2026-07-17T11:40:00+00:00,8796.51,8798.51,8794.49,8795.01,77
2026-07-17T11:45:00+00:00,8795.01,8799.51,8793.49,8799.49,72
2026-07-17T11:50:00+00:00,8799.49,8803.5,8797,8803.49,68
2026-07-17T11:55:00+00:00,8803.49,8805.51,8801.99,8803.01,45
2026-07-17T12:00:00+00:00,8803.01,8804.51,8797.99,8798.5,96
2026-07-17T12:05:00+00:00,8798.5,8801,8794.99,8796,78
2026-07-17T12:10:00+00:00,8796,8799.01,8795.99,8797.5,80
2026-07-17T12:15:00+00:00,8797.5,8801.5,8797.5,8798.01,70
2026-07-17T12:20:00+00:00,8798.01,8798.51,8795,8798.01,100
2026-07-17T12:25:00+00:00,8798.01,8799.51,8797,8798.01,58
2026-07-17T12:30:00+00:00,8798.01,8800.51,8794,8796.51,108
2026-07-17T12:35:00+00:00,8796.51,8802.51,8795.49,8802.01,122
2026-07-17T12:40:00+00:00,8802.01,8802.49,8798,8801.49,91
2026-07-17T12:45:00+00:00,8801.49,8802.51,8796.49,8796.51,105
2026-07-17T12:50:00+00:00,8796.51,8799.51,8794.49,8799.51,57
2026-07-17T12:55:00+00:00,8799.51,8800.5,8794.49,8796.5,91
2026-07-17T13:00:00+00:00,8796.5,8796.5,8781.5,8785.5,172
2026-07-17T13:05:00+00:00,8785.5,8786.5,8781.99,8782,141
2026-07-17T13:10:00+00:00,8782,8783.5,8780.51,8782,67
2026-07-17T13:15:00+00:00,8782,8783.51,8779.99,8780.5,117
2026-07-17T13:20:00+00:00,8780.5,8781.51,8776,8779.01,90
2026-07-17T13:25:00+00:00,8779.01,8785,8778.5,8780.99,170
2026-07-17T13:30:00+00:00,8780.99,8782.5,8770.01,8771.49,378
2026-07-17T13:35:00+00:00,8771.49,8787.51,8771.49,8785,324
2026-07-17T13:40:00+00:00,8785,8797.51,8785,8787.49,370
2026-07-17T13:45:00+00:00,8787.49,8805.51,8787.49,8805.01,417
2026-07-17T13:50:00+00:00,8805.01,8812.51,8804,8810.49,292
2026-07-17T13:55:00+00:00,8810.49,8823.01,8809.01,8822,214
2026-07-17T14:00:00+00:00,8822,8825,8812,8817,307
2026-07-17T14:05:00+00:00,8817,8823.99,8816.99,8821.99,240
2026-07-17T14:10:00+00:00,8821.99,8825.5,8818.49,8819.99,154
2026-07-17T14:15:00+00:00,8819.99,8825.51,8817,8818.01,221
2026-07-17T14:20:00+00:00,8818.01,8823.01,8818.01,8821.01,173
2026-07-17T14:25:00+00:00,8821.01,8823.5,8816.99,8817.5,151
2026-07-17T14:30:00+00:00,8817.5,8819.01,8808.99,8812.5,230
2026-07-17T14:35:00+00:00,8812.5,8819.51,8812.49,8818.99,213
2026-07-17T14:40:00+00:00,8818.99,8818.99,8810.99,8814,178
2026-07-17T14:45:00+00:00,8814,8820.01,8811.49,8817,195
2026-07-17T14:50:00+00:00,8817,8819.5,8813.49,8814.99,114
2026-07-17T14:55:00+00:00,8814.99,8818.01,8812.49,8815,152
2026-07-17T15:00:00+00:00,8815,8815.01,8808.5,8812,174
2026-07-17T15:05:00+00:00,8812,8816.5,8810,8816.5,221
2026-07-17T15:10:00+00:00,8816.5,8820.51,8808.5,8809.99,185
2026-07-17T15:15:00+00:00,8809.99,8819.01,8807.5,8816.99,217
2026-07-17T15:20:00+00:00,8816.99,8820.5,8813.49,8817.49,249
2026-07-17T15:25:00+00:00,8817.49,8826.51,8817.49,8825.49,233
2026-07-17T15:30:00+00:00,8825.49,8830.49,8820.49,8825.5,294
2026-07-17T15:35:00+00:00,8825.5,8831.5,8824.49,8829.49,260
2026-07-17T15:40:00+00:00,8829.49,8833.51,8828.99,8831.51,183
2026-07-17T15:45:00+00:00,8831.51,8831.51,8827.51,8830.5,137
2026-07-17T15:50:00+00:00,8830.5,8836.51,8828.5,8836.51,121
2026-07-17T15:55:00+00:00,8836.51,8843.51,8835.49,8843.51,129
2026-07-17T16:00:00+00:00,8843.51,8843.51,8830,8834.51,318
2026-07-17T16:05:00+00:00,8834.51,8837.5,8829.99,8837.01,226
2026-07-17T16:10:00+00:00,8837.01,8839.51,8836.5,8838.49,150
2026-07-17T16:15:00+00:00,8838.49,8840,8835.49,8837.51,83
2026-07-17T16:20:00+00:00,8837.51,8837.51,8829.99,8830.51,120
2026-07-17T16:25:00+00:00,8830.51,8834.51,8827.99,8832.51,95
2026-07-17T16:30:00+00:00,8832.51,8834.01,8827.49,8827.49,97
2026-07-17T16:35:00+00:00,8827.49,8830.5,8827.49,8828.49,100
2026-07-17T16:40:00+00:00,8828.49,8833.5,8826.99,8833.5,92
2026-07-17T16:45:00+00:00,8833.5,8839.49,8832.49,8838.49,89
2026-07-17T16:50:00+00:00,8838.49,8840.5,8836.51,8838.01,88
2026-07-17T16:55:00+00:00,8838.01,8838.01,8832.49,8834.49,77
2026-07-17T17:00:00+00:00,8834.49,8840.51,8834.01,8837.5,82
2026-07-17T17:05:00+00:00,8837.5,8840.51,8836.49,8839.99,46
2026-07-17T17:10:00+00:00,8839.99,8840.5,8835.99,8836.51,62
2026-07-17T17:15:00+00:00,8836.51,8842.51,8835.5,8838.99,41
2026-07-17T17:20:00+00:00,8838.99,8841.5,8837.5,8839.49,56
2026-07-17T17:25:00+00:00,8839.49,8844.51,8839.49,8844.49,48
2026-07-17T17:30:00+00:00,8844.49,8844.5,8841.49,8843.01,64
2026-07-17T17:35:00+00:00,8843.01,8843.01,8839.49,8839.49,88
2026-07-17T17:40:00+00:00,8839.49,8839.49,8835.49,8837.5,52
2026-07-17T17:45:00+00:00,8837.5,8840.51,8837.01,8840.51,55
2026-07-17T17:50:00+00:00,8840.51,8840.99,8834.5,8834.99,71
2026-07-17T17:55:00+00:00,8834.99,8836.01,8830.49,8832.49,78
2026-07-17T18:00:00+00:00,8832.49,8834.49,8829.49,8830.99,93
2026-07-17T18:05:00+00:00,8830.99,8832.51,8828.49,8830.49,77
2026-07-17T18:10:00+00:00,8830.49,8833,8828.51,8828.51,58
2026-07-17T18:15:00+00:00,8828.51,8829.49,8825.49,8826.99,148
2026-07-17T18:20:00+00:00,8826.99,8827.5,8822.49,8822.99,94
2026-07-17T18:25:00+00:00,8822.99,8823.49,8819.99,8822.49,115
2026-07-17T18:30:00+00:00,8822.49,8827.01,8819.49,8821.51,155
2026-07-17T18:35:00+00:00,8821.51,8823,8815.99,8816.49,78
2026-07-17T18:40:00+00:00,8816.49,8818.01,8811.51,8813.99,99
2026-07-17T18:45:00+00:00,8813.99,8818.5,8812.49,8816.5,107
2026-07-17T18:50:00+00:00,8816.5,8820.51,8814.51,8820,67
2026-07-17T18:55:00+00:00,8820,8821.5,8818.5,8819.5,72
2026-07-17T19:00:00+00:00,8819.5,8820.5,8814.49,8814.5,109
2026-07-17T19:05:00+00:00,8814.5,8815.51,8810.49,8810.99,63
2026-07-17T19:10:00+00:00,8810.99,8811.51,8808.99,8809.49,81
2026-07-17T19:15:00+00:00,8809.49,8812.51,8809.49,8812,90
2026-07-17T19:20:00+00:00,8812,8812.49,8809.49,8809.49,100
2026-07-17T19:25:00+00:00,8809.49,8813.51,8806.49,8813.01,102
2026-07-17T19:30:00+00:00,8813.01,8816.01,8811.49,8812,185
2026-07-17T19:35:00+00:00,8812,8816.51,8811.49,8812.5,97
2026-07-17T19:40:00+00:00,8812.5,8828.01,8811.99,8825.99,156
2026-07-17T19:45:00+00:00,8825.99,8832.51,8825.49,8832.51,178
2026-07-17T19:50:00+00:00,8832.51,8840.51,8832.01,8840.49,216
2026-07-17T19:55:00+00:00,8840.49,8844.51,8837.01,8837.01,185
2026-07-17T20:00:00+00:00,8837.01,8837.01,8829.99,8831,100
2026-07-17T20:05:00+00:00,8831,8831.49,8828.5,8831.01,32
2026-07-17T20:10:00+00:00,8831.01,8831.01,8828.5,8829.5,21
2026-07-17T20:15:00+00:00,8829.5,8830.01,8828,8829.99,17.41569992266048
2026-07-17T20:20:00+00:00,8829.99,8832.5,8829.5,8832.01,17
2026-07-17T20:25:00+00:00,8832.01,8833.01,8831.51,8833.01,15.426863292148266
2026-07-17T20:30:00+00:00,8833.01,8834.51,8832.49,8833.99,15
2026-07-17T20:35:00+00:00,8833.99,8836,8833.5,8836,16
2026-07-17T20:40:00+00:00,8836,8837.01,8835.49,8836.51,12
2026-07-19T23:50:00+00:00,8831.77,8838.78,8830.78,8832.28,75
2026-07-19T23:55:00+00:00,8832.28,8837.28,8828.27,8831.77,182
2026-07-20T00:00:00+00:00,8831.77,8839.66,8827.68,8835.16,596
2026-07-20T00:05:00+00:00,8835.16,8839.66,8834.18,8835.18,260
2026-07-20T00:10:00+00:00,8835.18,8835.18,8823.67,8823.67,196
2026-07-20T00:15:00+00:00,8823.67,8827.16,8820.17,8824.16,165
2026-07-20T00:20:00+00:00,8824.16,8824.17,8818.17,8819.18,172
2026-07-20T00:25:00+00:00,8819.18,8820.67,8810.17,8811.66,143
2026-07-20T00:30:00+00:00,8811.66,8811.68,8803.67,8803.68,242
2026-07-20T00:35:00+00:00,8803.68,8809.68,8802.66,8806.67,149
2026-07-20T00:40:00+00:00,8806.67,8813.68,8805.18,8807.17,102
2026-07-20T00:45:00+00:00,8807.17,8815.67,8807.17,8813.17,144
2026-07-20T00:50:00+00:00,8813.17,8822.18,8813.17,8821.17,141
2026-07-20T00:55:00+00:00,8821.17,8823.18,8816.17,8820.18,85
2026-07-20T01:00:00+00:00,8820.18,8827.16,8818.16,8819.67,227
2026-07-20T01:05:00+00:00,8819.67,8821.18,8815.18,8820.18,228
2026-07-20T01:10:00+00:00,8820.18,8826.68,8813.16,8813.16,134
2026-07-20T01:15:00+00:00,8813.16,8815.68,8809.16,8809.66,165
2026-07-20T01:20:00+00:00,8809.66,8817.66,8808.16,8816.18,175
2026-07-20T01:25:00+00:00,8816.18,8816.18,8801.16,8801.16,131
2026-07-20T01:30:00+00:00,8801.16,8805.67,8798.18,8804.68,159
2026-07-20T01:35:00+00:00,8804.68,8808.18,8799.67,8807.17,149
2026-07-20T01:40:00+00:00,8807.17,8807.17,8793.16,8795.16,174
2026-07-20T01:45:00+00:00,8795.16,8803.18,8794.66,8802.18,218
2026-07-20T01:50:00+00:00,8802.18,8806.16,8800.16,8800.68,223
2026-07-20T01:55:00+00:00,8800.68,8803.16,8795.66,8799.18,203
2026-07-20T02:00:00+00:00,8799.18,8809.18,8796.18,8807.17,258
2026-07-20T02:05:00+00:00,8807.17,8807.18,8799.16,8800.66,178
2026-07-20T02:10:00+00:00,8800.66,8801.68,8796.17,8798.67,107
2026-07-20T02:15:00+00:00,8798.67,8799.18,8792.17,8793.68,84
2026-07-20T02:20:00+00:00,8793.68,8798.18,8793.68,8795.68,66
2026-07-20T02:25:00+00:00,8795.68,8796.18,8793.66,8793.66,89
2026-07-20T02:30:00+00:00,8793.66,8802.18,8793.17,8801.18,142
2026-07-20T02:35:00+00:00,8801.18,8806.68,8799.17,8805.17,111
2026-07-20T02:40:00+00:00,8805.17,8814.17,8802.68,8811.67,117
2026-07-20T02:45:00+00:00,8811.67,8818.67,8811.67,8818.17,100
2026-07-20T02:50:00+00:00,8818.17,8820.17,8815.66,8816.67,65
2026-07-20T02:55:00+00:00,8816.67,8818.18,8813.18,8814.17,65
2026-07-20T03:00:00+00:00,8814.17,8814.18,8810.16,8811.16,99
2026-07-20T03:05:00+00:00,8811.16,8811.16,8806.16,8807.17,104
2026-07-20T03:10:00+00:00,8807.17,8812.18,8807.17,8812.17,62
2026-07-20T03:15:00+00:00,8812.17,8816.17,8811.17,8814.17,77
2026-07-20T03:20:00+00:00,8814.17,8817.18,8813.16,8817.18,65
2026-07-20T03:25:00+00:00,8817.18,8817.18,8813.17,8814.16,49
2026-07-20T03:30:00+00:00,8814.16,8818.18,8813.16,8815.16,53
2026-07-20T03:35:00+00:00,8815.16,8816.18,8813.16,8814.17,85
2026-07-20T03:40:00+00:00,8814.17,8816.18,8812.17,8815.16,88
2026-07-20T03:45:00+00:00,8815.16,8817.18,8813.16,8814.17,68
2026-07-20T03:50:00+00:00,8814.17,8818.67,8813.68,8817.18,50
2026-07-20T03:55:00+00:00,8817.18,8818.18,8813.17,8814.67,51
2026-07-20T04:00:00+00:00,8814.67,8818.18,8813.68,8818.18,81
2026-07-20T04:05:00+00:00,8818.18,8818.18,8812.17,8813.16,51
2026-07-20T04:10:00+00:00,8813.16,8813.16,8807.18,8807.66,38
2026-07-20T04:15:00+00:00,8807.66,8808.17,8803.16,8804.18,49
2026-07-20T04:20:00+00:00,8804.18,8806.16,8802.67,8805.68,66
2026-07-20T04:25:00+00:00,8805.68,8808.18,8804.18,8806.67,32
2026-07-20T04:30:00+00:00,8806.67,8813.18,8806.17,8812.16,88
2026-07-20T04:35:00+00:00,8812.16,8812.68,8808.66,8811.66,55
2026-07-20T04:40:00+00:00,8811.66,8816.66,8811.16,8816.18,99
2026-07-20T04:45:00+00:00,8816.18,8820.68,8815.16,8820.18,59
2026-07-20T04:50:00+00:00,8820.18,8821.17,8817.16,8817.68,87
2026-07-20T04:55:00+00:00,8817.68,8818.17,8813.16,8813.68,57
2026-07-20T05:00:00+00:00,8813.68,8816.67,8811.16,8811.66,58
2026-07-20T05:05:00+00:00,8811.66,8813.68,8808.17,8810.16,62
2026-07-20T05:10:00+00:00,8810.16,8811.17,8805.16,8810.67,92
2026-07-20T05:15:00+00:00,8810.67,8811.18,8807.16,8811.16,117
2026-07-20T05:20:00+00:00,8811.16,8811.18,8808.16,8809.68,127
2026-07-20T05:25:00+00:00,8809.68,8810.66,8807.66,8808.16,85
2026-07-20T05:30:00+00:00,8808.16,8809.18,8807.16,8808.17,103
2026-07-20T05:35:00+00:00,8808.17,8808.66,8805.16,8805.17,67
2026-07-20T05:40:00+00:00,8805.17,8808.17,8802.66,8803.17,109
2026-07-20T05:45:00+00:00,8803.17,8803.17,8799.66,8801.16,72
2026-07-20T05:50:00+00:00,8801.16,8802.18,8798.17,8798.17,57
2026-07-20T05:55:00+00:00,8798.17,8801.16,8797.18,8799.17,66
2026-07-20T06:00:00+00:00,8799.17,8799.17,8794.76,8795.78,138
2026-07-20T06:05:00+00:00,8795.78,8795.78,8787.76,8787.76,254
2026-07-20T06:10:00+00:00,8787.76,8788.78,8780.26,8784.27,148
2026-07-20T06:15:00+00:00,8784.27,8788.77,8782.78,8785.78,102
2026-07-20T06:20:00+00:00,8785.78,8787.78,8783.26,8783.27,106
2026-07-20T06:25:00+00:00,8783.27,8789.57,8782.76,8789.57,115
2026-07-20T07:10:00+00:00,8789.57,8799.77,8789.57,8791.76,91
2026-07-20T07:15:00+00:00,8791.76,8793.76,8789.27,8791.78,73
2026-07-20T07:20:00+00:00,8791.78,8804.78,8791.27,8801.26,113
2026-07-20T07:25:00+00:00,8801.26,8807.76,8800.78,8806.76,68
2026-07-20T07:30:00+00:00,8806.76,8814.78,8806.76,8813.26,141
2026-07-20T07:35:00+00:00,8813.26,8814.78,8810.76,8814.27,117
2026-07-20T07:40:00+00:00,8814.27,8824.77,8813.77,8824.77,134
2026-07-20T07:45:00+00:00,8824.77,8827.78,8816.27,8816.78,141
2026-07-20T07:50:00+00:00,8816.78,8816.78,8811.77,8812.76,117
2026-07-20T07:55:00+00:00,8812.76,8819.28,8812.26,8816.76,135
2026-07-20T08:00:00+00:00,8816.76,8823.78,8816.76,8819.27,237
2026-07-20T08:05:00+00:00,8819.27,8819.78,8816.27,8818.76,123
2026-07-20T08:10:00+00:00,8818.76,8823.78,8817.26,8823.28,81
2026-07-20T08:15:00+00:00,8823.28,8827.26,8823.27,8823.27,88
2026-07-20T08:20:00+00:00,8823.27,8825.77,8821.28,8825.77,80
2026-07-20T08:25:00+00:00,8825.77,8825.78,8822.76,8824.76,77
2026-07-20T08:30:00+00:00,8824.76,8825.77,8820.77,8822.77,94
2026-07-20T08:35:00+00:00,8822.77,8825.28,8819.77,8823.78,74
2026-07-20T08:40:00+00:00,8823.78,8825.78,8820.26,8820.27,61
2026-07-20T08:45:00+00:00,8820.27,8823.28,8819.76,8822.78,73
2026-07-20T08:50:00+00:00,8822.78,8823.27,8820.27,8821.77,55
2026-07-20T08:55:00+00:00,8821.77,8823.78,8821.26,8823.28,52
2026-07-20T09:00:00+00:00,8823.28,8824.28,8818.77,8819.77,75
2026-07-20T09:05:00+00:00,8819.77,8819.77,8814.76,8817.28,93
2026-07-20T09:10:00+00:00,8817.28,8820.28,8817.26,8819.27,57
2026-07-20T09:15:00+00:00,8819.27,8824.28,8817.77,8817.77,55
2026-07-20T09:20:00+00:00,8817.77,8822.28,8817.27,8818.76,48
2026-07-20T09:25:00+00:00,8818.76,8819.78,8816.76,8818.76,40
2026-07-20T09:30:00+00:00,8818.76,8821.78,8817.26,8820.77,81
2026-07-20T09:35:00+00:00,8820.77,8822.77,8820.76,8820.77,57
2026-07-20T09:40:00+00:00,8820.77,8822.78,8819.76,8821.77,75
2026-07-20T09:45:00+00:00,8821.77,8824.78,8821.26,8822.26,42
2026-07-20T09:50:00+00:00,8822.26,8822.78,8818.76,8820.26,54
2026-07-20T09:55:00+00:00,8820.26,8820.26,8816.77,8819.27,55
2026-07-20T10:00:00+00:00,8819.27,8820.28,8816.76,8819.28,46
2026-07-20T10:05:00+00:00,8819.28,8819.76,8816.76,8817.27,51
2026-07-20T10:10:00+00:00,8817.27,8818.27,8813.28,8813.76,48
2026-07-20T10:15:00+00:00,8813.76,8813.76,8808.76,8810.76,55
2026-07-20T10:20:00+00:00,8810.76,8814.27,8810.76,8813.77,45.836161187698835
2026-07-20T10:25:00+00:00,8813.77,8815.27,8810.76,8810.78,57
2026-07-20T10:30:00+00:00,8810.78,8810.78,8806.77,8807.77,75
2026-07-20T10:35:00+00:00,8807.77,8807.77,8800.77,8802.76,39
2026-07-20T10:40:00+00:00,8802.76,8803.78,8799.27,8803.28,91
2026-07-20T10:45:00+00:00,8803.28,8805.27,8802.76,8804.77,77
2026-07-20T10:50:00+00:00,8804.77,8809.78,8803.28,8809.77,65
2026-07-20T10:55:00+00:00,8809.77,8809.78,8807.77,8809.27,62
2026-07-20T11:00:00+00:00,8809.27,8813.78,8808.28,8813.28,122
2026-07-20T11:05:00+00:00,8813.28,8813.77,8811.28,8812.76,95
2026-07-20T11:10:00+00:00,8812.76,8814.28,8810.76,8813.78,54
2026-07-20T11:15:00+00:00,8813.78,8814.78,8811.28,8812.26,50
2026-07-20T11:20:00+00:00,8812.26,8814.78,8809.27,8809.78,50
2026-07-20T11:25:00+00:00,8809.78,8809.78,8808.26,8809.76,31
2026-07-20T11:30:00+00:00,8809.76,8834.28,8808.77,8831.27,1073
2026-07-20T11:35:00+00:00,8831.27,8834.77,8828.76,8832.76,284
2026-07-20T11:40:00+00:00,8832.76,8834.77,8828.77,8829.77,182
2026-07-20T11:45:00+00:00,8829.77,8830.78,8822.27,8822.76,97
2026-07-20T11:50:00+00:00,8822.76,8825.78,8818.78,8825.78,143
2026-07-20T11:55:00+00:00,8825.78,8826.78,8822.76,8824.76,108
2026-07-20T12:00:00+00:00,8824.76,8825.28,8804.76,8810.26,699
2026-07-20T12:05:00+00:00,8810.26,8812.76,8808.26,8810.28,225
2026-07-20T12:10:00+00:00,8810.28,8811.27,8807.28,8810.28,134
2026-07-20T12:15:00+00:00,8810.28,8811.78,8807.76,8808.78,65
2026-07-20T12:20:00+00:00,8808.78,8808.78,8801.26,8801.76,67
2026-07-20T12:25:00+00:00,8801.76,8807.28,8799.77,8807.27,74
2026-07-20T12:30:00+00:00,8807.27,8811.76,8803.26,8804.26,108
2026-07-20T12:35:00+00:00,8804.26,8808.78,8803.26,8805.77,83
2026-07-20T12:40:00+00:00,8805.77,8806.28,8800.27,8801.28,110
2026-07-20T12:45:00+00:00,8801.28,8806.76,8800.76,8805.78,109
2026-07-20T12:50:00+00:00,8805.78,8805.78,8798.76,8798.76,100
2026-07-20T12:55:00+00:00,8798.76,8798.78,8792.76,8797.27,94
2026-07-20T13:00:00+00:00,8797.27,8798.78,8794.26,8796.76,160
2026-07-20T13:05:00+00:00,8796.76,8796.78,8793.27,8795.77,115
2026-07-20T13:10:00+00:00,8795.77,8798.26,8792.27,8793.27,100
2026-07-20T13:15:00+00:00,8793.27,8794.28,8791.77,8793.76,64
2026-07-20T13:20:00+00:00,8793.76,8796.78,8793.76,8796.76,66
2026-07-20T13:25:00+00:00,8796.76,8798.77,8794.78,8798.77,98
2026-07-20T13:30:00+00:00,8798.77,8809.28,8796.27,8797.77,276
2026-07-20T13:35:00+00:00,8797.77,8801.28,8794.77,8798.77,199
2026-07-20T13:40:00+00:00,8798.77,8799.78,8791.78,8792.77,171
2026-07-20T13:45:00+00:00,8792.77,8792.77,8783.27,8789.77,210
2026-07-20T13:50:00+00:00,8789.77,8791.77,8781.77,8785.78,218
2026-07-20T13:55:00+00:00,8785.78,8787.77,8777.26,8777.78,238
2026-07-20T14:00:00+00:00,8777.78,8780.77,8772.78,8775.78,246
2026-07-20T14:05:00+00:00,8775.78,8778.78,8768.77,8772.76,295
2026-07-20T14:10:00+00:00,8772.76,8772.78,8765.26,8766.77,261
2026-07-20T14:15:00+00:00,8766.77,8774.78,8765.77,8768.28,279
2026-07-20T14:20:00+00:00,8768.28,8771.28,8764.76,8769.77,174
2026-07-20T14:25:00+00:00,8769.77,8773.28,8767.76,8772.78,185
2026-07-20T14:30:00+00:00,8772.78,8772.78,8766.76,8769.27,172
2026-07-20T14:35:00+00:00,8769.27,8776.76,8767.28,8776.27,166
2026-07-20T14:40:00+00:00,8776.27,8779.27,8773.26,8774.27,115
2026-07-20T14:45:00+00:00,8774.27,8781.77,8772.76,8777.78,178
2026-07-20T14:50:00+00:00,8777.78,8780.78,8774.77,8775.26,131
2026-07-20T14:55:00+00:00,8775.26,8775.26,8766.78,8771.78,250
2026-07-20T15:00:00+00:00,8771.78,8775.78,8764.26,8772.77,251
2026-07-20T15:05:00+00:00,8772.77,8781.76,8765.76,8781.27,275
2026-07-20T15:10:00+00:00,8781.27,8781.76,8773.26,8775.28,201
2026-07-20T15:15:00+00:00,8775.28,8780.78,8773.26,8778.27,147
2026-07-20T15:20:00+00:00,8778.27,8783.28,8777.27,8781.27,95
2026-07-20T15:25:00+00:00,8781.27,8787.78,8781.27,8787.26,127
2026-07-20T15:30:00+00:00,8787.26,8787.28,8778.76,8780.26,163
2026-07-20T15:35:00+00:00,8780.26,8782.76,8777.26,8778.27,110
2026-07-20T15:40:00+00:00,8778.27,8783.27,8776.76,8783.27,120
2026-07-20T15:45:00+00:00,8783.27,8783.78,8779.76,8780.26,94
2026-07-20T15:50:00+00:00,8780.26,8787.77,8779.26,8787.27,97
2026-07-20T15:55:00+00:00,8787.27,8788.28,8784.26,8784.78,103
2026-07-20T16:00:00+00:00,8784.78,8786.78,8780.77,8783.28,95
2026-07-20T16:05:00+00:00,8783.28,8786.28,8782.28,8786.28,64
2026-07-20T16:10:00+00:00,8786.28,8787.26,8781.78,8782.77,78
2026-07-20T16:15:00+00:00,8782.77,8782.78,8779.26,8782.76,83
2026-07-20T16:20:00+00:00,8782.76,8783.27,8781.27,8782.77,36
2026-07-20T16:25:00+00:00,8782.77,8782.78,8778.76,8780.28,75
2026-07-20T16:30:00+00:00,8780.28,8781.77,8774.76,8775.77,88
2026-07-20T16:35:00+00:00,8775.77,8779.28,8775.76,8779.27,79
2026-07-20T16:40:00+00:00,8779.27,8779.77,8763.27,8771.28,455
2026-07-20T16:45:00+00:00,8771.28,8776.76,8770.27,8776.27,97
2026-07-20T16:50:00+00:00,8776.27,8776.28,8769.26,8769.76,96
2026-07-20T16:55:00+00:00,8769.76,8770.78,8766.76,8767.26,79
2026-07-20T17:00:00+00:00,8767.26,8770.27,8766.26,8767.76,97
2026-07-20T17:05:00+00:00,8767.76,8767.78,8764.76,8767.26,68
2026-07-20T17:10:00+00:00,8767.26,8768.27,8763.26,8764.27,60
2026-07-20T17:15:00+00:00,8764.27,8766.27,8761.77,8765.78,71
2026-07-20T17:20:00+00:00,8765.78,8769.78,8764.76,8766.77,51
2026-07-20T17:25:00+00:00,8766.77,8767.28,8763.78,8766.26,77
2026-07-20T17:30:00+00:00,8766.26,8768.77,8765.76,8767.26,75
2026-07-20T17:35:00+00:00,8767.26,8768.28,8764.26,8764.27,59
2026-07-20T17:40:00+00:00,8764.27,8764.78,8761.76,8762.26,66
2026-07-20T17:45:00+00:00,8762.26,8765.26,8761.76,8763.28,51
2026-07-20T17:50:00+00:00,8763.28,8770.77,8763.26,8769.27,35
2026-07-20T17:55:00+00:00,8769.27,8769.78,8765.76,8766.78,67
2026-07-20T18:00:00+00:00,8766.78,8772.77,8766.77,8770.77,82
2026-07-20T18:05:00+00:00,8770.77,8770.78,8768.26,8769.76,53
2026-07-20T18:10:00+00:00,8769.76,8769.78,8766.77,8768.28,65
2026-07-20T18:15:00+00:00,8768.28,8771.78,8768.28,8770.76,54
2026-07-20T18:20:00+00:00,8770.76,8771.77,8762.77,8762.77,124
2026-07-20T18:25:00+00:00,8762.77,8765.76,8762.28,8762.76,92
2026-07-20T18:30:00+00:00,8762.76,8762.76,8752.76,8753.77,174
2026-07-20T18:35:00+00:00,8753.77,8759.77,8753.77,8756.78,121
2026-07-20T18:40:00+00:00,8756.78,8757.78,8751.26,8751.26,190
2026-07-20T18:45:00+00:00,8751.26,8754.28,8750.76,8752.77,143
2026-07-20T18:50:00+00:00,8752.77,8756.77,8751.76,8756.26,126
2026-07-20T18:55:00+00:00,8756.26,8756.77,8751.77,8752.76,119
2026-07-20T19:00:00+00:00,8752.76,8755.78,8749.27,8750.28,131
2026-07-20T19:05:00+00:00,8750.28,8751.77,8746.28,8750.76,140
2026-07-20T19:10:00+00:00,8750.76,8752.78,8743.77,8743.78,64
2026-07-20T19:15:00+00:00,8743.78,8746.78,8742.26,8745.76,153
2026-07-20T19:20:00+00:00,8745.76,8751.28,8744.77,8750.77,122
2026-07-20T19:25:00+00:00,8750.77,8756.28,8748.26,8756.28,119
2026-07-20T19:30:00+00:00,8756.28,8759.77,8753.27,8758.28,236
2026-07-20T19:35:00+00:00,8758.28,8758.78,8755.27,8758.26,94
2026-07-20T19:40:00+00:00,8758.26,8760.78,8757.26,8759.77,64
2026-07-20T19:45:00+00:00,8759.77,8764.77,8758.78,8764.76,87
2026-07-20T19:50:00+00:00,8764.76,8764.76,8758.76,8760.77,131
2026-07-20T19:55:00+00:00,8760.77,8761.78,8754.77,8756.28,207
2026-07-20T20:00:00+00:00,8756.28,8759.78,8755.76,8756.28,86
2026-07-20T20:05:00+00:00,8756.28,8756.28,8751.76,8751.76,33
2026-07-20T20:10:00+00:00,8751.76,8753.28,8751.26,8752.28,24
2026-07-20T20:15:00+00:00,8752.28,8752.28,8750.76,8751.27,14
2026-07-20T20:20:00+00:00,8751.27,8751.78,8751.25,8751.78,4
2026-07-20T20:25:00+00:00,8751.78,8752.76,8750.26,8751.77,21
2026-07-20T20:30:00+00:00,8751.77,8753.77,8751.76,8753.28,11
2026-07-20T20:35:00+00:00,8753.28,8753.78,8753.26,8753.77,13
2026-07-20T20:40:00+00:00,8753.77,8753.77,8752.76,8753.28,8
2026-07-20T20:45:00+00:00,8753.28,8755.78,8753.28,8755.26,7
2026-07-20T20:50:00+00:00,8755.26,8755.27,8751.76,8751.76,19
2026-07-20T20:55:00+00:00,8751.76,8755.56,8750.76,8755.56,31
2026-07-20T23:00:00+00:00,8734.21,8740.21,8732.21,8740.21,35.04708433891581
2026-07-20T23:05:00+00:00,8740.21,8750.21,8740.21,8750.21,35.75921264711706
2026-07-20T23:10:00+00:00,8750.21,8753.21,8750.21,8753.21,30.01613016902035
2026-07-20T23:15:00+00:00,8753.21,8761.21,8751.21,8760.21,77.73536906540348
2026-07-20T23:20:00+00:00,8760.21,8764.21,8751.21,8762.21,110.77823776044997
2026-07-20T23:25:00+00:00,8762.21,8763.21,8756.21,8761.21,75.51737608533011
2026-07-20T23:30:00+00:00,8761.21,8761.21,8755.21,8758.21,83.59469096373911
2026-07-20T23:35:00+00:00,8758.21,8761.21,8755.21,8755.21,64.45066984556132
2026-07-20T23:40:00+00:00,8755.21,8761.21,8755.21,8755.21,70.90582279589057
2026-07-20T23:45:00+00:00,8755.21,8764.21,8747.21,8753.21,520.1148056817694
2026-07-20T23:50:00+00:00,8753.21,8753.21,8740.82,8749.31,55.7324181626188
2026-07-20T23:55:00+00:00,8749.31,8752.82,8746.8,8752.82,91
2026-07-21T00:00:00+00:00,8752.82,8752.82,8737.199999999999,8738.72,549
2026-07-21T00:05:00+00:00,8738.72,8741.72,8735.699999999999,8735.72,217
2026-07-21T00:10:00+00:00,8735.72,8744.22,8732.72,8737.21,249
2026-07-21T00:15:00+00:00,8737.21,8741.72,8728.199999999999,8740.699999999999,302
2026-07-21T00:20:00+00:00,8740.699999999999,8743.72,8736.199999999999,8739.71,196
2026-07-21T00:25:00+00:00,8739.71,8742.21,8735.72,8739.22,199
2026-07-21T00:30:00+00:00,8739.22,8745.72,8738.22,8745.72,186
2026-07-21T00:35:00+00:00,8745.72,8755.72,8744.699999999999,8754.21,209
2026-07-21T00:40:00+00:00,8754.21,8766.72,8753.199999999999,8765.72,139
2026-07-21T00:45:00+00:00,8765.72,8769.71,8761.699999999999,8762.22,96
2026-07-21T00:50:00+00:00,8762.22,8764.22,8756.72,8757.72,90
2026-07-21T00:55:00+00:00,8757.72,8757.72,8748.699999999999,8749.22,117
2026-07-21T01:00:00+00:00,8749.22,8750.71,8741.72,8744.699999999999,165
2026-07-21T01:05:00+00:00,8744.699999999999,8761.72,8744.699999999999,8761.699999999999,168
2026-07-21T01:10:00+00:00,8761.699999999999,8767.699999999999,8758.699999999999,8767.699999999999,105
2026-07-21T01:15:00+00:00,8767.699999999999,8772.71,8756.71,8763.72,230
2026-07-21T01:20:00+00:00,8763.72,8764.72,8753.71,8756.199999999999,139
2026-07-21T01:25:00+00:00,8756.199999999999,8756.72,8752.199999999999,8753.199999999999,86
2026-07-21T01:30:00+00:00,8753.199999999999,8765.72,8753.199999999999,8762.199999999999,141
2026-07-21T01:35:00+00:00,8762.199999999999,8765.71,8757.71,8758.699999999999,105
2026-07-21T01:40:00+00:00,8758.699999999999,8760.71,8756.699999999999,8756.699999999999,61
2026-07-21T01:45:00+00:00,8756.699999999999,8760.71,8753.699999999999,8758.71,91
2026-07-21T01:50:00+00:00,8758.71,8760.72,8754.72,8759.199999999999,62
2026-07-21T01:55:00+00:00,8759.199999999999,8759.71,8754.699999999999,8756.199999999999,70
2026-07-21T02:00:00+00:00,8756.199999999999,8767.71,8756.199999999999,8765.21,92
2026-07-21T02:05:00+00:00,8765.21,8768.199999999999,8758.21,8759.199999999999,85
2026-07-21T02:10:00+00:00,8759.199999999999,8759.71,8751.71,8752.72,74
2026-07-21T02:15:00+00:00,8752.72,8753.72,8749.71,8749.72,59
2026-07-21T02:20:00+00:00,8749.72,8758.22,8747.71,8757.72,87
2026-07-21T02:25:00+00:00,8757.72,8764.72,8756.72,8764.699999999999,62
2026-07-21T02:30:00+00:00,8764.699999999999,8770.72,8763.699999999999,8767.199999999999,88
2026-07-21T02:35:00+00:00,8767.199999999999,8769.22,8764.699999999999,8768.699999999999,102
2026-07-21T02:40:00+00:00,8768.699999999999,8771.71,8766.21,8766.72,71
2026-07-21T02:45:00+00:00,8766.72,8767.71,8764.699999999999,8766.21,56
2026-07-21T02:50:00+00:00,8766.21,8772.72,8765.71,8771.22,94
2026-07-21T02:55:00+00:00,8771.22,8779.72,8770.199999999999,8779.72,66
2026-07-21T03:00:00+00:00,8779.72,8780.72,8776.699999999999,8778.699999999999,84
2026-07-21T03:05:00+00:00,8778.699999999999,8782.199999999999,8777.199999999999,8781.22,60
2026-07-21T03:10:00+00:00,8781.22,8783.71,8779.22,8782.72,38
2026-07-21T03:15:00+00:00,8782.72,8788.21,8781.699999999999,8787.72,57
2026-07-21T03:20:00+00:00,8787.72,8790.22,8783.699999999999,8785.72,63
2026-07-21T03:25:00+00:00,8785.72,8788.22,8784.21,8786.699999999999,49
2026-07-21T03:30:00+00:00,8786.699999999999,8787.199999999999,8783.699999999999,8786.71,53
2026-07-21T03:35:00+00:00,8786.71,8790.72,8786.21,8790.22,60
2026-07-21T03:40:00+00:00,8790.22,8792.72,8789.21,8792.71,35
2026-07-21T03:45:00+00:00,8792.71,8796.71,8792.699999999999,8795.71,35
2026-07-21T03:50:00+00:00,8795.71,8800.22,8795.699999999999,8800.22,67.5386465132257
2026-07-21T03:55:00+00:00,8800.22,8800.22,8797.699999999999,8799.72,37
2026-07-21T04:00:00+00:00,8799.72,8802.21,8796.699999999999,8796.699999999999,34
2026-07-21T04:05:00+00:00,8796.699999999999,8797.72,8793.71,8797.22,56
2026-07-21T04:10:00+00:00,8797.22,8797.22,8793.699999999999,8794.699999999999,24
2026-07-21T04:15:00+00:00,8794.699999999999,8795.72,8792.699999999999,8793.72,24
2026-07-21T04:20:00+00:00,8793.72,8794.72,8793.199999999999,8793.71,22
2026-07-21T04:25:00+00:00,8793.71,8794.72,8792.71,8793.72,28
2026-07-21T04:30:00+00:00,8793.72,8794.21,8791.199999999999,8791.21,47
2026-07-21T04:35:00+00:00,8791.21,8792.699999999999,8790.21,8790.72,24
2026-07-21T04:40:00+00:00,8790.72,8790.72,8788.699999999999,8789.699999999999,29
2026-07-21T04:45:00+00:00,8789.699999999999,8789.72,8788.699999999999,8789.21,19
2026-07-21T04:50:00+00:00,8789.21,8789.21,8784.21,8784.21,20
2026-07-21T04:55:00+00:00,8784.21,8784.21,8782.21,8782.22,20.99173553719008
2026-07-21T05:00:00+00:00,8782.22,8782.22,8780.21,8780.699999999999,36
2026-07-21T05:05:00+00:00,8780.699999999999,8780.71,8779.699999999999,8779.699999999999,11
2026-07-21T05:10:00+00:00,8779.699999999999,8779.72,8773.199999999999,8773.72,51.190600522193215
2026-07-21T05:15:00+00:00,8773.72,8774.22,8769.21,8770.71,44
2026-07-21T05:20:00+00:00,8770.71,8776.72,8770.71,8776.699999999999,77
2026-07-21T05:25:00+00:00,8776.699999999999,8779.71,8775.699999999999,8779.699999999999,51
2026-07-21T05:30:00+00:00,8779.699999999999,8780.71,8774.199999999999,8775.22,66
2026-07-21T05:35:00+00:00,8775.22,8775.72,8773.699999999999,8775.71,44
2026-07-21T05:40:00+00:00,8775.71,8783.72,8775.71,8782.699999999999,58
2026-07-21T05:45:00+00:00,8782.699999999999,8782.72,8778.699999999999,8780.199999999999,58
2026-07-21T05:50:00+00:00,8780.199999999999,8780.72,8778.71,8778.71,35
2026-07-21T05:55:00+00:00,8778.71,8781.199999999999,8778.199999999999,8780.22,44
2026-07-21T06:00:00+00:00,8780.22,8783.32,8778.31,8783.3,88
2026-07-21T06:05:00+00:00,8783.3,8785.32,8777.8,8779.3,107
2026-07-21T06:10:00+00:00,8779.3,8783.31,8776.3,8780.81,123
2026-07-21T06:15:00+00:00,8780.81,8781.32,8778.3,8778.32,36
2026-07-21T06:20:00+00:00,8778.32,8778.32,8775.3,8777.31,44
2026-07-21T06:25:00+00:00,8777.31,8781.31,8776.32,8778.609999999999,95
2026-07-21T07:10:00+00:00,8779.96,8781.17,8772.67,8775.15,154
2026-07-21T07:15:00+00:00,8775.15,8777.67,8772.67,8777.67,78
2026-07-21T07:20:00+00:00,8777.67,8778.17,8773.66,8773.66,110
2026-07-21T07:25:00+00:00,8773.66,8776.67,8768.67,8771.66,124
2026-07-21T07:30:00+00:00,8771.66,8776.67,8766.65,8775.65,107
2026-07-21T07:35:00+00:00,8775.65,8778.67,8775.16,8778.67,97
2026-07-21T07:40:00+00:00,8778.67,8780.17,8776.65,8776.65,112
2026-07-21T07:45:00+00:00,8776.65,8779.17,8775.65,8779.16,91
2026-07-21T07:50:00+00:00,8779.16,8781.66,8778.15,8780.66,101
2026-07-21T07:55:00+00:00,8780.66,8787.17,8780.66,8785.66,110
2026-07-21T08:00:00+00:00,8785.66,8788.66,8784.15,8785.66,150
2026-07-21T08:05:00+00:00,8785.66,8789.65,8784.65,8788.66,118
2026-07-21T08:10:00+00:00,8788.66,8790.67,8784.65,8790.67,97
2026-07-21T08:15:00+00:00,8790.67,8791.67,8787.15,8788.67,109
2026-07-21T08:20:00+00:00,8788.67,8789.67,8784.15,8789.16,100
2026-07-21T08:25:00+00:00,8789.16,8791.67,8787.65,8788.15,82
2026-07-21T08:30:00+00:00,8788.15,8788.66,8783.65,8783.65,80
2026-07-21T08:35:00+00:00,8783.65,8786.66,8783.16,8785.67,59
2026-07-21T08:40:00+00:00,8785.67,8790.67,8784.66,8789.65,66
2026-07-21T08:45:00+00:00,8789.65,8789.66,8783.65,8787.17,58
2026-07-21T08:50:00+00:00,8787.17,8789.17,8784.65,8786.67,78
2026-07-21T08:55:00+00:00,8786.67,8787.17,8785.15,8785.17,42
2026-07-21T09:00:00+00:00,8785.17,8789.16,8784.67,8789.16,91
2026-07-21T09:05:00+00:00,8789.16,8791.67,8787.65,8791.17,64
2026-07-21T09:10:00+00:00,8791.17,8791.67,8790.15,8790.65,35
2026-07-21T09:15:00+00:00,8790.65,8793.67,8790.65,8793.65,54
2026-07-21T09:20:00+00:00,8793.65,8795.17,8791.15,8791.67,60
2026-07-21T09:25:00+00:00,8791.67,8791.67,8784.65,8785.15,82
2026-07-21T09:30:00+00:00,8785.15,8787.65,8783.65,8786.65,59
2026-07-21T09:35:00+00:00,8786.65,8786.67,8782.67,8785.65,69
2026-07-21T09:40:00+00:00,8785.65,8785.66,8781.65,8783.65,47
2026-07-21T09:45:00+00:00,8783.65,8787.15,8783.16,8786.15,58
2026-07-21T09:50:00+00:00,8786.15,8786.17,8782.65,8784.66,58
2026-07-21T09:55:00+00:00,8784.66,8784.67,8779.66,8780.67,52
2026-07-21T10:00:00+00:00,8780.67,8784.16,8778.17,8778.67,91
2026-07-21T10:05:00+00:00,8778.67,8779.16,8775.66,8777.67,59
2026-07-21T10:10:00+00:00,8777.67,8789.65,8777.67,8785.17,299
2026-07-21T10:15:00+00:00,8785.17,8785.67,8782.65,8784.65,85
2026-07-21T10:20:00+00:00,8784.65,8784.67,8780.67,8781.15,42
2026-07-21T10:25:00+00:00,8781.15,8781.66,8779.65,8779.66,27
2026-07-21T10:30:00+00:00,8779.66,8781.17,8777.65,8780.66,63
2026-07-21T10:35:00+00:00,8780.66,8784.67,8779.17,8779.66,82
2026-07-21T10:40:00+00:00,8779.66,8779.66,8775.65,8777.15,62.79779005524862
2026-07-21T10:45:00+00:00,8777.15,8777.15,8772.65,8775.17,93
2026-07-21T10:50:00+00:00,8775.17,8775.17,8770.66,8771.15,47
2026-07-21T10:55:00+00:00,8771.15,8771.66,8769.66,8770.65,98
2026-07-21T11:00:00+00:00,8770.65,8771.66,8764.67,8764.67,122
2026-07-21T11:05:00+00:00,8764.67,8766.15,8763.65,8765.16,74
2026-07-21T11:10:00+00:00,8765.16,8767.67,8762.16,8766.65,52
2026-07-21T11:15:00+00:00,8766.65,8771.67,8766.65,8770.65,50
2026-07-21T11:20:00+00:00,8770.65,8770.67,8768.15,8770.66,56
2026-07-21T11:25:00+00:00,8770.66,8772.17,8769.15,8770.66,63
2026-07-21T11:30:00+00:00,8770.66,8773.67,8767.15,8769.16,77
2026-07-21T11:35:00+00:00,8769.16,8774.65,8769.16,8773.67,65
2026-07-21T11:40:00+00:00,8773.67,8773.67,8766.66,8767.65,42
2026-07-21T11:45:00+00:00,8767.65,8769.67,8766.65,8767.66,43
2026-07-21T11:50:00+00:00,8767.66,8768.67,8762.65,8763.65,57
2026-07-21T11:55:00+00:00,8763.65,8763.67,8761.65,8763.65,72
2026-07-21T12:00:00+00:00,8763.65,8767.16,8762.66,8763.67,74
2026-07-21T12:05:00+00:00,8763.67,8767.67,8763.15,8765.66,112
2026-07-21T12:10:00+00:00,8765.66,8766.67,8763.67,8763.67,58
2026-07-21T12:15:00+00:00,8763.67,8764.66,8755.15,8756.67,135
2026-07-21T12:20:00+00:00,8756.67,8758.66,8753.17,8757.66,106
2026-07-21T12:25:00+00:00,8757.66,8757.66,8752.65,8753.17,122
2026-07-21T12:30:00+00:00,8753.17,8757.65,8752.66,8756.65,126
2026-07-21T12:35:00+00:00,8756.65,8758.67,8753.65,8753.65,98
2026-07-21T12:40:00+00:00,8753.65,8754.16,8742.65,8748.16,191
2026-07-21T12:45:00+00:00,8748.16,8756.67,8747.66,8754.15,113
2026-07-21T12:50:00+00:00,8754.15,8754.15,8750.65,8752.15,97
2026-07-21T12:55:00+00:00,8752.15,8755.16,8751.65,8753.66,64
2026-07-21T13:00:00+00:00,8753.66,8754.66,8747.65,8749.66,116
2026-07-21T13:05:00+00:00,8749.66,8753.67,8749.66,8750.16,102
2026-07-21T13:10:00+00:00,8750.16,8751.66,8749.65,8750.66,59
2026-07-21T13:15:00+00:00,8750.66,8751.67,8748.65,8751.67,58
2026-07-21T13:20:00+00:00,8751.67,8752.67,8748.16,8749.66,90
2026-07-21T13:25:00+00:00,8749.66,8754.17,8749.15,8752.66,94
2026-07-21T13:30:00+00:00,8752.66,8760.67,8750.15,8753.66,380
2026-07-21T13:35:00+00:00,8753.66,8756.66,8740.15,8740.15,223
2026-07-21T13:40:00+00:00,8740.15,8740.65,8723.67,8726.65,316
2026-07-21T13:45:00+00:00,8726.65,8740.16,8725.65,8738.15,337
2026-07-21T13:50:00+00:00,8738.15,8744.17,8727.65,8743.67,296
2026-07-21T13:55:00+00:00,8743.67,8746.65,8739.15,8745.16,232
2026-07-21T14:00:00+00:00,8745.16,8760.65,8745.16,8760.17,229
2026-07-21T14:05:00+00:00,8760.17,8764.67,8759.66,8764.15,181
2026-07-21T14:10:00+00:00,8764.15,8770.66,8763.67,8770.66,183
2026-07-21T14:15:00+00:00,8770.66,8774.65,8766.66,8774.16,188
2026-07-21T14:20:00+00:00,8774.16,8775.67,8772.15,8772.66,140
2026-07-21T14:25:00+00:00,8772.66,8776.66,8772.66,8774.65,138
2026-07-21T14:30:00+00:00,8774.65,8779.65,8773.66,8774.16,91
2026-07-21T14:35:00+00:00,8774.16,8774.16,8767.17,8767.65,116
2026-07-21T14:40:00+00:00,8767.65,8774.66,8767.15,8770.16,187
2026-07-21T14:45:00+00:00,8770.16,8775.67,8769.15,8775.65,184
2026-07-21T14:50:00+00:00,8775.65,8777.17,8770.66,8772.66,140
2026-07-21T14:55:00+00:00,8772.66,8773.17,8768.66,8768.66,94
2026-07-21T15:00:00+00:00,8768.66,8776.17,8763.15,8770.15,137
2026-07-21T15:05:00+00:00,8770.15,8773.67,8768.65,8773.17,125
2026-07-21T15:10:00+00:00,8773.17,8777.67,8773.17,8776.17,34
2026-07-21T15:15:00+00:00,8776.17,8780.65,8775.65,8779.67,60
2026-07-21T15:20:00+00:00,8779.67,8782.15,8774.65,8775.65,143
2026-07-21T15:25:00+00:00,8775.65,8777.67,8774.65,8776.66,103
2026-07-21T15:30:00+00:00,8776.66,8778.67,8771.15,8775.17,191
2026-07-21T15:35:00+00:00,8775.17,8777.67,8774.66,8776.16,123
2026-07-21T15:40:00+00:00,8776.16,8779.15,8774.65,8774.65,101
2026-07-21T15:45:00+00:00,8774.65,8777.67,8774.65,8776.16,62
2026-07-21T15:50:00+00:00,8776.16,8777.17,8773.67,8774.66,59
2026-07-21T15:55:00+00:00,8774.66,8776.16,8772.65,8773.65,54
2026-07-21T16:00:00+00:00,8773.65,8777.67,8773.65,8777.65,70
2026-07-21T16:05:00+00:00,8777.65,8781.67,8777.15,8780.65,44
2026-07-21T16:10:00+00:00,8780.65,8784.65,8780.65,8784.65,36
2026-07-21T16:15:00+00:00,8784.65,8785.67,8782.15,8785.67,50
2026-07-21T16:20:00+00:00,8785.67,8788.17,8784.65,8788.17,40
2026-07-21T16:25:00+00:00,8788.17,8790.16,8786.67,8788.17,63
2026-07-21T16:30:00+00:00,8788.17,8791.17,8788.15,8790.66,74
2026-07-21T16:35:00+00:00,8790.66,8791.67,8789.65,8791.67,49.45063204646396
2026-07-21T16:40:00+00:00,8791.67,8794.16,8791.66,8793.66,24
2026-07-21T16:45:00+00:00,8793.66,8793.67,8791.66,8793.66,29
2026-07-21T16:50:00+00:00,8793.66,8796.67,8793.66,8796.65,46
2026-07-21T16:55:00+00:00,8796.65,8797.67,8795.65,8795.65,31
2026-07-21T17:00:00+00:00,8795.65,8796.66,8793.15,8793.67,41
2026-07-21T17:05:00+00:00,8793.67,8795.65,8793.65,8794.67,31
2026-07-21T17:10:00+00:00,8794.67,8794.67,8791.15,8791.17,44
2026-07-21T17:15:00+00:00,8791.17,8791.67,8788.66,8789.17,36
2026-07-21T17:20:00+00:00,8789.17,8789.17,8787.65,8788.16,31
2026-07-21T17:25:00+00:00,8788.16,8789.67,8787.65,8788.67,28.601526717557253
2026-07-21T17:30:00+00:00,8788.67,8789.67,8788.17,8788.17,17
2026-07-21T17:35:00+00:00,8788.17,8791.67,8788.15,8790.67,39.223009814612865
2026-07-21T17:40:00+00:00,8790.67,8790.67,8788.66,8789.66,24
2026-07-21T17:45:00+00:00,8789.66,8790.67,8788.65,8790.65,17
2026-07-21T17:50:00+00:00,8790.65,8791.67,8789.65,8790.67,16
2026-07-21T17:55:00+00:00,8790.67,8792.17,8789.67,8792.15,38
2026-07-21T18:00:00+00:00,8792.15,8792.67,8790.65,8791.67,49
2026-07-21T18:05:00+00:00,8791.67,8794.65,8791.15,8793.65,21
2026-07-21T18:10:00+00:00,8793.65,8794.65,8792.15,8792.16,36
2026-07-21T18:15:00+00:00,8792.16,8792.67,8790.15,8790.65,31
2026-07-21T18:20:00+00:00,8790.65,8792.67,8790.16,8792.66,57
2026-07-21T18:25:00+00:00,8792.66,8793.66,8791.65,8793.65,27
2026-07-21T18:30:00+00:00,8793.65,8794.66,8792.67,8792.67,18
2026-07-21T18:35:00+00:00,8792.67,8794.67,8792.17,8794.65,32
2026-07-21T18:40:00+00:00,8794.65,8795.66,8794.15,8795.65,16
2026-07-21T18:45:00+00:00,8795.65,8796.67,8794.66,8795.67,23
2026-07-21T18:50:00+00:00,8795.67,8796.67,8794.66,8795.66,19
2026-07-21T18:55:00+00:00,8795.66,8796.66,8795.15,8795.65,27
2026-07-21T19:00:00+00:00,8795.65,8797.67,8795.15,8797.67,26
2026-07-21T19:05:00+00:00,8797.67,8798.17,8793.16,8793.16,37
2026-07-21T19:10:00+00:00,8793.16,8796.17,8793.15,8795.67,41.79921645445641
2026-07-21T19:15:00+00:00,8795.67,8796.67,8795.66,8796.16,17
2026-07-21T19:20:00+00:00,8796.16,8796.65,8795.16,8795.65,33
2026-07-21T19:25:00+00:00,8795.65,8796.17,8794.15,8794.67,31
2026-07-21T19:30:00+00:00,8794.67,8795.67,8793.16,8793.65,41
2026-07-21T19:35:00+00:00,8793.65,8795.67,8793.15,8794.15,37
2026-07-21T19:40:00+00:00,8794.15,8796.67,8792.66,8796.66,29.580611169652265
2026-07-21T19:45:00+00:00,8796.66,8797.67,8795.17,8797.66,36.817796610169495
2026-07-21T19:50:00+00:00,8797.66,8802.67,8796.67,8798.65,76
2026-07-21T19:55:00+00:00,8798.65,8805.66,8798.65,8803.15,244
2026-07-21T20:00:00+00:00,8803.15,8803.15,8798.65,8798.65,33
2026-07-21T20:05:00+00:00,8798.65,8799.67,8798.65,8799.67,12
2026-07-21T20:10:00+00:00,8799.67,8800.17,8799.65,8800.17,9
2026-07-21T20:15:00+00:00,8795.17,8795.17,8794.15,8794.17,13
2026-07-21T20:20:00+00:00,8794.17,8794.65,8793.66,8794.65,4
2026-07-21T20:25:00+00:00,8794.65,8794.67,8794.65,8794.66,5
2026-07-21T20:30:00+00:00,8794.66,8797.66,8794.65,8797.66,6
2026-07-21T20:35:00+00:00,8797.66,8798.17,8797.65,8798.17,10
2026-07-21T20:40:00+00:00,8798.17,8798.17,8797.66,8797.67,2
2026-07-21T20:45:00+00:00,8797.67,8797.67,8796.66,8797.16,5
2026-07-21T20:50:00+00:00,8797.16,8798.67,8796.65,8796.65,12
2026-07-21T20:55:00+00:00,8796.65,8797.67,8790.95,8796.47,16
2026-07-21T23:00:00+00:00,8789.21,8791.21,8787.21,8790.21,32.56963960000198
2026-07-21T23:05:00+00:00,8790.21,8792.21,8790.21,8791.21,28.445737337343253
2026-07-21T23:10:00+00:00,8791.21,8795.21,8791.21,8794.21,31.58138315440537
2026-07-21T23:15:00+00:00,8794.21,8794.21,8785.21,8790.21,69.63135794808866
2026-07-21T23:20:00+00:00,8790.21,8790.21,8787.21,8788.21,56.041108337547456
2026-07-21T23:25:00+00:00,8788.21,8790.21,8787.21,8787.21,42.910355149393766
2026-07-21T23:30:00+00:00,8787.21,8799.21,8786.21,8796.21,79.18628507114725
2026-07-21T23:35:00+00:00,8796.21,8796.21,8793.21,8795.21,42.473125082099536
2026-07-21T23:40:00+00:00,8795.21,8797.21,8791.21,8793.21,91.65199935056012
2026-07-21T23:45:00+00:00,8793.21,8804.58,8790.21,8801.58,296.2923261430259
2026-07-21T23:50:00+00:00,8801.58,8806.32,8800.58,8804.33,66.59689922480621
2026-07-21T23:55:00+00:00,8804.33,8809.82,8804.33,8806.34,73
2026-07-22T00:00:00+00:00,8806.34,8822.220000000001,8805.730000000001,8822.220000000001,380
2026-07-22T00:05:00+00:00,8822.220000000001,8826.220000000001,8814.74,8814.74,199
2026-07-22T00:10:00+00:00,8814.74,8814.74,8804.220000000001,8804.24,149
2026-07-22T00:15:00+00:00,8804.24,8806.24,8798.730000000001,8806.24,135
2026-07-22T00:20:00+00:00,8806.24,8812.74,8805.220000000001,8805.220000000001,98
2026-07-22T00:25:00+00:00,8805.220000000001,8816.730000000001,8804.720000000001,8816.730000000001,77
2026-07-22T00:30:00+00:00,8816.730000000001,8822.74,8815.24,8821.24,115
2026-07-22T00:35:00+00:00,8821.24,8832.74,8820.720000000001,8830.720000000001,91
2026-07-22T00:40:00+00:00,8830.720000000001,8841.720000000001,8829.730000000001,8839.720000000001,76
2026-07-22T00:45:00+00:00,8839.720000000001,8842.220000000001,8836.220000000001,8841.230000000001,88
2026-07-22T00:50:00+00:00,8841.230000000001,8846.24,8840.720000000001,8841.24,48
2026-07-22T00:55:00+00:00,8841.24,8841.24,8830.730000000001,8832.220000000001,92
2026-07-22T01:00:00+00:00,8832.220000000001,8834.220000000001,8827.24,8829.220000000001,140
2026-07-22T01:05:00+00:00,8829.220000000001,8830.720000000001,8822.220000000001,8823.720000000001,60
2026-07-22T01:10:00+00:00,8823.720000000001,8824.24,8818.74,8819.220000000001,65
2026-07-22T01:15:00+00:00,8819.220000000001,8824.230000000001,8813.230000000001,8820.74,98
2026-07-22T01:20:00+00:00,8820.74,8822.74,8815.220000000001,8815.730000000001,74
2026-07-22T01:25:00+00:00,8815.730000000001,8819.74,8815.230000000001,8817.230000000001,45
2026-07-22T01:30:00+00:00,8817.230000000001,8817.230000000001,8811.230000000001,8814.730000000001,55
2026-07-22T01:35:00+00:00,8814.730000000001,8818.24,8814.220000000001,8815.220000000001,67
2026-07-22T01:40:00+00:00,8815.220000000001,8816.730000000001,8809.24,8814.24,54
2026-07-22T01:45:00+00:00,8814.24,8819.24,8814.24,8814.730000000001,58
2026-07-22T01:50:00+00:00,8814.730000000001,8816.74,8811.24,8816.74,57
2026-07-22T01:55:00+00:00,8816.74,8820.220000000001,8814.720000000001,8815.220000000001,41
2026-07-22T02:00:00+00:00,8815.220000000001,8816.24,8810.230000000001,8816.24,88
2026-07-22T02:05:00+00:00,8816.24,8820.24,8815.220000000001,8817.220000000001,80
2026-07-22T02:10:00+00:00,8817.220000000001,8818.730000000001,8816.230000000001,8817.24,41
2026-07-22T02:15:00+00:00,8817.24,8817.24,8813.730000000001,8813.730000000001,53
2026-07-22T02:20:00+00:00,8813.730000000001,8816.24,8813.730000000001,8816.230000000001,34
2026-07-22T02:25:00+00:00,8816.230000000001,8820.74,8816.220000000001,8819.24,64
2026-07-22T02:30:00+00:00,8819.24,8819.720000000001,8814.220000000001,8815.220000000001,54
2026-07-22T02:35:00+00:00,8815.220000000001,8815.24,8813.220000000001,8813.220000000001,20
2026-07-22T02:40:00+00:00,8813.220000000001,8818.24,8813.220000000001,8817.24,47
2026-07-22T02:45:00+00:00,8817.24,8818.74,8816.230000000001,8818.230000000001,29
2026-07-22T02:50:00+00:00,8818.230000000001,8825.230000000001,8817.230000000001,8824.220000000001,54
2026-07-22T02:55:00+00:00,8824.220000000001,8829.230000000001,8824.220000000001,8829.230000000001,42
2026-07-22T03:00:00+00:00,8829.230000000001,8831.24,8824.230000000001,8830.720000000001,55
2026-07-22T03:05:00+00:00,8830.720000000001,8831.730000000001,8826.230000000001,8826.230000000001,37
2026-07-22T03:10:00+00:00,8826.230000000001,8829.730000000001,8824.730000000001,8828.230000000001,33
2026-07-22T03:15:00+00:00,8828.230000000001,8834.74,8828.230000000001,8834.230000000001,20
2026-07-22T03:20:00+00:00,8834.230000000001,8837.74,8834.230000000001,8837.730000000001,29
2026-07-22T03:25:00+00:00,8837.730000000001,8837.730000000001,8833.230000000001,8834.720000000001,42.90685019206146
2026-07-22T03:30:00+00:00,8834.720000000001,8835.74,8828.24,8829.74,46
2026-07-22T03:35:00+00:00,8829.74,8830.730000000001,8826.730000000001,8827.230000000001,35
2026-07-22T03:40:00+00:00,8827.230000000001,8831.220000000001,8827.230000000001,8829.24,37
2026-07-22T03:45:00+00:00,8829.24,8832.24,8829.24,8830.74,23
2026-07-22T03:50:00+00:00,8830.74,8830.74,8824.730000000001,8825.230000000001,41
2026-07-22T03:55:00+00:00,8825.230000000001,8825.24,8822.230000000001,8823.24,37
2026-07-22T04:00:00+00:00,8823.24,8825.24,8822.720000000001,8825.24,32
2026-07-22T04:05:00+00:00,8825.24,8827.24,8824.220000000001,8824.230000000001,28
2026-07-22T04:10:00+00:00,8824.230000000001,8825.730000000001,8823.230000000001,8823.230000000001,34
2026-07-22T04:15:00+00:00,8823.230000000001,8824.230000000001,8819.720000000001,8820.230000000001,39
2026-07-22T04:20:00+00:00,8820.230000000001,8821.24,8818.720000000001,8820.720000000001,14
2026-07-22T04:25:00+00:00,8820.720000000001,8823.230000000001,8819.730000000001,8822.230000000001,28
2026-07-22T04:30:00+00:00,8822.230000000001,8822.230000000001,8817.220000000001,8818.230000000001,41
2026-07-22T04:35:00+00:00,8818.230000000001,8819.220000000001,8817.220000000001,8819.220000000001,17
2026-07-22T04:40:00+00:00,8819.220000000001,8821.24,8819.220000000001,8820.74,27.764838129496404
2026-07-22T04:45:00+00:00,8820.74,8822.24,8817.24,8818.24,25
2026-07-22T04:50:00+00:00,8818.24,8818.74,8815.720000000001,8815.720000000001,33
2026-07-22T04:55:00+00:00,8815.720000000001,8817.730000000001,8813.720000000001,8816.730000000001,39
2026-07-22T05:00:00+00:00,8816.730000000001,8818.230000000001,8816.220000000001,8816.720000000001,31
2026-07-22T05:05:00+00:00,8816.720000000001,8817.24,8814.74,8816.730000000001,37
2026-07-22T05:10:00+00:00,8816.730000000001,8820.24,8816.220000000001,8818.230000000001,34
2026-07-22T05:15:00+00:00,8818.230000000001,8823.220000000001,8818.220000000001,8820.74,57.13610586011342
2026-07-22T05:20:00+00:00,8820.74,8822.730000000001,8819.720000000001,8820.720000000001,73
2026-07-22T05:25:00+00:00,8820.720000000001,8822.24,8819.230000000001,8821.24,41
2026-07-22T05:30:00+00:00,8821.24,8822.24,8818.220000000001,8821.230000000001,61
2026-07-22T05:35:00+00:00,8821.230000000001,8824.24,8817.720000000001,8824.230000000001,77
2026-07-22T05:40:00+00:00,8824.230000000001,8825.230000000001,8822.230000000001,8823.24,50
2026-07-22T05:45:00+00:00,8823.24,8823.24,8820.220000000001,8820.220000000001,27
2026-07-22T05:50:00+00:00,8820.220000000001,8821.74,8816.220000000001,8816.220000000001,51
2026-07-22T05:55:00+00:00,8816.220000000001,8820.230000000001,8816.220000000001,8820.220000000001,83
2026-07-22T06:00:00+00:00,8820.220000000001,8823.84,8815.82,8823.34,105
2026-07-22T06:05:00+00:00,8823.34,8823.83,8814.82,8820.82,164
2026-07-22T06:10:00+00:00,8820.82,8823.84,8818.82,8823.84,97
2026-07-22T06:15:00+00:00,8823.84,8823.84,8812.83,8812.84,88
2026-07-22T06:20:00+00:00,8812.84,8812.84,8805.34,8807.34,69
2026-07-22T06:25:00+00:00,8807.34,8812.83,8805.82,8812.12,113
2026-07-22T07:10:00+00:00,8806.01,8810.72,8795.23,8810.72,139
2026-07-22T07:15:00+00:00,8810.72,8813.72,8809.23,8810.71,100
2026-07-22T07:20:00+00:00,8810.71,8812.22,8805.72,8806.72,96
2026-07-22T07:25:00+00:00,8806.72,8811.73,8803.21,8811.23,82
2026-07-22T07:30:00+00:00,8811.23,8812.71,8804.73,8804.73,203
2026-07-22T07:35:00+00:00,8804.73,8806.22,8798.23,8798.23,137
2026-07-22T07:40:00+00:00,8798.23,8799.73,8794.72,8799.72,105
2026-07-22T07:45:00+00:00,8799.72,8803.72,8799.21,8799.72,126
2026-07-22T07:50:00+00:00,8799.72,8802.72,8796.73,8802.72,123
2026-07-22T07:55:00+00:00,8802.72,8803.72,8801.23,8803.72,98
2026-07-22T08:00:00+00:00,8803.72,8815.21,8802.71,8814.71,162
2026-07-22T08:05:00+00:00,8814.71,8818.72,8813.23,8815.71,158
2026-07-22T08:10:00+00:00,8815.71,8816.23,8811.71,8815.22,113
2026-07-22T08:15:00+00:00,8815.22,8823.23,8814.72,8822.73,112
2026-07-22T08:20:00+00:00,8822.73,8828.73,8822.23,8828.22,115
2026-07-22T08:25:00+00:00,8828.22,8831.23,8827.21,8831.23,119
2026-07-22T08:30:00+00:00,8831.23,8839.21,8831.23,8838.72,126
2026-07-22T08:35:00+00:00,8838.72,8840.23,8836.71,8837.21,105
2026-07-22T08:40:00+00:00,8837.21,8840.73,8835.71,8840.73,117
2026-07-22T08:45:00+00:00,8840.73,8845.72,8839.72,8845.72,61
2026-07-22T08:50:00+00:00,8845.72,8849.21,8843.22,8845.21,85
2026-07-22T08:55:00+00:00,8845.21,8848.73,8843.71,8848.72,84
2026-07-22T09:00:00+00:00,8848.72,8855.73,8847.71,8855.23,86
2026-07-22T09:05:00+00:00,8855.23,8861.71,8854.22,8859.73,109
2026-07-22T09:10:00+00:00,8859.73,8860.23,8857.71,8859.23,99
2026-07-22T09:15:00+00:00,8859.23,8863.73,8857.73,8863.21,74
2026-07-22T09:20:00+00:00,8863.21,8863.23,8858.21,8859.71,97
2026-07-22T09:25:00+00:00,8859.71,8860.72,8854.21,8854.21,83
2026-07-22T09:30:00+00:00,8854.21,8856.72,8850.22,8850.22,120
2026-07-22T09:35:00+00:00,8850.22,8853.72,8849.71,8849.73,126
2026-07-22T09:40:00+00:00,8849.73,8850.73,8846.73,8848.72,133
2026-07-22T09:45:00+00:00,8848.72,8848.73,8846.71,8847.72,77
2026-07-22T09:50:00+00:00,8847.72,8848.72,8840.23,8842.22,139
2026-07-22T09:55:00+00:00,8842.22,8845.73,8841.21,8844.21,121
2026-07-22T10:00:00+00:00,8844.21,8850.72,8843.72,8847.72,77
2026-07-22T10:05:00+00:00,8847.72,8849.73,8847.21,8847.73,89
2026-07-22T10:10:00+00:00,8847.73,8849.22,8844.71,8849.22,97
2026-07-22T10:15:00+00:00,8849.22,8851.22,8847.21,8849.71,88
2026-07-22T10:20:00+00:00,8849.71,8858.23,8849.71,8857.72,256
2026-07-22T10:25:00+00:00,8857.72,8857.73,8852.21,8856.22,143
2026-07-22T10:30:00+00:00,8856.22,8860.22,8855.71,8858.22,100
2026-07-22T10:35:00+00:00,8858.22,8860.73,8854.71,8855.72,92
2026-07-22T10:40:00+00:00,8855.72,8855.72,8853.21,8853.72,83
2026-07-22T10:45:00+00:00,8853.72,8855.72,8851.72,8855.72,100
2026-07-22T10:50:00+00:00,8855.72,8857.23,8853.73,8854.21,81
2026-07-22T10:55:00+00:00,8854.21,8854.21,8851.71,8851.72,82
2026-07-22T11:00:00+00:00,8851.72,8853.72,8849.73,8851.73,128
2026-07-22T11:05:00+00:00,8851.73,8853.73,8849.21,8853.73,111
2026-07-22T11:10:00+00:00,8853.73,8854.72,8847.71,8847.71,75
2026-07-22T11:15:00+00:00,8847.71,8847.71,8844.73,8845.72,99
2026-07-22T11:20:00+00:00,8845.72,8849.73,8845.72,8849.22,58
2026-07-22T11:25:00+00:00,8849.22,8849.22,8842.71,8845.22,44
2026-07-22T11:30:00+00:00,8845.22,8850.72,8845.22,8849.72,42
2026-07-22T11:35:00+00:00,8849.72,8853.72,8848.71,8849.23,66
2026-07-22T11:40:00+00:00,8849.23,8849.72,8834.73,8842.21,404
2026-07-22T11:45:00+00:00,8842.21,8851.71,8840.71,8850.72,172
2026-07-22T11:50:00+00:00,8850.72,8850.72,8845.72,8847.71,110
2026-07-22T11:55:00+00:00,8847.71,8848.71,8842.71,8843.22,107
2026-07-22T12:00:00+00:00,8843.22,8846.23,8842.71,8843.73,132
2026-07-22T12:05:00+00:00,8843.73,8849.73,8843.23,8849.22,122
2026-07-22T12:10:00+00:00,8849.22,8853.23,8847.73,8853.23,90
2026-07-22T12:15:00+00:00,8853.23,8854.23,8850.21,8851.23,87
2026-07-22T12:20:00+00:00,8851.23,8851.23,8846.72,8848.71,86
2026-07-22T12:25:00+00:00,8848.71,8853.72,8848.71,8852.73,58
2026-07-22T12:30:00+00:00,8852.73,8857.73,8852.72,8856.72,118
2026-07-22T12:35:00+00:00,8856.72,8859.22,8855.72,8855.72,59
2026-07-22T12:40:00+00:00,8855.72,8860.72,8855.22,8859.71,82
2026-07-22T12:45:00+00:00,8859.71,8860.23,8855.72,8855.72,87
2026-07-22T12:50:00+00:00,8855.72,8858.73,8854.23,8858.73,77
2026-07-22T12:55:00+00:00,8858.73,8859.71,8846.72,8855.72,279
2026-07-22T13:00:00+00:00,8855.72,8861.71,8855.21,8861.71,97
2026-07-22T13:05:00+00:00,8861.71,8862.23,8858.21,8861.72,92
2026-07-22T13:10:00+00:00,8861.72,8864.72,8861.71,8864.72,57
2026-07-22T13:15:00+00:00,8864.72,8870.73,8863.21,8869.71,70
2026-07-22T13:20:00+00:00,8869.71,8874.73,8869.21,8872.72,50
2026-07-22T13:25:00+00:00,8872.72,8874.73,8871.72,8873.73,93
2026-07-22T13:30:00+00:00,8873.73,8887.73,8873.72,8882.21,288
2026-07-22T13:35:00+00:00,8882.21,8883.73,8877.71,8881.71,196
2026-07-22T13:40:00+00:00,8881.71,8884.72,8877.73,8884.22,167
2026-07-22T13:45:00+00:00,8884.22,8893.23,8883.72,8892.22,119
2026-07-22T13:50:00+00:00,8892.22,8894.73,8887.71,8890.22,114
2026-07-22T13:55:00+00:00,8890.22,8891.73,8888.72,8891.71,76
2026-07-22T14:00:00+00:00,8891.71,8897.72,8884.22,8897.23,165
2026-07-22T14:05:00+00:00,8897.23,8902.73,8894.23,8898.72,141
2026-07-22T14:10:00+00:00,8898.72,8900.72,8894.22,8895.22,192
2026-07-22T14:15:00+00:00,8895.22,8895.73,8889.71,8893.72,163
2026-07-22T14:20:00+00:00,8893.72,8896.73,8890.71,8894.72,145
2026-07-22T14:25:00+00:00,8894.72,8895.22,8887.72,8889.21,152
2026-07-22T14:30:00+00:00,8889.21,8892.72,8886.72,8887.73,156
2026-07-22T14:35:00+00:00,8887.73,8889.71,8883.71,8884.71,112
2026-07-22T14:40:00+00:00,8884.71,8885.73,8879.72,8881.71,125
2026-07-22T14:45:00+00:00,8881.71,8885.73,8879.73,8881.72,121
2026-07-22T14:50:00+00:00,8881.72,8882.73,8877.72,8881.22,99
2026-07-22T14:55:00+00:00,8881.22,8882.72,8878.71,8882.72,95
2026-07-22T15:00:00+00:00,8882.72,8884.21,8881.23,8882.73,81
2026-07-22T15:05:00+00:00,8882.73,8883.72,8877.71,8877.71,88
2026-07-22T15:10:00+00:00,8877.71,8880.72,8877.21,8879.71,47
2026-07-22T15:15:00+00:00,8879.71,8879.72,8871.71,8873.21,60
2026-07-22T15:20:00+00:00,8873.21,8877.22,8873.21,8876.73,55
2026-07-22T15:25:00+00:00,8876.73,8879.73,8875.21,8876.22,74
2026-07-22T15:30:00+00:00,8876.22,8877.73,8873.21,8873.21,144
2026-07-22T15:35:00+00:00,8873.21,8876.73,8872.71,8876.23,88
2026-07-22T15:40:00+00:00,8876.23,8880.22,8876.23,8879.73,94
2026-07-22T15:45:00+00:00,8879.73,8883.71,8879.71,8883.22,64
2026-07-22T15:50:00+00:00,8883.22,8883.71,8878.71,8879.22,83
2026-07-22T15:55:00+00:00,8879.22,8879.71,8877.21,8879.71,35
2026-07-22T16:00:00+00:00,8879.71,8880.72,8877.22,8878.72,40
2026-07-22T16:05:00+00:00,8878.72,8882.71,8878.22,8879.72,41
2026-07-22T16:10:00+00:00,8879.72,8879.73,8877.23,8878.73,57
2026-07-22T16:15:00+00:00,8878.73,8878.73,8873.22,8878.71,50
2026-07-22T16:20:00+00:00,8878.71,8879.23,8875.22,8875.22,34
2026-07-22T16:25:00+00:00,8875.22,8875.72,8872.21,8875.22,37
2026-07-22T16:30:00+00:00,8875.22,8879.71,8874.73,8879.21,31
2026-07-22T16:35:00+00:00,8879.21,8880.22,8878.22,8879.72,43
2026-07-22T16:40:00+00:00,8879.72,8880.23,8878.71,8879.23,48
2026-07-22T16:45:00+00:00,8879.23,8879.71,8874.72,8877.22,43
2026-07-22T16:50:00+00:00,8877.22,8879.23,8875.72,8879.23,41
2026-07-22T16:55:00+00:00,8879.23,8880.23,8877.72,8880.23,39
2026-07-22T17:00:00+00:00,8880.23,8880.73,8875.71,8875.73,77
2026-07-22T17:05:00+00:00,8875.73,8876.73,8873.72,8875.21,57
2026-07-22T17:10:00+00:00,8875.21,8876.72,8874.73,8876.23,26
2026-07-22T17:15:00+00:00,8876.23,8876.73,8874.71,8875.72,39
2026-07-22T17:20:00+00:00,8875.72,8876.22,8873.73,8876.22,25
2026-07-22T17:25:00+00:00,8876.22,8876.72,8873.72,8875.23,53
2026-07-22T17:30:00+00:00,8875.23,8878.23,8874.71,8875.23,30
2026-07-22T17:35:00+00:00,8875.23,8877.71,8875.21,8876.73,28
2026-07-22T17:40:00+00:00,8876.73,8877.22,8875.71,8876.72,28
2026-07-22T17:45:00+00:00,8876.72,8877.73,8875.71,8876.23,20.825832583258325
2026-07-22T17:50:00+00:00,8876.23,8879.21,8876.21,8876.73,41
2026-07-22T17:55:00+00:00,8876.73,8880.23,8875.72,8876.73,42
2026-07-22T18:00:00+00:00,8876.73,8877.22,8874.21,8874.72,49
2026-07-22T18:05:00+00:00,8874.72,8876.73,8872.21,8873.72,55
2026-07-22T18:10:00+00:00,8873.72,8874.72,8870.71,8874.72,52
2026-07-22T18:15:00+00:00,8874.72,8877.72,8873.71,8877.71,72
2026-07-22T18:20:00+00:00,8877.71,8882.72,8876.71,8879.21,76
2026-07-22T18:25:00+00:00,8879.21,8880.71,8877.22,8877.71,38
2026-07-22T18:30:00+00:00,8877.71,8877.71,8873.22,8874.23,58
2026-07-22T18:35:00+00:00,8874.23,8877.71,8873.73,8877.71,32
2026-07-22T18:40:00+00:00,8877.71,8878.73,8875.71,8878.72,29
2026-07-22T18:45:00+00:00,8878.72,8879.72,8876.71,8877.73,31
2026-07-22T18:50:00+00:00,8877.73,8880.71,8877.22,8879.71,46
2026-07-22T18:55:00+00:00,8879.71,8882.73,8879.71,8881.73,69
2026-07-22T19:00:00+00:00,8881.73,8882.73,8878.71,8880.73,61
2026-07-22T19:05:00+00:00,8880.73,8881.73,8876.71,8876.71,53
2026-07-22T19:10:00+00:00,8876.71,8877.71,8874.23,8874.23,36
2026-07-22T19:15:00+00:00,8874.23,8875.73,8873.22,8874.71,36
2026-07-22T19:20:00+00:00,8874.71,8875.71,8871.71,8874.72,39
2026-07-22T19:25:00+00:00,8874.72,8876.73,8873.73,8875.71,53
2026-07-22T19:30:00+00:00,8875.71,8876.22,8874.72,8875.73,36
2026-07-22T19:35:00+00:00,8875.73,8877.23,8873.73,8874.72,39
2026-07-22T19:40:00+00:00,8874.72,8876.72,8873.22,8875.72,30
2026-07-22T19:45:00+00:00,8875.72,8880.72,8875.72,8880.23,33
2026-07-22T19:50:00+00:00,8880.23,8881.22,8864.21,8869.71,150
2026-07-22T19:55:00+00:00,8869.71,8873.71,8868.72,8870.21,124
2026-07-22T20:00:00+00:00,8870.21,8878.23,8870.21,8873.73,439
2026-07-22T20:05:00+00:00,8873.73,8876.23,8871.73,8874.22,92
2026-07-22T20:10:00+00:00,8874.22,8881.22,8873.21,8881.22,56
2026-07-22T20:15:00+00:00,8881.22,8881.72,8879.21,8880.23,30
2026-07-22T20:20:00+00:00,8880.23,8880.23,8877.23,8878.73,25
2026-07-22T20:25:00+00:00,8878.73,8879.23,8877.22,8878.71,13.95176848874598
2026-07-22T20:30:00+00:00,8878.71,8880.21,8878.21,8878.22,22.97012987012987
2026-07-22T20:35:00+00:00,8878.22,8879.23,8877.72,8879.23,20
2026-07-22T20:40:00+00:00,8879.23,8879.23,8876.22,8876.22,9
2026-07-22T20:45:00+00:00,8876.22,8876.72,8876.22,8876.23,5.530570652173913
2026-07-22T20:50:00+00:00,8876.23,8876.73,8875.21,8876.72,24
2026-07-22T20:55:00+00:00,8876.72,8878.72,8876.21,8876.21,41
2026-07-22T23:00:00+00:00,8865.31,8869.31,8858.31,8862.31,84.82188511914043
2026-07-22T23:05:00+00:00,8862.31,8864.31,8860.31,8860.31,81.97798678889663
2026-07-22T23:10:00+00:00,8860.31,8871.31,8860.31,8871.31,67.23250471870377
2026-07-22T23:15:00+00:00,8871.31,8874.31,8855.31,8861.31,49.016079452675
2026-07-22T23:20:00+00:00,8861.31,8862.31,8858.31,8859.31,20.10867989147163
2026-07-22T23:25:00+00:00,8859.31,8863.31,8859.31,8862.31,36.3007027248767
2026-07-22T23:30:00+00:00,8862.31,8868.31,8861.31,8864.31,89.85567811066934
2026-07-22T23:35:00+00:00,8864.31,8867.31,8859.31,8862.31,65.487269526903
2026-07-22T23:40:00+00:00,8862.31,8866.31,8859.31,8861.31,66.27513796890366
2026-07-22T23:45:00+00:00,8861.31,8878.31,8852.8,8853.8,405.5413048300942
2026-07-22T23:50:00+00:00,8853.8,8858.210000000001,8850.7,8857.7,86.0865561694291
2026-07-22T23:55:00+00:00,8857.7,8862.72,8857.210000000001,8858.7,113
2026-07-23T00:00:00+00:00,8858.7,8876.62,8857.1,8876.1,557
2026-07-23T00:05:00+00:00,8876.1,8882.61,8874.6,8877.11,328
2026-07-23T00:10:00+00:00,8877.11,8887.62,8875.61,8883.11,331
2026-07-23T00:15:00+00:00,8883.11,8893.61,8877.61,8893.61,229
2026-07-23T00:20:00+00:00,8893.61,8899.6,8892.11,8897.6,129
2026-07-23T00:25:00+00:00,8897.6,8900.62,8887.12,8887.6,155
2026-07-23T00:30:00+00:00,8887.6,8889.1,8884.12,8889.1,130
2026-07-23T00:35:00+00:00,8889.1,8890.62,8885.6,8885.6,94
2026-07-23T00:40:00+00:00,8885.6,8889.1,8880.61,8883.6,122
2026-07-23T00:45:00+00:00,8883.6,8893.11,8879.11,8891.6,122
2026-07-23T00:50:00+00:00,8891.6,8899.12,8887.12,8887.12,118
2026-07-23T00:55:00+00:00,8887.12,8890.62,8883.61,8884.62,93
2026-07-23T01:00:00+00:00,8884.62,8897.62,8884.62,8896.62,193
2026-07-23T01:05:00+00:00,8896.62,8897.6,8890.62,8895.61,85
2026-07-23T01:10:00+00:00,8895.61,8900.62,8895.61,8899.11,85
2026-07-23T01:15:00+00:00,8899.11,8903.6,8896.6,8903.6,93
2026-07-23T01:20:00+00:00,8903.6,8904.11,8891.1,8892.1,90
2026-07-23T01:25:00+00:00,8892.1,8894.11,8884.1,8884.1,102
2026-07-23T01:30:00+00:00,8884.1,8884.6,8861.61,8871.62,524
2026-07-23T01:35:00+00:00,8871.62,8872.12,8853.11,8853.6,259
2026-07-23T01:40:00+00:00,8853.6,8863.11,8850.62,8856.12,175
2026-07-23T01:45:00+00:00,8856.12,8856.6,8850.61,8853.6,153
2026-07-23T01:50:00+00:00,8853.6,8858.11,8851.6,8855.62,152
2026-07-23T01:55:00+00:00,8855.62,8856.62,8849.6,8851.6,114
2026-07-23T02:00:00+00:00,8851.6,8862.6,8851.6,8862.6,98
2026-07-23T02:05:00+00:00,8862.6,8862.6,8856.1,8858.12,85
2026-07-23T02:10:00+00:00,8858.12,8863.12,8857.1,8861.62,70
2026-07-23T02:15:00+00:00,8861.62,8866.61,8857.61,8859.6,48
2026-07-23T02:20:00+00:00,8859.6,8862.11,8857.61,8858.6,60
2026-07-23T02:25:00+00:00,8858.6,8861.6,8854.61,8861.6,77
2026-07-23T02:30:00+00:00,8861.6,8866.12,8858.6,8866.1,77
2026-07-23T02:35:00+00:00,8866.1,8866.1,8856.1,8858.11,51
2026-07-23T02:40:00+00:00,8858.11,8859.12,8853.6,8853.62,68
2026-07-23T02:45:00+00:00,8853.62,8857.62,8853.62,8857.11,43
2026-07-23T02:50:00+00:00,8857.11,8860.6,8855.6,8860.6,46
2026-07-23T02:55:00+00:00,8860.6,8863.12,8859.12,8862.6,41
2026-07-23T03:00:00+00:00,8862.6,8862.62,8858.6,8859.11,47
2026-07-23T03:05:00+00:00,8859.11,8859.61,8852.62,8854.12,57
2026-07-23T03:10:00+00:00,8854.12,8855.11,8845.1,8847.11,98
2026-07-23T03:15:00+00:00,8847.11,8851.12,8846.6,8850.61,84
2026-07-23T03:20:00+00:00,8850.61,8856.11,8849.6,8856.11,67
2026-07-23T03:25:00+00:00,8856.11,8857.62,8853.61,8855.61,58
2026-07-23T03:30:00+00:00,8855.61,8860.12,8855.61,8858.1,110
2026-07-23T03:35:00+00:00,8858.1,8859.61,8855.12,8858.11,81
2026-07-23T03:40:00+00:00,8858.11,8859.62,8856.62,8859.62,67
2026-07-23T03:45:00+00:00,8859.62,8859.62,8854.1,8855.12,70
2026-07-23T03:50:00+00:00,8855.12,8855.12,8852.61,8852.62,40
2026-07-23T03:55:00+00:00,8852.62,8852.62,8849.6,8849.6,30
2026-07-23T04:00:00+00:00,8849.6,8849.62,8844.61,8847.1,62
2026-07-23T04:05:00+00:00,8847.1,8849.61,8843.61,8848.12,58
2026-07-23T04:10:00+00:00,8848.12,8850.62,8845.61,8850.62,55
2026-07-23T04:15:00+00:00,8850.62,8852.12,8848.6,8848.6,51
2026-07-23T04:20:00+00:00,8848.6,8853.62,8848.6,8851.61,65
2026-07-23T04:25:00+00:00,8851.61,8854.62,8850.61,8853.6,67
2026-07-23T04:30:00+00:00,8853.6,8853.6,8848.61,8851.61,73
2026-07-23T04:35:00+00:00,8851.61,8856.12,8851.1,8856.1,41
2026-07-23T04:40:00+00:00,8856.1,8858.61,8855.6,8855.6,33
2026-07-23T04:45:00+00:00,8855.6,8858.61,8852.11,8852.11,43
2026-07-23T04:50:00+00:00,8852.11,8852.11,8841.6,8842.6,98
2026-07-23T04:55:00+00:00,8842.6,8845.61,8841.6,8843.61,79
2026-07-23T05:00:00+00:00,8843.61,8843.62,8839.6,8842.12,113
2026-07-23T05:05:00+00:00,8842.12,8842.62,8836.61,8837.62,108
2026-07-23T05:10:00+00:00,8837.62,8838.6,8833.62,8837.12,79
2026-07-23T05:15:00+00:00,8837.12,8837.62,8834.62,8835.12,59
2026-07-23T05:20:00+00:00,8835.12,8837.62,8831.6,8834.6,115
2026-07-23T05:25:00+00:00,8834.6,8840.61,8834.6,8840.61,72
2026-07-23T05:30:00+00:00,8840.61,8841.62,8836.6,8837.12,86
2026-07-23T05:35:00+00:00,8837.12,8837.6,8832.11,8832.11,81
2026-07-23T05:40:00+00:00,8832.11,8833.6,8827.6,8828.61,84
2026-07-23T05:45:00+00:00,8828.61,8828.62,8822.11,8822.6,49
2026-07-23T05:50:00+00:00,8822.6,8822.62,8817.1,8817.1,106
2026-07-23T05:55:00+00:00,8817.1,8818.62,8814.61,8814.61,91
2026-07-23T06:00:00+00:00,8814.61,8814.61,8809.210000000001,8810.710000000001,122
2026-07-23T06:05:00+00:00,8810.710000000001,8811.22,8806.22,8809.72,74
2026-07-23T06:10:00+00:00,8809.72,8813.210000000001,8808.2,8812.72,85
2026-07-23T06:15:00+00:00,8812.72,8813.72,8810.2,8812.72,67
2026-07-23T06:20:00+00:00,8812.72,8815.22,8812.210000000001,8813.710000000001,30
2026-07-23T06:25:00+00:00,8813.710000000001,8821.51,8812.2,8819.52,73
2026-07-23T07:10:00+00:00,8838.93,8838.93,8801.12,8812.12,283
2026-07-23T07:15:00+00:00,8812.12,8816.13,8811.13,8815.11,177
2026-07-23T07:20:00+00:00,8815.11,8817.61,8811.11,8811.63,189
2026-07-23T07:25:00+00:00,8811.63,8822.62,8811.61,8820.63,190
2026-07-23T07:30:00+00:00,8820.63,8821.61,8813.13,8813.13,198
2026-07-23T07:35:00+00:00,8813.13,8819.12,8812.11,8817.11,157
2026-07-23T07:40:00+00:00,8817.11,8818.13,8812.11,8813.62,168
2026-07-23T07:45:00+00:00,8813.62,8813.62,8808.63,8810.62,158
2026-07-23T07:50:00+00:00,8810.62,8816.62,8808.61,8815.61,178
2026-07-23T07:55:00+00:00,8815.61,8820.12,8815.61,8819.12,136
2026-07-23T08:00:00+00:00,8819.12,8820.12,8809.61,8816.11,240
2026-07-23T08:05:00+00:00,8816.11,8826.63,8814.61,8826.63,156
2026-07-23T08:10:00+00:00,8826.63,8827.63,8821.11,8822.12,110
2026-07-23T08:15:00+00:00,8822.12,8826.62,8819.61,8825.13,130
2026-07-23T08:20:00+00:00,8825.13,8826.11,8822.61,8825.62,101
2026-07-23T08:25:00+00:00,8825.62,8831.12,8824.63,8829.61,133
2026-07-23T08:30:00+00:00,8829.61,8829.63,8823.13,8826.12,77
2026-07-23T08:35:00+00:00,8826.12,8827.63,8822.11,8822.13,88
2026-07-23T08:40:00+00:00,8822.13,8822.63,8816.61,8818.11,147
2026-07-23T08:45:00+00:00,8818.11,8821.13,8817.61,8818.11,72
2026-07-23T08:50:00+00:00,8818.11,8825.13,8818.11,8824.12,82
2026-07-23T08:55:00+00:00,8824.12,8826.63,8822.61,8826.63,83
2026-07-23T09:00:00+00:00,8826.63,8837.13,8826.13,8836.61,207
2026-07-23T09:05:00+00:00,8836.61,8837.63,8829.11,8829.11,132
2026-07-23T09:10:00+00:00,8829.11,8831.62,8825.63,8825.63,104
2026-07-23T09:15:00+00:00,8825.63,8827.13,8824.11,8824.62,87
2026-07-23T09:20:00+00:00,8824.62,8824.63,8820.12,8821.12,82
2026-07-23T09:25:00+00:00,8821.12,8821.62,8816.61,8818.63,74
2026-07-23T09:30:00+00:00,8818.63,8820.13,8815.12,8816.63,85
2026-07-23T09:35:00+00:00,8816.63,8821.61,8815.61,8821.61,93
2026-07-23T09:40:00+00:00,8821.61,8824.63,8820.62,8824.12,89
2026-07-23T09:45:00+00:00,8824.12,8826.63,8823.61,8825.13,78
2026-07-23T09:50:00+00:00,8825.13,8825.62,8820.61,8823.63,84
2026-07-23T09:55:00+00:00,8823.63,8824.13,8817.13,8820.11,93
2026-07-23T10:00:00+00:00,8820.11,8824.63,8819.61,8822.62,125
2026-07-23T10:05:00+00:00,8822.62,8823.13,8817.11,8817.12,91
2026-07-23T10:10:00+00:00,8817.12,8817.63,8815.13,8817.13,74
2026-07-23T10:15:00+00:00,8817.13,8820.62,8815.63,8818.62,102
2026-07-23T10:20:00+00:00,8818.62,8822.12,8817.13,8820.63,110
2026-07-23T10:25:00+00:00,8820.63,8822.63,8820.11,8821.12,88
2026-07-23T10:30:00+00:00,8821.12,8827.63,8820.63,8826.63,181
2026-07-23T10:35:00+00:00,8826.63,8830.61,8826.63,8828.11,122
2026-07-23T10:40:00+00:00,8828.11,8830.12,8826.61,8828.63,90
2026-07-23T10:45:00+00:00,8828.63,8832.12,8827.61,8832.11,79
2026-07-23T10:50:00+00:00,8832.11,8832.12,8829.61,8830.63,88
2026-07-23T10:55:00+00:00,8830.63,8831.13,8826.61,8827.61,44
2026-07-23T11:00:00+00:00,8827.61,8831.62,8821.12,8821.63,134
2026-07-23T11:05:00+00:00,8821.63,8821.63,8818.61,8819.12,62
2026-07-23T11:10:00+00:00,8819.12,8821.12,8818.61,8819.61,39
2026-07-23T11:15:00+00:00,8819.61,8821.63,8815.11,8815.63,79
2026-07-23T11:20:00+00:00,8815.63,8815.63,8810.61,8810.61,99
2026-07-23T11:25:00+00:00,8810.61,8812.13,8805.12,8806.62,101
2026-07-23T11:30:00+00:00,8806.62,8807.63,8800.12,8803.63,123
2026-07-23T11:35:00+00:00,8803.63,8803.63,8793.61,8795.62,239
2026-07-23T11:40:00+00:00,8795.62,8797.13,8792.11,8795.61,200
2026-07-23T11:45:00+00:00,8795.61,8799.63,8794.61,8799.11,178
2026-07-23T11:50:00+00:00,8799.11,8811.63,8799.11,8806.61,186
2026-07-23T11:55:00+00:00,8806.61,8809.11,8805.11,8808.11,107
2026-07-23T12:00:00+00:00,8808.11,8808.62,8803.12,8805.13,125
2026-07-23T12:05:00+00:00,8805.13,8805.62,8799.63,8800.61,127
2026-07-23T12:10:00+00:00,8800.61,8802.63,8797.63,8797.63,58
2026-07-23T12:15:00+00:00,8797.63,8803.12,8790.63,8791.13,310
2026-07-23T12:20:00+00:00,8791.13,8793.63,8788.12,8791.62,222
2026-07-23T12:25:00+00:00,8791.62,8792.62,8786.61,8788.12,127
2026-07-23T12:30:00+00:00,8788.12,8788.12,8781.61,8786.63,169
2026-07-23T12:35:00+00:00,8786.63,8787.13,8777.61,8780.62,169
2026-07-23T12:40:00+00:00,8780.62,8780.62,8769.11,8771.63,243
2026-07-23T12:45:00+00:00,8771.63,8773.63,8767.61,8773.13,326
2026-07-23T12:50:00+00:00,8773.13,8779.61,8772.11,8773.63,254
2026-07-23T12:55:00+00:00,8773.63,8774.63,8767.61,8768.62,176
2026-07-23T13:00:00+00:00,8768.62,8769.12,8760.11,8761.63,294
2026-07-23T13:05:00+00:00,8761.63,8761.63,8752.63,8756.62,303
2026-07-23T13:10:00+00:00,8756.62,8762.62,8755.61,8757.61,257
2026-07-23T13:15:00+00:00,8757.61,8759.63,8754.63,8759.13,277
2026-07-23T13:20:00+00:00,8759.13,8763.63,8757.11,8757.12,204
2026-07-23T13:25:00+00:00,8757.12,8760.63,8754.61,8760.13,192
2026-07-23T13:30:00+00:00,8760.13,8780.13,8757.61,8779.63,422
2026-07-23T13:35:00+00:00,8779.63,8784.62,8774.11,8781.61,426
2026-07-23T13:40:00+00:00,8781.61,8788.63,8778.61,8785.11,352
2026-07-23T13:45:00+00:00,8785.11,8786.63,8777.12,8780.11,359
2026-07-23T13:50:00+00:00,8780.11,8785.63,8776.63,8785.63,350
2026-07-23T13:55:00+00:00,8785.63,8789.11,8774.12,8774.12,338
2026-07-23T14:00:00+00:00,8774.12,8785.13,8774.12,8782.62,441
2026-07-23T14:05:00+00:00,8782.62,8788.13,8772.11,8779.61,453
2026-07-23T14:10:00+00:00,8779.61,8792.13,8778.11,8789.12,598
2026-07-23T14:15:00+00:00,8789.12,8793.61,8783.12,8783.63,523
2026-07-23T14:20:00+00:00,8783.63,8785.12,8776.11,8777.63,527
2026-07-23T14:25:00+00:00,8777.63,8788.62,8776.11,8788.12,362
2026-07-23T14:30:00+00:00,8788.12,8789.13,8778.11,8782.61,365
2026-07-23T14:35:00+00:00,8782.61,8793.62,8778.61,8793.12,341
2026-07-23T14:40:00+00:00,8793.12,8795.12,8781.11,8782.11,350
2026-07-23T14:45:00+00:00,8782.11,8788.11,8781.13,8783.62,329
2026-07-23T14:50:00+00:00,8783.62,8785.13,8776.61,8782.12,249
2026-07-23T14:55:00+00:00,8782.12,8787.61,8781.61,8786.13,183
2026-07-23T15:00:00+00:00,8786.13,8787.62,8780.61,8784.61,172
2026-07-23T15:05:00+00:00,8784.61,8784.63,8777.13,8778.12,253
2026-07-23T15:10:00+00:00,8778.12,8778.12,8771.12,8773.13,230
2026-07-23T15:15:00+00:00,8773.13,8776.63,8771.61,8772.61,228
2026-07-23T15:20:00+00:00,8772.61,8774.63,8762.12,8767.61,325
2026-07-23T15:25:00+00:00,8767.61,8768.12,8761.63,8765.12,242
2026-07-23T15:30:00+00:00,8765.12,8771.13,8760.61,8771.12,340
2026-07-23T15:35:00+00:00,8771.12,8781.13,8771.11,8779.61,405
2026-07-23T15:40:00+00:00,8779.61,8783.12,8775.61,8775.61,170
2026-07-23T15:45:00+00:00,8775.61,8777.12,8773.12,8775.11,190
2026-07-23T15:50:00+00:00,8775.11,8777.13,8773.11,8776.61,181
2026-07-23T15:55:00+00:00,8776.61,8777.63,8773.62,8776.11,131
2026-07-23T16:00:00+00:00,8776.11,8779.13,8773.63,8776.13,152
2026-07-23T16:05:00+00:00,8776.13,8778.62,8772.11,8777.62,133
2026-07-23T16:10:00+00:00,8777.62,8782.61,8777.11,8780.63,131
2026-07-23T16:15:00+00:00,8780.63,8784.63,8780.63,8782.62,90
2026-07-23T16:20:00+00:00,8782.62,8789.63,8782.62,8789.11,114
2026-07-23T16:25:00+00:00,8789.11,8791.11,8788.61,8790.11,93
2026-07-23T16:30:00+00:00,8790.11,8790.13,8786.61,8786.62,114
2026-07-23T16:35:00+00:00,8786.62,8790.13,8785.61,8790.12,100
2026-07-23T16:40:00+00:00,8790.12,8790.12,8784.11,8784.11,82
2026-07-23T16:45:00+00:00,8784.11,8784.11,8781.61,8781.61,107
2026-07-23T16:50:00+00:00,8781.61,8782.63,8779.61,8782.13,88
2026-07-23T16:55:00+00:00,8782.13,8785.63,8781.11,8785.63,107
2026-07-23T17:00:00+00:00,8785.63,8788.63,8780.63,8781.13,179
2026-07-23T17:05:00+00:00,8781.13,8785.63,8778.62,8785.63,161
2026-07-23T17:10:00+00:00,8785.63,8787.61,8783.11,8783.61,113
2026-07-23T17:15:00+00:00,8783.61,8784.63,8780.13,8782.13,172
2026-07-23T17:20:00+00:00,8782.13,8785.62,8782.13,8784.63,142
2026-07-23T17:25:00+00:00,8784.63,8786.62,8783.61,8783.61,113
2026-07-23T17:30:00+00:00,8783.61,8784.63,8780.11,8780.11,164
2026-07-23T17:35:00+00:00,8780.11,8780.62,8775.61,8777.62,123
2026-07-23T17:40:00+00:00,8777.62,8779.63,8775.61,8778.13,126
2026-07-23T17:45:00+00:00,8778.13,8781.63,8776.12,8780.13,163
2026-07-23T17:50:00+00:00,8780.13,8781.63,8778.61,8778.61,118
2026-07-23T17:55:00+00:00,8778.61,8778.63,8774.61,8774.62,108
2026-07-23T18:00:00+00:00,8774.62,8775.63,8771.61,8772.63,147
2026-07-23T18:05:00+00:00,8772.63,8775.63,8771.63,8773.61,128.23039690222652
2026-07-23T18:10:00+00:00,8773.61,8774.63,8771.62,8771.62,127
2026-07-23T18:15:00+00:00,8771.62,8775.11,8771.13,8774.13,122
2026-07-23T18:20:00+00:00,8774.13,8778.11,8773.11,8777.63,121
2026-07-23T18:25:00+00:00,8777.63,8780.61,8775.61,8779.61,91
2026-07-23T18:30:00+00:00,8779.61,8782.61,8779.11,8781.62,105
2026-07-23T18:35:00+00:00,8781.62,8781.62,8776.61,8777.63,100
2026-07-23T18:40:00+00:00,8777.63,8778.13,8776.61,8777.62,93
2026-07-23T18:45:00+00:00,8777.62,8780.61,8777.11,8778.61,77
2026-07-23T18:50:00+00:00,8778.61,8779.62,8773.63,8773.63,89
2026-07-23T18:55:00+00:00,8773.63,8774.63,8772.63,8774.13,65
2026-07-23T19:00:00+00:00,8774.13,8778.62,8774.13,8775.13,88
2026-07-23T19:05:00+00:00,8775.13,8775.63,8773.12,8773.12,93
2026-07-23T19:10:00+00:00,8773.12,8773.12,8771.61,8772.62,51
2026-07-23T19:15:00+00:00,8772.62,8776.62,8771.62,8775.63,86
2026-07-23T19:20:00+00:00,8775.63,8780.63,8775.63,8780.63,39
2026-07-23T19:25:00+00:00,8780.63,8783.63,8780.61,8782.61,95
2026-07-23T19:30:00+00:00,8782.61,8785.62,8777.62,8780.63,130
2026-07-23T19:35:00+00:00,8780.63,8781.62,8778.12,8779.12,69
2026-07-23T19:40:00+00:00,8779.12,8779.62,8776.11,8776.62,57
2026-07-23T19:45:00+00:00,8776.62,8776.63,8772.61,8773.63,55
2026-07-23T19:50:00+00:00,8773.63,8778.63,8771.61,8774.62,157
2026-07-23T19:55:00+00:00,8774.62,8786.63,8774.62,8784.62,139
2026-07-23T20:00:00+00:00,8784.62,8793.63,8784.61,8793.63,118
2026-07-23T20:05:00+00:00,8793.63,8795.61,8793.61,8794.13,26
2026-07-23T20:10:00+00:00,8794.13,8797.63,8794.13,8796.62,26
2026-07-23T20:15:00+00:00,8796.62,8796.62,8791.61,8793.62,37
2026-07-23T20:20:00+00:00,8793.62,8795.62,8793.61,8795.62,19
2026-07-23T20:25:00+00:00,8795.62,8796.12,8793.61,8793.62,19
2026-07-23T20:30:00+00:00,8793.62,8795.13,8793.11,8795.12,21
2026-07-23T20:35:00+00:00,8795.12,8795.13,8794.11,8794.11,15.981521739130436
2026-07-23T20:40:00+00:00,8794.11,8794.12,8792.11,8792.11,12.00054914881933
2026-07-23T20:45:00+00:00,8792.11,8792.13,8790.63,8791.13,12
2026-07-23T20:50:00+00:00,8791.13,8791.63,8790.62,8791.11,26
2026-07-23T20:55:00+00:00,8791.11,8793.93,8789.11,8793.93,25
2026-07-23T23:00:00+00:00,8781.61,8782.61,8776.61,8776.61,80.23907472790002
2026-07-23T23:05:00+00:00,8776.61,8778.61,8775.61,8777.61,100.62846811251374
2026-07-23T23:10:00+00:00,8777.61,8778.61,8775.61,8775.61,54.3232288737215
2026-07-23T23:15:00+00:00,8775.61,8777.61,8775.61,8776.61,19.494186177968167
2026-07-23T23:20:00+00:00,8776.61,8778.61,8776.61,8778.61,42.257596211256626
2026-07-23T23:25:00+00:00,8778.61,8780.61,8777.61,8778.61,58.308568011947635
2026-07-23T23:30:00+00:00,8778.61,8783.61,8775.61,8783.61,117.50513841042203
2026-07-23T23:35:00+00:00,8783.61,8784.61,8779.61,8779.61,60.76928587437469
2026-07-23T23:40:00+00:00,8779.61,8783.61,8774.61,8783.61,185.40387296640557
2026-07-23T23:45:00+00:00,8783.61,8799.98,8776.97,8783.11,666.0059681299324
2026-07-23T23:50:00+00:00,8783.11,8783.11,8768.08,8768.57,102.95357142857142
2026-07-23T23:55:00+00:00,8768.57,8781.59,8768.57,8779.59,100
2026-07-24T00:00:00+00:00,8779.59,8786.99,8766.49,8767.48,713
2026-07-24T00:05:00+00:00,8767.48,8768.99,8762.970000000001,8763.98,382
2026-07-24T00:10:00+00:00,8763.98,8768.49,8758.970000000001,8758.970000000001,209
2026-07-24T00:15:00+00:00,8758.970000000001,8762.98,8756.49,8760.470000000001,199
2026-07-24T00:20:00+00:00,8760.470000000001,8773.49,8759.470000000001,8772.99,254
2026-07-24T00:25:00+00:00,8772.99,8774.98,8770.970000000001,8771.99,171
2026-07-24T00:30:00+00:00,8771.99,8776.99,8769.970000000001,8774.48,129
2026-07-24T00:35:00+00:00,8774.48,8779.98,8771.98,8777.470000000001,116
2026-07-24T00:40:00+00:00,8777.470000000001,8777.49,8769.98,8775.98,146
2026-07-24T00:45:00+00:00,8775.98,8777.49,8772.49,8772.98,93
2026-07-24T00:50:00+00:00,8772.98,8776.98,8769.48,8769.98,73
2026-07-24T00:55:00+00:00,8769.98,8779.49,8769.470000000001,8779.49,94
2026-07-24T01:00:00+00:00,8779.49,8789.99,8778.970000000001,8789.99,228
2026-07-24T01:05:00+00:00,8789.99,8789.99,8784.98,8789.48,74
2026-07-24T01:10:00+00:00,8789.48,8791.99,8784.99,8787.470000000001,71
2026-07-24T01:15:00+00:00,8787.470000000001,8799.970000000001,8786.48,8797.970000000001,149
2026-07-24T01:20:00+00:00,8797.970000000001,8797.970000000001,8789.970000000001,8796.970000000001,110
2026-07-24T01:25:00+00:00,8796.970000000001,8800.99,8791.98,8792.99,104
2026-07-24T01:30:00+00:00,8792.99,8798.49,8790.99,8795.470000000001,87
2026-07-24T01:35:00+00:00,8795.470000000001,8795.470000000001,8790.470000000001,8790.99,92
2026-07-24T01:40:00+00:00,8790.99,8792.99,8789.970000000001,8790.99,111
2026-07-24T01:45:00+00:00,8790.99,8790.99,8784.48,8784.48,84
2026-07-24T01:50:00+00:00,8784.48,8784.48,8778.99,8779.99,75
2026-07-24T01:55:00+00:00,8779.99,8781.99,8774.970000000001,8775.98,83
2026-07-24T02:00:00+00:00,8775.98,8779.98,8772.49,8772.49,82
2026-07-24T02:05:00+00:00,8772.49,8772.49,8768.970000000001,8770.470000000001,75
2026-07-24T02:10:00+00:00,8770.470000000001,8773.99,8768.98,8773.49,127
2026-07-24T02:15:00+00:00,8773.49,8775.49,8767.970000000001,8770.98,109
2026-07-24T02:20:00+00:00,8770.98,8770.98,8761.99,8764.470000000001,53
2026-07-24T02:25:00+00:00,8764.470000000001,8767.99,8763.970000000001,8765.99,69
2026-07-24T02:30:00+00:00,8765.99,8765.99,8757.470000000001,8757.970000000001,105
2026-07-24T02:35:00+00:00,8757.970000000001,8758.99,8752.98,8754.98,60
2026-07-24T02:40:00+00:00,8754.98,8754.99,8751.970000000001,8752.470000000001,67
2026-07-24T02:45:00+00:00,8752.470000000001,8752.470000000001,8739.970000000001,8740.970000000001,119
2026-07-24T02:50:00+00:00,8740.970000000001,8742.49,8730.98,8730.98,174
2026-07-24T02:55:00+00:00,8730.98,8732.49,8722.99,8723.99,121
2026-07-24T03:00:00+00:00,8723.99,8727.970000000001,8719.98,8724.98,142
2026-07-24T03:05:00+00:00,8724.98,8731.99,8723.970000000001,8728.98,106
2026-07-24T03:10:00+00:00,8728.98,8729.49,8723.49,8723.49,139
2026-07-24T03:15:00+00:00,8723.49,8737.470000000001,8723.49,8732.970000000001,119
2026-07-24T03:20:00+00:00,8732.970000000001,8737.49,8729.48,8735.99,129
2026-07-24T03:25:00+00:00,8735.99,8740.970000000001,8734.970000000001,8737.98,85
2026-07-24T03:30:00+00:00,8737.98,8739.98,8732.970000000001,8734.99,162
2026-07-24T03:35:00+00:00,8734.99,8740.970000000001,8734.48,8738.48,164
2026-07-24T03:40:00+00:00,8738.48,8739.470000000001,8734.99,8736.48,125
2026-07-24T03:45:00+00:00,8736.48,8738.98,8733.970000000001,8738.98,112
2026-07-24T03:50:00+00:00,8738.98,8738.98,8734.99,8735.970000000001,83
2026-07-24T03:55:00+00:00,8735.970000000001,8735.99,8733.98,8734.970000000001,49
2026-07-24T04:00:00+00:00,8734.970000000001,8737.48,8733.970000000001,8737.470000000001,90
2026-07-24T04:05:00+00:00,8737.470000000001,8743.99,8737.470000000001,8743.98,97
2026-07-24T04:10:00+00:00,8743.98,8743.98,8734.98,8735.49,97
2026-07-24T04:15:00+00:00,8735.49,8739.48,8732.970000000001,8738.99,115
2026-07-24T04:20:00+00:00,8738.99,8743.98,8736.970000000001,8743.470000000001,135
2026-07-24T04:25:00+00:00,8743.470000000001,8746.98,8741.970000000001,8745.970000000001,153
2026-07-24T04:30:00+00:00,8745.970000000001,8745.99,8742.98,8743.970000000001,83
2026-07-24T04:35:00+00:00,8743.970000000001,8744.99,8739.98,8739.98,66
2026-07-24T04:40:00+00:00,8739.98,8740.49,8737.470000000001,8738.99,74
2026-07-24T04:45:00+00:00,8738.99,8742.99,8737.970000000001,8739.99,75
2026-07-24T04:50:00+00:00,8739.99,8746.49,8739.99,8745.970000000001,58
2026-07-24T04:55:00+00:00,8745.970000000001,8748.970000000001,8744.98,8747.98,74
2026-07-24T05:00:00+00:00,8747.98,8750.49,8745.48,8749.99,126
2026-07-24T05:05:00+00:00,8749.99,8753.98,8749.48,8751.98,100
2026-07-24T05:10:00+00:00,8751.98,8754.49,8748.99,8750.98,69
2026-07-24T05:15:00+00:00,8750.98,8753.48,8748.970000000001,8750.49,52
2026-07-24T05:20:00+00:00,8750.49,8756.48,8749.970000000001,8756.48,66
2026-07-24T05:25:00+00:00,8756.48,8758.99,8754.970000000001,8755.970000000001,90
2026-07-24T05:30:00+00:00,8755.970000000001,8757.99,8753.970000000001,8754.98,154
2026-07-24T05:35:00+00:00,8754.98,8755.98,8751.970000000001,8753.98,104
2026-07-24T05:40:00+00:00,8753.98,8755.49,8751.970000000001,8754.99,82
2026-07-24T05:45:00+00:00,8754.99,8756.99,8752.970000000001,8754.470000000001,63
2026-07-24T05:50:00+00:00,8754.470000000001,8755.99,8747.98,8747.98,74
2026-07-24T05:55:00+00:00,8747.98,8748.99,8745.99,8746.970000000001,77
2026-07-24T06:00:00+00:00,8746.970000000001,8747.58,8743.57,8744.09,128
2026-07-24T06:05:00+00:00,8744.09,8747.09,8743.57,8747.09,119
2026-07-24T06:10:00+00:00,8747.09,8749.59,8741.57,8745.59,148
2026-07-24T06:15:00+00:00,8745.59,8750.59,8744.07,8750.59,82
2026-07-24T06:20:00+00:00,8750.59,8753.59,8749.58,8749.58,81
2026-07-24T06:25:00+00:00,8749.58,8750.59,8742.59,8746.380000000001,101
2026-07-24T07:10:00+00:00,8757.71,8789.91,8757.71,8786.91,156
2026-07-24T07:15:00+00:00,8786.91,8792.9,8784.89,8791.4,133
2026-07-24T07:20:00+00:00,8791.4,8792.91,8788.89,8791.41,112
2026-07-24T07:25:00+00:00,8791.41,8797.4,8791.4,8797.4,116
2026-07-24T07:30:00+00:00,8797.4,8798.9,8793.89,8796.89,170
2026-07-24T07:35:00+00:00,8796.89,8798.41,8791.41,8792.4,95
2026-07-24T07:40:00+00:00,8792.4,8792.9,8786.89,8789.41,98
2026-07-24T07:45:00+00:00,8789.41,8790.41,8783.89,8785.9,112
2026-07-24T07:50:00+00:00,8785.9,8787.41,8784.39,8786.41,96
2026-07-24T07:55:00+00:00,8786.41,8789.89,8785.4,8787.89,82
2026-07-24T08:00:00+00:00,8787.89,8787.9,8784.4,8786.4,144
2026-07-24T08:05:00+00:00,8786.4,8786.41,8781.9,8784.89,155
2026-07-24T08:10:00+00:00,8784.89,8785.91,8780.39,8780.91,116
2026-07-24T08:15:00+00:00,8780.91,8785.4,8779.4,8781.9,133
2026-07-24T08:20:00+00:00,8781.9,8783.41,8780.4,8783.4,110
2026-07-24T08:25:00+00:00,8783.4,8791.41,8781.39,8791.41,121
2026-07-24T08:30:00+00:00,8791.41,8794.4,8788.9,8792.4,129
2026-07-24T08:35:00+00:00,8792.4,8796.91,8791.39,8795.4,119
2026-07-24T08:40:00+00:00,8795.4,8795.91,8788.9,8790.4,91
2026-07-24T08:45:00+00:00,8790.4,8793.4,8788.41,8791.39,83
2026-07-24T08:50:00+00:00,8791.39,8793.9,8788.41,8789.89,118
2026-07-24T08:55:00+00:00,8789.89,8791.91,8788.39,8790.91,79
2026-07-24T09:00:00+00:00,8790.91,8793.41,8788.89,8790.4,140
2026-07-24T09:05:00+00:00,8790.4,8797.39,8789.39,8797.39,82
2026-07-24T09:10:00+00:00,8797.39,8797.9,8790.4,8791.4,74
2026-07-24T09:15:00+00:00,8791.4,8792.41,8788.39,8791.39,79
2026-07-24T09:20:00+00:00,8791.39,8795.4,8789.89,8794.9,97
2026-07-24T09:25:00+00:00,8794.9,8796.41,8794.39,8794.41,61
2026-07-24T09:30:00+00:00,8794.41,8797.91,8791.41,8796.9,94
2026-07-24T09:35:00+00:00,8796.9,8797.91,8793.9,8796.4,69
2026-07-24T09:40:00+00:00,8796.4,8801.4,8795.9,8799.9,55
2026-07-24T09:45:00+00:00,8799.9,8802.39,8798.89,8799.9,51
2026-07-24T09:50:00+00:00,8799.9,8801.4,8798.9,8799.39,58
2026-07-24T09:55:00+00:00,8799.39,8802.4,8799.39,8801.4,58
2026-07-24T10:00:00+00:00,8801.4,8803.41,8799.89,8800.4,79
2026-07-24T10:05:00+00:00,8800.4,8803.41,8799.41,8800.89,63
2026-07-24T10:10:00+00:00,8800.89,8801.39,8797.39,8798.4,45
2026-07-24T10:15:00+00:00,8798.4,8800.4,8797.89,8798.41,37
2026-07-24T10:20:00+00:00,8798.41,8798.41,8792.41,8792.41,56
2026-07-24T10:25:00+00:00,8792.41,8797.41,8791.4,8796.91,50
2026-07-24T10:30:00+00:00,8796.91,8803.41,8796.39,8798.39,64
2026-07-24T10:35:00+00:00,8798.39,8800.4,8797.89,8798.89,78
2026-07-24T10:40:00+00:00,8798.89,8800.39,8797.41,8798.39,51
2026-07-24T10:45:00+00:00,8798.39,8799.41,8796.39,8797.9,62.532826912642435
2026-07-24T10:50:00+00:00,8797.9,8799.39,8792.39,8792.41,49
2026-07-24T10:55:00+00:00,8792.41,8793.41,8791.89,8793.4,51
2026-07-24T11:00:00+00:00,8793.4,8798.4,8792.89,8794.39,132
2026-07-24T11:05:00+00:00,8794.39,8794.41,8788.91,8789.4,63
2026-07-24T11:10:00+00:00,8789.4,8790.9,8787.9,8788.89,44
2026-07-24T11:15:00+00:00,8788.89,8790.39,8788.39,8788.4,40
2026-07-24T11:20:00+00:00,8788.4,8792.41,8786.9,8791.9,50
2026-07-24T11:25:00+00:00,8791.9,8792.39,8789.39,8791.4,49
2026-07-24T11:30:00+00:00,8791.4,8793.4,8789.89,8790.4,49
2026-07-24T11:35:00+00:00,8790.4,8790.89,8787.39,8787.9,99
2026-07-24T11:40:00+00:00,8787.9,8789.89,8785.4,8787.4,75
2026-07-24T11:45:00+00:00,8787.4,8790.9,8786.89,8788.39,69
2026-07-24T11:50:00+00:00,8788.39,8789.91,8786.89,8789.4,54
2026-07-24T11:55:00+00:00,8789.4,8804.89,8786.39,8799.9,365
2026-07-24T12:00:00+00:00,8799.9,8799.9,8792.39,8793.89,267
2026-07-24T12:05:00+00:00,8793.89,8800.39,8790.4,8799.9,128
2026-07-24T12:10:00+00:00,8799.9,8802.9,8798.89,8801.4,74
2026-07-24T12:15:00+00:00,8801.4,8803.41,8797.4,8797.9,97
2026-07-24T12:20:00+00:00,8797.9,8797.9,8793.9,8796.4,87
2026-07-24T12:25:00+00:00,8796.4,8797.41,8790.89,8795.9,132
2026-07-24T12:30:00+00:00,8795.9,8797.41,8792.4,8793.41,105
2026-07-24T12:35:00+00:00,8793.41,8797.9,8793.39,8796.9,88
2026-07-24T12:40:00+00:00,8796.9,8797.41,8791.39,8791.91,57
2026-07-24T12:45:00+00:00,8791.91,8793.41,8790.39,8790.9,76
2026-07-24T12:50:00+00:00,8790.9,8791.4,8783.39,8783.91,61
2026-07-24T12:55:00+00:00,8783.91,8784.39,8780.39,8782.9,107
2026-07-24T13:00:00+00:00,8782.9,8787.41,8782.89,8785.89,108
2026-07-24T13:05:00+00:00,8785.89,8788.39,8785.39,8787.91,64
2026-07-24T13:10:00+00:00,8787.91,8792.4,8787.9,8792.39,73
2026-07-24T13:15:00+00:00,8792.39,8795.91,8791.89,8794.89,47
2026-07-24T13:20:00+00:00,8794.89,8797.9,8794.89,8797.9,60
2026-07-24T13:25:00+00:00,8797.9,8801.4,8795.4,8799.4,134
2026-07-24T13:30:00+00:00,8799.4,8801.9,8789.39,8790.41,315
2026-07-24T13:35:00+00:00,8790.41,8800.91,8787.4,8798.9,242
2026-07-24T13:40:00+00:00,8798.9,8799.41,8792.41,8796.4,206
2026-07-24T13:45:00+00:00,8796.4,8809.41,8792.4,8807.39,239
2026-07-24T13:50:00+00:00,8807.39,8808.41,8797.4,8797.9,249
2026-07-24T13:55:00+00:00,8797.9,8801.89,8794.9,8798.39,180
2026-07-24T14:00:00+00:00,8798.39,8804.41,8797.89,8798.41,237
2026-07-24T14:05:00+00:00,8798.41,8807.41,8796.89,8806.4,231
2026-07-24T14:10:00+00:00,8806.4,8813.39,8805.41,8810.91,218
2026-07-24T14:15:00+00:00,8810.91,8811.91,8799.89,8802.39,245
2026-07-24T14:20:00+00:00,8802.39,8806.39,8797.41,8803.89,284
2026-07-24T14:25:00+00:00,8803.89,8804.91,8796.39,8797.41,219
2026-07-24T14:30:00+00:00,8797.41,8802.9,8796.89,8798.89,249
2026-07-24T14:35:00+00:00,8798.89,8801.41,8790.9,8791.4,184
2026-07-24T14:40:00+00:00,8791.4,8794.91,8790.89,8792.39,257
2026-07-24T14:45:00+00:00,8792.39,8792.4,8785.39,8791.9,220
2026-07-24T14:50:00+00:00,8791.9,8794.41,8789.4,8790.89,192
2026-07-24T14:55:00+00:00,8790.89,8800.41,8790.89,8799.89,157
2026-07-24T15:00:00+00:00,8799.89,8800.41,8793.39,8795.39,144
2026-07-24T15:05:00+00:00,8795.39,8800.9,8795.39,8796.39,131
2026-07-24T15:10:00+00:00,8796.39,8818.9,8795.89,8817.4,628
2026-07-24T15:15:00+00:00,8817.4,8824.89,8814.91,8816.9,699
2026-07-24T15:20:00+00:00,8816.9,8824.41,8816.39,8823.39,297
2026-07-24T15:25:00+00:00,8823.39,8828.41,8822.39,8825.39,335
2026-07-24T15:30:00+00:00,8825.39,8828.4,8823.39,8823.39,256
2026-07-24T15:35:00+00:00,8823.39,8833.91,8822.4,8833.39,225
2026-07-24T15:40:00+00:00,8833.39,8834.9,8826.89,8829.41,236
2026-07-24T15:45:00+00:00,8829.41,8832.4,8827.4,8828.41,155
2026-07-24T15:50:00+00:00,8828.41,8830.91,8826.39,8829.39,145
2026-07-24T15:55:00+00:00,8829.39,8830.41,8826.89,8828.89,123
2026-07-24T16:00:00+00:00,8828.89,8832.4,8827.4,8832.4,106
2026-07-24T16:05:00+00:00,8832.4,8833.89,8829.9,8832.41,102
2026-07-24T16:10:00+00:00,8832.41,8833.91,8830.39,8831.91,96
2026-07-24T16:15:00+00:00,8831.91,8832.9,8830.39,8830.4,105
2026-07-24T16:20:00+00:00,8830.4,8833.9,8830.39,8832.89,72
2026-07-24T16:25:00+00:00,8832.89,8834.41,8831.91,8831.91,68
2026-07-24T16:30:00+00:00,8831.91,8831.91,8827.39,8827.91,145
2026-07-24T16:35:00+00:00,8827.91,8828.41,8822.9,8823.9,61
2026-07-24T16:40:00+00:00,8823.9,8824.39,8819.9,8820.4,86
2026-07-24T16:45:00+00:00,8820.4,8821.4,8816.9,8818.4,123
2026-07-24T16:50:00+00:00,8818.4,8818.91,8815.4,8817.39,136
2026-07-24T16:55:00+00:00,8817.39,8822.91,8816.39,8820.89,72
2026-07-24T17:00:00+00:00,8820.89,8821.91,8817.9,8819.89,94
2026-07-24T17:05:00+00:00,8819.89,8820.91,8811.89,8811.91,241
2026-07-24T17:10:00+00:00,8811.91,8817.39,8810.89,8816.9,142
2026-07-24T17:15:00+00:00,8816.9,8821.41,8815.39,8820.89,112
2026-07-24T17:20:00+00:00,8820.89,8821.91,8818.89,8821.91,116
2026-07-24T17:25:00+00:00,8821.91,8824.41,8819.91,8824.39,66
2026-07-24T17:30:00+00:00,8824.39,8825.41,8821.39,8825.4,96
2026-07-24T17:35:00+00:00,8825.4,8825.4,8820.4,8821.39,87
2026-07-24T17:40:00+00:00,8821.39,8821.4,8817.9,8818.39,75
2026-07-24T17:45:00+00:00,8818.39,8819.4,8815.9,8818.39,106
2026-07-24T17:50:00+00:00,8818.39,8819.4,8814.4,8816.89,87
2026-07-24T17:55:00+00:00,8816.89,8818.41,8816.39,8816.39,79
2026-07-24T18:00:00+00:00,8816.39,8817.4,8814.39,8815.41,106
2026-07-24T18:05:00+00:00,8815.41,8818.4,8814.39,8816.9,83
2026-07-24T18:10:00+00:00,8816.9,8817.39,8813.89,8813.91,61
2026-07-24T18:15:00+00:00,8813.91,8814.41,8810.41,8810.89,66
2026-07-24T18:20:00+00:00,8810.89,8812.41,8808.89,8812.41,114
2026-07-24T18:25:00+00:00,8812.41,8812.41,8806.91,8807.39,108
2026-07-24T18:30:00+00:00,8807.39,8808.41,8801.41,8802.41,166
2026-07-24T18:35:00+00:00,8802.41,8806.41,8800.89,8804.4,185
2026-07-24T18:40:00+00:00,8804.4,8804.4,8800.39,8802.39,143
2026-07-24T18:45:00+00:00,8802.39,8806.9,8801.89,8803.89,102
2026-07-24T18:50:00+00:00,8803.89,8804.9,8801.91,8803.91,116
2026-07-24T18:55:00+00:00,8803.91,8806.91,8802.91,8804.91,66
2026-07-24T19:00:00+00:00,8804.91,8806.41,8802.4,8804.39,140
2026-07-24T19:05:00+00:00,8804.39,8806.41,8799.39,8799.39,112
2026-07-24T19:10:00+00:00,8799.39,8802.4,8797.91,8797.91,123
2026-07-24T19:15:00+00:00,8797.91,8800.4,8796.4,8800.39,118
2026-07-24T19:20:00+00:00,8800.39,8801.41,8796.39,8796.89,158
2026-07-24T19:25:00+00:00,8796.89,8800.41,8796.41,8799.41,93
2026-07-24T19:30:00+00:00,8799.41,8803.91,8799.39,8801.91,194
2026-07-24T19:35:00+00:00,8801.91,8806.91,8801.41,8804.41,216
2026-07-24T19:40:00+00:00,8804.41,8805.9,8802.89,8805.89,96
2026-07-24T19:45:00+00:00,8805.89,8806.41,8802.9,8805.89,90
2026-07-24T19:50:00+00:00,8805.89,8807.91,8802.39,8806.9,112
2026-07-24T19:55:00+00:00,8806.9,8808.41,8804.89,8808.41,169
2026-07-24T20:00:00+00:00,8808.41,8811.41,8806.39,8808.89,53
2026-07-24T20:05:00+00:00,8808.89,8808.9,8806.39,8806.9,31
2026-07-24T20:10:00+00:00,8806.9,8808.4,8805.9,8805.91,15
2026-07-24T20:15:00+00:00,8805.91,8808.9,8805.91,8807.91,15
2026-07-24T20:20:00+00:00,8807.91,8808.9,8807.4,8807.4,10
2026-07-24T20:25:00+00:00,8807.4,8807.91,8804.9,8804.9,16
2026-07-24T20:30:00+00:00,8804.9,8804.9,8801.89,8802.91,30
2026-07-24T20:35:00+00:00,8802.91,8805.41,8802.91,8804.39,18
2026-07-24T20:40:00+00:00,8804.39,8805.41,8803.39,8804.9,15
2026-07-26T23:50:00+00:00,8804.9,8863.98,8804.9,8852.48,150
2026-07-26T23:55:00+00:00,8852.48,8858.97,8850.97,8855.96,133
2026-07-27T00:00:00+00:00,8855.96,8866.38,8848.88,8849.86,437
2026-07-27T00:05:00+00:00,8849.86,8859.88,8848.38,8859.87,286
2026-07-27T00:10:00+00:00,8859.87,8861.88,8847.87,8850.87,402
2026-07-27T00:15:00+00:00,8850.87,8855.87,8839.88,8841.88,291
2026-07-27T00:20:00+00:00,8841.88,8844.38,8837.86,8840.38,143
2026-07-27T00:25:00+00:00,8840.38,8845.37,8836.36,8841.38,113
2026-07-27T00:30:00+00:00,8841.38,8844.86,8837.86,8842.86,171
2026-07-27T00:35:00+00:00,8842.86,8850.37,8841.86,8848.88,107
2026-07-27T00:40:00+00:00,8848.88,8851.88,8842.88,8844.88,58
2026-07-27T00:45:00+00:00,8844.88,8845.38,8835.36,8839.86,96
2026-07-27T00:50:00+00:00,8839.86,8844.88,8838.86,8840.87,81
2026-07-27T00:55:00+00:00,8840.87,8840.88,8834.36,8838.37,107
2026-07-27T01:00:00+00:00,8838.37,8847.88,8836.87,8844.36,195
2026-07-27T01:05:00+00:00,8844.36,8850.87,8844.36,8845.87,112
2026-07-27T01:10:00+00:00,8845.87,8850.38,8842.88,8845.86,100
2026-07-27T01:15:00+00:00,8845.86,8850.36,8841.87,8841.87,137
2026-07-27T01:20:00+00:00,8841.87,8842.87,8836.88,8836.88,97
2026-07-27T01:25:00+00:00,8836.88,8837.36,8830.38,8835.86,150
2026-07-27T01:30:00+00:00,8835.86,8848.88,8835.86,8843.88,197
2026-07-27T01:35:00+00:00,8843.88,8846.88,8840.36,8845.87,163
2026-07-27T01:40:00+00:00,8845.87,8847.88,8841.38,8843.86,131
2026-07-27T01:45:00+00:00,8843.86,8850.38,8842.36,8849.86,128
2026-07-27T01:50:00+00:00,8849.86,8850.88,8846.87,8850.88,110
2026-07-27T01:55:00+00:00,8850.88,8855.88,8849.87,8853.86,117
2026-07-27T02:00:00+00:00,8853.86,8856.36,8852.87,8854.87,96
2026-07-27T02:05:00+00:00,8854.87,8860.38,8854.87,8857.38,71
2026-07-27T02:10:00+00:00,8857.38,8858.37,8854.86,8855.86,50
2026-07-27T02:15:00+00:00,8855.86,8858.88,8855.86,8858.88,91
2026-07-27T02:20:00+00:00,8858.88,8859.88,8856.86,8859.87,65
2026-07-27T02:25:00+00:00,8859.87,8862.88,8859.36,8860.87,68
2026-07-27T02:30:00+00:00,8860.87,8860.87,8853.38,8853.87,55
2026-07-27T02:35:00+00:00,8853.87,8859.87,8853.87,8858.87,41
2026-07-27T02:40:00+00:00,8858.87,8860.88,8856.86,8860.36,66
2026-07-27T02:45:00+00:00,8860.36,8860.88,8858.36,8859.37,29
2026-07-27T02:50:00+00:00,8859.37,8860.88,8858.86,8860.88,44
2026-07-27T02:55:00+00:00,8860.88,8862.87,8859.87,8862.87,20
2026-07-27T03:00:00+00:00,8862.87,8868.36,8861.86,8866.88,71
2026-07-27T03:05:00+00:00,8866.88,8868.88,8866.86,8867.38,30
2026-07-27T03:10:00+00:00,8867.38,8869.86,8866.36,8869.36,42
2026-07-27T03:15:00+00:00,8869.36,8873.88,8868.88,8873.88,36
2026-07-27T03:20:00+00:00,8873.88,8873.88,8868.37,8868.37,24
2026-07-27T03:25:00+00:00,8868.37,8869.88,8865.36,8865.37,19
2026-07-27T03:30:00+00:00,8865.37,8865.88,8862.36,8864.86,49
2026-07-27T03:35:00+00:00,8864.86,8865.88,8863.87,8865.36,21
2026-07-27T03:40:00+00:00,8865.36,8867.88,8863.87,8864.38,56
2026-07-27T03:45:00+00:00,8864.38,8865.86,8861.37,8861.87,33
2026-07-27T03:50:00+00:00,8861.87,8863.87,8861.37,8863.37,20
2026-07-27T03:55:00+00:00,8863.37,8864.38,8860.86,8863.86,46
2026-07-27T04:00:00+00:00,8863.86,8868.87,8863.86,8868.87,28
2026-07-27T04:05:00+00:00,8868.87,8870.86,8867.38,8869.37,33
2026-07-27T04:10:00+00:00,8869.37,8871.38,8866.87,8871.38,38
2026-07-27T04:15:00+00:00,8871.38,8872.37,8869.37,8871.87,33
2026-07-27T04:20:00+00:00,8871.87,8877.38,8871.37,8874.86,58
2026-07-27T04:25:00+00:00,8874.86,8875.88,8873.88,8875.88,48
2026-07-27T04:30:00+00:00,8875.88,8875.88,8871.86,8875.37,37
2026-07-27T04:35:00+00:00,8875.37,8877.87,8875.36,8877.87,30
2026-07-27T04:40:00+00:00,8877.87,8881.86,8876.86,8880.87,41
2026-07-27T04:45:00+00:00,8880.87,8883.88,8880.87,8882.36,38
2026-07-27T04:50:00+00:00,8882.36,8884.88,8881.37,8883.88,38
2026-07-27T04:55:00+00:00,8883.88,8883.88,8879.86,8879.87,25
2026-07-27T05:00:00+00:00,8879.87,8885.88,8879.86,8884.37,51
2026-07-27T05:05:00+00:00,8884.37,8887.87,8884.37,8887.86,39
2026-07-27T05:10:00+00:00,8887.86,8893.88,8887.86,8892.88,65
2026-07-27T05:15:00+00:00,8892.88,8892.88,8889.86,8892.87,40
2026-07-27T05:20:00+00:00,8892.87,8892.87,8887.87,8887.87,34.74407060121346
2026-07-27T05:25:00+00:00,8887.87,8888.36,8885.86,8886.86,30
2026-07-27T05:30:00+00:00,8886.86,8888.87,8883.86,8884.37,46
2026-07-27T05:35:00+00:00,8884.37,8884.86,8882.86,8883.86,19
2026-07-27T05:40:00+00:00,8883.86,8884.88,8881.36,8881.88,47
2026-07-27T05:45:00+00:00,8881.88,8883.88,8881.88,8882.86,27.74382157926462
2026-07-27T05:50:00+00:00,8882.86,8884.88,8882.86,8884.88,24
2026-07-27T05:55:00+00:00,8884.88,8886.36,8884.86,8885.38,32
2026-07-27T06:00:00+00:00,8885.38,8892.48,8884.48,8892.46,79
2026-07-27T06:05:00+00:00,8892.46,8894.48,8888.96,8888.96,110
2026-07-27T06:10:00+00:00,8888.96,8892.48,8885.46,8889.48,105
2026-07-27T06:15:00+00:00,8889.48,8890.48,8888.46,8888.46,46
2026-07-27T06:20:00+00:00,8888.46,8890.48,8885.48,8885.48,53
2026-07-27T06:25:00+00:00,8885.48,8885.48,8882.46,8884.26,58
2026-07-27T07:10:00+00:00,8884.76,8886.46,8878.96,8885.97,102
2026-07-27T07:15:00+00:00,8885.97,8886.46,8882.46,8884.96,84
2026-07-27T07:20:00+00:00,8884.96,8885.98,8880.97,8880.97,80
2026-07-27T07:25:00+00:00,8880.97,8881.48,8875.97,8878.48,89
2026-07-27T07:30:00+00:00,8878.48,8878.48,8873.98,8876.96,101
2026-07-27T07:35:00+00:00,8876.96,8880.48,8873.96,8874.98,93
2026-07-27T07:40:00+00:00,8874.98,8876.96,8872.96,8876.46,50
2026-07-27T07:45:00+00:00,8876.46,8880.98,8873.97,8880.98,74
2026-07-27T07:50:00+00:00,8880.98,8882.47,8877.97,8880.47,111
2026-07-27T07:55:00+00:00,8880.47,8881.98,8868.96,8868.96,67
2026-07-27T08:00:00+00:00,8868.96,8872.48,8860.46,8860.97,194
2026-07-27T08:05:00+00:00,8860.97,8865.48,8859.97,8864.46,201
2026-07-27T08:10:00+00:00,8864.46,8868.96,8862.97,8868.96,147
2026-07-27T08:15:00+00:00,8868.96,8868.97,8863.96,8867.48,100
2026-07-27T08:20:00+00:00,8867.48,8868.48,8864.96,8864.96,90
2026-07-27T08:25:00+00:00,8864.96,8870.98,8864.96,8869.98,101
2026-07-27T08:30:00+00:00,8869.98,8872.47,8866.97,8869.46,110
2026-07-27T08:35:00+00:00,8869.46,8875.96,8867.97,8875.47,68
2026-07-27T08:40:00+00:00,8875.47,8880.48,8874.96,8879.96,113
2026-07-27T08:45:00+00:00,8879.96,8880.48,8877.46,8878.97,85
2026-07-27T08:50:00+00:00,8878.97,8883.47,8877.97,8882.97,73
2026-07-27T08:55:00+00:00,8882.97,8884.98,8881.96,8884.97,88
2026-07-27T09:00:00+00:00,8884.97,8884.97,8879.48,8881.97,69
2026-07-27T09:05:00+00:00,8881.97,8884.97,8881.48,8882.97,70
2026-07-27T09:10:00+00:00,8882.97,8883.46,8879.96,8880.96,53
2026-07-27T09:15:00+00:00,8880.96,8882.98,8880.96,8882.97,41
2026-07-27T09:20:00+00:00,8882.97,8886.98,8882.97,8886.97,52
2026-07-27T09:25:00+00:00,8886.97,8891.98,8886.97,8888.47,99
2026-07-27T09:30:00+00:00,8888.47,8892.48,8887.96,8890.98,55
2026-07-27T09:35:00+00:00,8890.98,8892.98,8888.46,8888.48,72
2026-07-27T09:40:00+00:00,8888.48,8888.48,8885.46,8887.47,71
2026-07-27T09:45:00+00:00,8887.47,8890.98,8885.96,8889.97,60
2026-07-27T09:50:00+00:00,8889.97,8891.98,8888.98,8890.96,59
2026-07-27T09:55:00+00:00,8890.96,8891.98,8887.47,8887.96,55
2026-07-27T10:00:00+00:00,8887.96,8889.98,8886.96,8887.47,76
2026-07-27T10:05:00+00:00,8887.47,8888.98,8885.96,8885.96,51
2026-07-27T10:10:00+00:00,8885.96,8885.98,8881.46,8885.98,108
2026-07-27T10:15:00+00:00,8885.98,8888.96,8884.46,8886.97,32
2026-07-27T10:20:00+00:00,8886.97,8887.98,8882.96,8885.48,56
2026-07-27T10:25:00+00:00,8885.48,8886.46,8883.47,8884.98,31
2026-07-27T10:30:00+00:00,8884.98,8885.98,8881.96,8881.96,36
2026-07-27T10:35:00+00:00,8881.96,8882.98,8880.98,8882.98,21
2026-07-27T10:40:00+00:00,8882.98,8886.98,8882.97,8886.47,32
2026-07-27T10:45:00+00:00,8886.47,8887.98,8885.97,8887.97,26
2026-07-27T10:50:00+00:00,8887.97,8889.97,8887.96,8888.98,36
2026-07-27T10:55:00+00:00,8888.98,8891.98,8885.97,8886.47,53
2026-07-27T11:00:00+00:00,8886.47,8889.96,8886.47,8887.96,67
2026-07-27T11:05:00+00:00,8887.96,8889.98,8886.98,8888.47,39
2026-07-27T11:10:00+00:00,8888.47,8889.98,8886.98,8888.46,36
2026-07-27T11:15:00+00:00,8888.46,8889.47,8885.97,8885.97,41
2026-07-27T11:20:00+00:00,8885.97,8886.98,8885.96,8885.96,50
2026-07-27T11:25:00+00:00,8885.96,8887.48,8880.46,8880.97,71
2026-07-27T11:30:00+00:00,8880.97,8887.98,8879.97,8886.47,152
2026-07-27T11:35:00+00:00,8886.47,8887.48,8883.98,8884.46,46
2026-07-27T11:40:00+00:00,8884.46,8884.97,8879.46,8880.48,82
2026-07-27T11:45:00+00:00,8880.48,8880.98,8874.48,8874.97,45
2026-07-27T11:50:00+00:00,8874.97,8879.48,8874.46,8877.46,55
2026-07-27T11:55:00+00:00,8877.46,8880.97,8876.47,8878.47,37
2026-07-27T12:00:00+00:00,8878.47,8880.48,8877.97,8878.98,63
2026-07-27T12:05:00+00:00,8878.98,8878.98,8877.46,8877.98,42
2026-07-27T12:10:00+00:00,8877.98,8877.98,8864.97,8864.97,144
2026-07-27T12:15:00+00:00,8864.97,8870.98,8864.96,8867.96,92
2026-07-27T12:20:00+00:00,8867.96,8872.98,8866.46,8872.47,83
2026-07-27T12:25:00+00:00,8872.47,8873.98,8871.46,8871.98,48
2026-07-27T12:30:00+00:00,8871.98,8871.98,8867.97,8871.98,70
2026-07-27T12:35:00+00:00,8871.98,8872.98,8870.47,8872.98,43
2026-07-27T12:40:00+00:00,8872.98,8873.48,8867.98,8871.97,92
2026-07-27T12:45:00+00:00,8871.97,8873.98,8870.96,8870.98,61
2026-07-27T12:50:00+00:00,8870.98,8870.98,8866.46,8867.96,114
2026-07-27T12:55:00+00:00,8867.96,8870.47,8865.48,8870.47,69
2026-07-27T13:00:00+00:00,8870.47,8871.97,8865.46,8865.46,115
2026-07-27T13:05:00+00:00,8865.46,8866.48,8863.46,8865.98,97
2026-07-27T13:10:00+00:00,8865.98,8871.48,8865.48,8869.46,67
2026-07-27T13:15:00+00:00,8869.46,8871.98,8867.46,8867.47,57
2026-07-27T13:20:00+00:00,8867.47,8871.48,8867.47,8869.98,43
2026-07-27T13:25:00+00:00,8869.98,8870.98,8865.97,8865.97,112
2026-07-27T13:30:00+00:00,8865.97,8866.48,8854.46,8863.48,318
2026-07-27T13:35:00+00:00,8863.48,8873.46,8862.96,8870.98,173
2026-07-27T13:40:00+00:00,8870.98,8874.47,8866.98,8868.97,258
2026-07-27T13:45:00+00:00,8868.97,8878.48,8868.96,8876.46,252
2026-07-27T13:50:00+00:00,8876.46,8877.47,8867.96,8867.97,155
2026-07-27T13:55:00+00:00,8867.97,8867.97,8852.96,8853.98,187
2026-07-27T14:00:00+00:00,8853.98,8864.46,8850.98,8861.46,270
2026-07-27T14:05:00+00:00,8861.46,8864.48,8857.97,8859.46,255
2026-07-27T14:10:00+00:00,8859.46,8859.46,8852.98,8853.96,257
2026-07-27T14:15:00+00:00,8853.96,8858.98,8851.46,8856.48,256
2026-07-27T14:20:00+00:00,8856.48,8857.98,8848.98,8852.98,225
2026-07-27T14:25:00+00:00,8852.98,8852.98,8840.96,8841.46,197
2026-07-27T14:30:00+00:00,8841.46,8843.46,8836.96,8839.98,381
2026-07-27T14:35:00+00:00,8839.98,8844.98,8834.48,8843.98,347
2026-07-27T14:40:00+00:00,8843.98,8843.98,8830.96,8832.48,293
2026-07-27T14:45:00+00:00,8832.48,8845.98,8832.48,8845.46,421
2026-07-27T14:50:00+00:00,8845.46,8851.98,8844.46,8851.48,265
2026-07-27T14:55:00+00:00,8851.48,8861.97,8850.47,8861.48,147
2026-07-27T15:00:00+00:00,8861.48,8861.48,8855.98,8859.98,209
2026-07-27T15:05:00+00:00,8859.98,8862.47,8854.46,8854.47,188
2026-07-27T15:10:00+00:00,8854.47,8859.47,8850.98,8855.47,213
2026-07-27T15:15:00+00:00,8855.47,8857.48,8848.96,8856.47,223
2026-07-27T15:20:00+00:00,8856.47,8859.47,8851.47,8852.98,221
2026-07-27T15:25:00+00:00,8852.98,8853.47,8848.97,8851.47,245
2026-07-27T15:30:00+00:00,8851.47,8851.96,8840.97,8841.97,196
2026-07-27T15:35:00+00:00,8841.97,8842.97,8837.96,8841.48,273
2026-07-27T15:40:00+00:00,8841.48,8844.46,8838.96,8841.46,252
2026-07-27T15:45:00+00:00,8841.46,8841.98,8836.97,8838.48,218
2026-07-27T15:50:00+00:00,8838.48,8840.48,8835.96,8836.48,223
2026-07-27T15:55:00+00:00,8836.48,8839.47,8835.46,8838.48,213
2026-07-27T16:00:00+00:00,8838.48,8840.48,8834.96,8839.47,136
2026-07-27T16:05:00+00:00,8839.47,8841.47,8837.46,8841.46,137
2026-07-27T16:10:00+00:00,8841.46,8843.48,8835.96,8836.97,140
2026-07-27T16:15:00+00:00,8836.97,8839.46,8834.46,8838.48,180
2026-07-27T16:20:00+00:00,8838.48,8843.47,8837.96,8841.46,146
2026-07-27T16:25:00+00:00,8841.46,8857.48,8841.46,8850.98,576
2026-07-27T16:30:00+00:00,8850.98,8856.47,8850.96,8856.47,187
2026-07-27T16:35:00+00:00,8856.47,8859.97,8853.97,8856.47,157
2026-07-27T16:40:00+00:00,8856.47,8856.97,8849.96,8851.46,169
2026-07-27T16:45:00+00:00,8851.46,8853.98,8848.97,8848.97,143
2026-07-27T16:50:00+00:00,8848.97,8848.98,8841.46,8842.46,155
2026-07-27T16:55:00+00:00,8842.46,8842.46,8838.96,8839.96,162
2026-07-27T17:00:00+00:00,8839.96,8841.48,8833.46,8833.98,141
2026-07-27T17:05:00+00:00,8833.98,8834.98,8831.96,8834.96,172
2026-07-27T17:10:00+00:00,8834.96,8838.96,8832.98,8837.96,125
2026-07-27T17:15:00+00:00,8837.96,8838.98,8834.96,8836.96,101
2026-07-27T17:20:00+00:00,8836.96,8842.97,8836.47,8839.98,95
2026-07-27T17:25:00+00:00,8839.98,8842.96,8838.96,8838.98,120
2026-07-27T17:30:00+00:00,8838.98,8845.48,8838.46,8844.96,116
2026-07-27T17:35:00+00:00,8844.96,8845.97,8840.96,8841.96,133
2026-07-27T17:40:00+00:00,8841.96,8843.48,8840.96,8842.98,99
2026-07-27T17:45:00+00:00,8842.98,8844.97,8841.46,8841.97,83
2026-07-27T17:50:00+00:00,8841.97,8846.48,8841.48,8846.47,102
2026-07-27T17:55:00+00:00,8846.47,8848.98,8845.96,8848.98,113
2026-07-27T18:00:00+00:00,8848.98,8848.98,8844.97,8846.97,123
2026-07-27T18:05:00+00:00,8846.97,8848.98,8845.97,8846.98,94
2026-07-27T18:10:00+00:00,8846.98,8847.98,8846.46,8846.98,100
2026-07-27T18:15:00+00:00,8846.98,8846.98,8842.98,8843.98,106
2026-07-27T18:20:00+00:00,8843.98,8847.48,8842.96,8846.96,90
2026-07-27T18:25:00+00:00,8846.96,8847.98,8845.97,8847.98,75
2026-07-27T18:30:00+00:00,8847.98,8847.98,8841.96,8842.47,88
2026-07-27T18:35:00+00:00,8842.47,8844.48,8840.96,8841.48,85
2026-07-27T18:40:00+00:00,8841.48,8846.96,8839.97,8845.47,151
2026-07-27T18:45:00+00:00,8845.47,8847.98,8844.46,8844.48,62
2026-07-27T18:50:00+00:00,8844.48,8851.98,8844.46,8850.98,115
2026-07-27T18:55:00+00:00,8850.98,8854.98,8850.96,8854.98,145
2026-07-27T19:00:00+00:00,8854.98,8857.98,8853.96,8855.46,133
2026-07-27T19:05:00+00:00,8855.46,8860.98,8853.46,8860.48,115
2026-07-27T19:10:00+00:00,8860.48,8862.48,8858.96,8860.48,73
2026-07-27T19:15:00+00:00,8860.48,8865.48,8860.48,8865.48,37
2026-07-27T19:20:00+00:00,8865.48,8867.98,8864.96,8866.98,72
2026-07-27T19:25:00+00:00,8866.98,8868.97,8865.97,8868.97,58
2026-07-27T19:30:00+00:00,8868.97,8870.47,8865.46,8866.46,94
2026-07-27T19:35:00+00:00,8866.46,8867.98,8862.96,8863.96,64
2026-07-27T19:40:00+00:00,8863.96,8866.48,8863.96,8865.96,39
2026-07-27T19:45:00+00:00,8865.96,8866.46,8862.46,8865.46,103
2026-07-27T19:50:00+00:00,8865.46,8865.46,8858.96,8859.96,104
2026-07-27T19:55:00+00:00,8859.96,8864.98,8858.97,8862.46,145
2026-07-27T20:00:00+00:00,8862.46,8864.97,8859.96,8860.96,38
2026-07-27T20:05:00+00:00,8860.96,8860.98,8857.97,8859.98,26
2026-07-27T20:10:00+00:00,8859.98,8859.98,8857.96,8859.98,16
2026-07-27T20:15:00+00:00,8859.98,8859.98,8858.96,8859.47,15
2026-07-27T20:20:00+00:00,8859.47,8859.48,8858.46,8858.46,5
2026-07-27T20:25:00+00:00,8858.46,8861.96,8858.46,8861.48,16
2026-07-27T20:30:00+00:00,8861.48,8862.98,8861.46,8862.97,16
2026-07-27T20:35:00+00:00,8862.97,8864.96,8862.96,8863.98,16
2026-07-27T20:40:00+00:00,8863.98,8863.98,8863.47,8863.48,8
2026-07-27T20:45:00+00:00,8863.48,8863.98,8862.97,8863.46,12
2026-07-27T20:50:00+00:00,8863.46,8863.96,8862.48,8862.97,18
2026-07-27T20:55:00+00:00,8862.97,8864.26,8861.96,8863.26,13
2026-07-27T23:00:00+00:00,8851.31,8852.31,8844.31,8846.31,76.68236342465136
2026-07-27T23:05:00+00:00,8846.31,8854.31,8845.31,8849.31,60.56679557459628
2026-07-27T23:10:00+00:00,8849.31,8850.31,8847.31,8850.31,55.56603929338716
2026-07-27T23:15:00+00:00,8850.31,8854.31,8848.31,8853.31,31.839168257963976
2026-07-27T23:20:00+00:00,8853.31,8855.31,8849.31,8854.31,67.29519915098311
2026-07-27T23:25:00+00:00,8854.31,8858.31,8854.31,8857.31,61.58467893658971
2026-07-27T23:30:00+00:00,8857.31,8858.31,8855.31,8856.31,47.663918205955525
2026-07-27T23:35:00+00:00,8856.31,8856.31,8851.31,8855.31,75.01984717025701
2026-07-27T23:40:00+00:00,8855.31,8858.31,8848.31,8851.31,106.17459650184296
2026-07-27T23:45:00+00:00,8851.31,8851.31,8835.31,8841.31,412.76848697583546
2026-07-27T23:50:00+00:00,8841.31,8841.81,8825.92,8837.939999999999,77.85362853628536
2026-07-27T23:55:00+00:00,8837.939999999999,8842.429999999998,8832.42,8834.92,79
2026-07-28T00:00:00+00:00,8834.92,8853.34,8834.92,8851.33,383
2026-07-28T00:05:00+00:00,8851.33,8851.33,8832.84,8838.33,303
2026-07-28T00:10:00+00:00,8838.33,8839.84,8829.84,8839.84,182
2026-07-28T00:15:00+00:00,8839.84,8844.84,8837.82,8842.84,283
2026-07-28T00:20:00+00:00,8842.84,8843.33,8830.83,8834.33,215
2026-07-28T00:25:00+00:00,8834.33,8847.82,8834.33,8846.83,123
2026-07-28T00:30:00+00:00,8846.83,8848.84,8836.83,8848.83,172
2026-07-28T00:35:00+00:00,8848.83,8853.33,8848.33,8852.84,111
2026-07-28T00:40:00+00:00,8852.84,8856.83,8852.84,8856.83,88
2026-07-28T00:45:00+00:00,8856.83,8856.83,8842.83,8845.33,119
2026-07-28T00:50:00+00:00,8845.33,8849.33,8843.82,8848.82,62
2026-07-28T00:55:00+00:00,8848.82,8849.34,8843.83,8845.34,101
2026-07-28T01:00:00+00:00,8845.34,8847.84,8839.83,8842.32,181
2026-07-28T01:05:00+00:00,8842.32,8846.84,8838.84,8840.32,112
2026-07-28T01:10:00+00:00,8840.32,8840.84,8835.32,8839.32,92
2026-07-28T01:15:00+00:00,8839.32,8847.34,8839.32,8847.33,77
2026-07-28T01:20:00+00:00,8847.33,8848.84,8843.82,8848.82,71
2026-07-28T01:25:00+00:00,8848.82,8855.33,8846.83,8851.84,124
2026-07-28T01:30:00+00:00,8851.84,8858.82,8846.32,8858.82,132
2026-07-28T01:35:00+00:00,8858.82,8858.82,8850.82,8850.82,52
2026-07-28T01:40:00+00:00,8850.82,8850.82,8845.82,8849.82,68
2026-07-28T01:45:00+00:00,8849.82,8849.82,8842.83,8842.83,97
2026-07-28T01:50:00+00:00,8842.83,8844.82,8836.83,8837.32,73
2026-07-28T01:55:00+00:00,8837.32,8838.33,8833.84,8836.84,56
2026-07-28T02:00:00+00:00,8836.84,8839.84,8836.33,8838.34,69
2026-07-28T02:05:00+00:00,8838.34,8844.34,8838.33,8840.82,64
2026-07-28T02:10:00+00:00,8840.82,8842.82,8838.82,8839.84,78
2026-07-28T02:15:00+00:00,8839.84,8844.34,8837.32,8843.83,88
2026-07-28T02:20:00+00:00,8843.83,8846.84,8837.82,8839.33,80
2026-07-28T02:25:00+00:00,8839.33,8839.33,8834.83,8837.84,30
2026-07-28T02:30:00+00:00,8837.84,8840.32,8835.82,8838.84,52
2026-07-28T02:35:00+00:00,8838.84,8842.84,8837.82,8842.32,101
2026-07-28T02:40:00+00:00,8842.32,8842.84,8838.83,8839.32,42
2026-07-28T02:45:00+00:00,8839.32,8843.83,8837.32,8843.83,52
2026-07-28T02:50:00+00:00,8843.83,8851.84,8842.84,8851.34,85
2026-07-28T02:55:00+00:00,8851.34,8851.83,8849.83,8851.34,35
2026-07-28T03:00:00+00:00,8851.34,8856.84,8849.82,8854.34,63
2026-07-28T03:05:00+00:00,8854.34,8854.34,8845.34,8851.33,91
2026-07-28T03:10:00+00:00,8851.33,8861.82,8851.33,8860.32,116
2026-07-28T03:15:00+00:00,8860.32,8870.84,8859.82,8870.33,107
2026-07-28T03:20:00+00:00,8870.33,8877.32,8869.82,8876.32,111
2026-07-28T03:25:00+00:00,8876.32,8879.84,8865.82,8867.32,86
2026-07-28T03:30:00+00:00,8867.32,8881.84,8865.83,8880.82,216
2026-07-28T03:35:00+00:00,8880.82,8899.82,8879.32,8898.33,251
2026-07-28T03:40:00+00:00,8898.33,8912.84,8898.32,8912.84,273
2026-07-28T03:45:00+00:00,8912.84,8917.84,8907.82,8917.32,211
2026-07-28T03:50:00+00:00,8917.32,8919.83,8911.32,8915.84,182
2026-07-28T03:55:00+00:00,8915.84,8922.34,8911.83,8920.34,85
2026-07-28T04:00:00+00:00,8920.34,8927.84,8919.84,8923.33,188
2026-07-28T04:05:00+00:00,8923.33,8923.33,8911.82,8913.83,150
2026-07-28T04:10:00+00:00,8913.83,8915.34,8907.82,8908.84,119
2026-07-28T04:15:00+00:00,8908.84,8912.83,8907.83,8911.32,120
2026-07-28T04:20:00+00:00,8911.32,8911.34,8907.33,8908.32,55
2026-07-28T04:25:00+00:00,8908.32,8912.34,8908.32,8910.83,49
2026-07-28T04:30:00+00:00,8910.83,8913.84,8906.32,8913.83,83
2026-07-28T04:35:00+00:00,8913.83,8913.84,8910.32,8913.32,92
2026-07-28T04:40:00+00:00,8913.32,8915.84,8912.82,8915.83,92
2026-07-28T04:45:00+00:00,8915.83,8919.82,8915.82,8917.82,55
2026-07-28T04:50:00+00:00,8917.82,8918.84,8915.32,8916.82,59
2026-07-28T04:55:00+00:00,8916.82,8917.33,8909.32,8909.84,34
2026-07-28T05:00:00+00:00,8909.84,8913.84,8908.32,8910.84,124
2026-07-28T05:05:00+00:00,8910.84,8913.83,8905.32,8913.83,129
2026-07-28T05:10:00+00:00,8913.83,8915.82,8910.32,8912.83,106
2026-07-28T05:15:00+00:00,8912.83,8919.84,8912.32,8917.33,131
2026-07-28T05:20:00+00:00,8917.33,8919.32,8914.32,8914.34,80
2026-07-28T05:25:00+00:00,8914.34,8919.33,8911.83,8917.84,97
2026-07-28T05:30:00+00:00,8917.84,8917.84,8911.82,8912.83,95.30841624092498
2026-07-28T05:35:00+00:00,8912.83,8916.84,8910.82,8911.84,107
2026-07-28T05:40:00+00:00,8911.84,8911.84,8907.84,8910.33,67
2026-07-28T05:45:00+00:00,8910.33,8912.84,8908.82,8912.84,69
2026-07-28T05:50:00+00:00,8912.84,8918.83,8912.82,8916.33,56
2026-07-28T05:55:00+00:00,8916.33,8917.84,8914.84,8917.34,27
2026-07-28T06:00:00+00:00,8917.34,8926.42,8916.92,8922.929999999998,213
2026-07-28T06:05:00+00:00,8922.929999999998,8930.429999999998,8922.929999999998,8924.429999999998,138
2026-07-28T06:10:00+00:00,8924.429999999998,8926.429999999998,8921.429999999998,8924.92,97
2026-07-28T06:15:00+00:00,8924.92,8926.929999999998,8923.439999999999,8926.929999999998,49
2026-07-28T06:20:00+00:00,8926.929999999998,8933.42,8924.929999999998,8927.439999999999,67
2026-07-28T06:25:00+00:00,8927.439999999999,8933.429999999998,8926.42,8928.22,152
2026-07-28T07:10:00+00:00,8950.17,8961.89,8950.17,8960.39,138
2026-07-28T07:15:00+00:00,8960.39,8968.88,8959.88,8965.39,128
2026-07-28T07:20:00+00:00,8965.39,8975.37,8965.39,8967.39,101
2026-07-28T07:25:00+00:00,8967.39,8971.39,8966.39,8966.87,116
2026-07-28T07:30:00+00:00,8966.87,8968.37,8963.38,8967.38,101
2026-07-28T07:35:00+00:00,8967.38,8968.39,8961.87,8964.38,81
2026-07-28T07:40:00+00:00,8964.38,8965.38,8959.37,8959.37,88
2026-07-28T07:45:00+00:00,8959.37,8961.39,8956.88,8957.89,79
2026-07-28T07:50:00+00:00,8957.89,8958.88,8954.87,8956.39,121
2026-07-28T07:55:00+00:00,8956.39,8957.39,8952.87,8953.38,80
2026-07-28T08:00:00+00:00,8953.38,8955.39,8948.37,8954.39,223
2026-07-28T08:05:00+00:00,8954.39,8957.39,8951.87,8953.37,197
2026-07-28T08:10:00+00:00,8953.37,8953.37,8947.87,8948.89,136
2026-07-28T08:15:00+00:00,8948.89,8954.89,8947.88,8953.38,230
2026-07-28T08:20:00+00:00,8953.38,8961.37,8952.38,8960.39,174
2026-07-28T08:25:00+00:00,8960.39,8964.37,8958.37,8962.87,133
2026-07-28T08:30:00+00:00,8962.87,8963.38,8956.39,8962.89,146
2026-07-28T08:35:00+00:00,8962.89,8964.88,8958.88,8963.38,112
2026-07-28T08:40:00+00:00,8963.38,8966.88,8962.88,8964.88,84
2026-07-28T08:45:00+00:00,8964.88,8969.38,8964.37,8965.38,93
2026-07-28T08:50:00+00:00,8965.38,8968.87,8962.87,8963.39,118
2026-07-28T08:55:00+00:00,8963.39,8963.39,8958.37,8960.89,93
2026-07-28T09:00:00+00:00,8960.89,8965.88,8960.39,8961.88,116
2026-07-28T09:05:00+00:00,8961.88,8963.37,8959.88,8961.38,79
2026-07-28T09:10:00+00:00,8961.38,8964.37,8959.37,8959.89,69
2026-07-28T09:15:00+00:00,8959.89,8962.39,8958.38,8960.89,61
2026-07-28T09:20:00+00:00,8960.89,8961.37,8959.38,8960.39,47
2026-07-28T09:25:00+00:00,8960.39,8964.39,8958.39,8964.39,64
2026-07-28T09:30:00+00:00,8964.39,8964.39,8957.87,8959.37,67
2026-07-28T09:35:00+00:00,8959.37,8959.37,8955.87,8956.39,84
2026-07-28T09:40:00+00:00,8956.39,8957.39,8953.39,8953.39,61
2026-07-28T09:45:00+00:00,8953.39,8957.39,8953.39,8956.37,69
2026-07-28T09:50:00+00:00,8956.37,8958.38,8951.38,8952.39,66
2026-07-28T09:55:00+00:00,8952.39,8953.37,8946.38,8949.89,79
2026-07-28T10:00:00+00:00,8949.89,8952.39,8948.37,8951.89,90
2026-07-28T10:05:00+00:00,8951.89,8952.38,8947.38,8948.88,79
2026-07-28T10:10:00+00:00,8948.88,8951.39,8946.37,8947.89,87
2026-07-28T10:15:00+00:00,8947.89,8949.39,8947.38,8949.37,57
2026-07-28T10:20:00+00:00,8949.37,8949.87,8944.87,8946.37,75
2026-07-28T10:25:00+00:00,8946.37,8947.38,8942.37,8946.37,83
2026-07-28T10:30:00+00:00,8946.37,8947.37,8942.37,8943.39,115
2026-07-28T10:35:00+00:00,8943.39,8943.39,8936.87,8938.37,191
2026-07-28T10:40:00+00:00,8938.37,8940.39,8936.37,8939.39,109
2026-07-28T10:45:00+00:00,8939.39,8944.39,8938.87,8940.88,100
2026-07-28T10:50:00+00:00,8940.88,8943.39,8939.87,8943.37,89
2026-07-28T10:55:00+00:00,8943.37,8946.89,8942.87,8945.88,132
2026-07-28T11:00:00+00:00,8945.88,8948.88,8940.37,8944.39,165
2026-07-28T11:05:00+00:00,8944.39,8944.39,8938.37,8939.37,123
2026-07-28T11:10:00+00:00,8939.37,8939.89,8936.37,8937.37,91
2026-07-28T11:15:00+00:00,8937.37,8949.88,8936.87,8947.37,353
2026-07-28T11:20:00+00:00,8947.37,8949.38,8945.37,8945.37,91
2026-07-28T11:25:00+00:00,8945.37,8945.89,8942.37,8943.37,81
2026-07-28T11:30:00+00:00,8943.37,8945.88,8942.37,8944.39,84
2026-07-28T11:35:00+00:00,8944.39,8953.38,8943.89,8944.38,139
2026-07-28T11:40:00+00:00,8944.38,8944.39,8940.37,8943.88,106
2026-07-28T11:45:00+00:00,8943.88,8948.37,8942.89,8945.87,94
2026-07-28T11:50:00+00:00,8945.87,8947.37,8943.39,8943.89,104
2026-07-28T11:55:00+00:00,8943.89,8951.37,8943.37,8949.88,98
2026-07-28T12:00:00+00:00,8949.88,8953.38,8947.38,8952.87,110
2026-07-28T12:05:00+00:00,8952.87,8955.39,8952.37,8954.39,84
2026-07-28T12:10:00+00:00,8954.39,8959.37,8952.37,8959.37,51
2026-07-28T12:15:00+00:00,8959.37,8961.89,8957.37,8961.88,52
2026-07-28T12:20:00+00:00,8961.88,8964.37,8961.37,8964.37,72
2026-07-28T12:25:00+00:00,8964.37,8965.89,8961.87,8964.39,74
2026-07-28T12:30:00+00:00,8964.39,8966.38,8958.37,8962.38,136
2026-07-28T12:35:00+00:00,8962.38,8964.88,8960.87,8961.39,114
2026-07-28T12:40:00+00:00,8961.39,8965.89,8961.38,8964.88,87
2026-07-28T12:45:00+00:00,8964.88,8966.88,8964.37,8966.37,59
2026-07-28T12:50:00+00:00,8966.37,8967.37,8962.87,8965.37,86
2026-07-28T12:55:00+00:00,8965.37,8967.38,8963.38,8963.38,86
2026-07-28T13:00:00+00:00,8963.38,8963.38,8957.37,8957.89,105
2026-07-28T13:05:00+00:00,8957.89,8959.38,8956.37,8957.89,52
2026-07-28T13:10:00+00:00,8957.89,8960.38,8954.37,8960.38,75
2026-07-28T13:15:00+00:00,8960.38,8966.89,8959.39,8966.38,94
2026-07-28T13:20:00+00:00,8966.38,8968.38,8961.39,8964.87,47
2026-07-28T13:25:00+00:00,8964.87,8965.89,8958.39,8961.87,74
2026-07-28T13:30:00+00:00,8961.87,8966.87,8954.37,8966.38,329
2026-07-28T13:35:00+00:00,8966.38,8970.38,8957.37,8960.38,257
2026-07-28T13:40:00+00:00,8960.38,8964.38,8957.87,8960.88,179
2026-07-28T13:45:00+00:00,8960.88,8967.39,8953.89,8966.87,180
2026-07-28T13:50:00+00:00,8966.87,8971.39,8960.88,8969.37,315
2026-07-28T13:55:00+00:00,8969.37,8976.38,8968.88,8973.89,242
2026-07-28T14:00:00+00:00,8973.89,8981.89,8969.37,8979.38,283
2026-07-28T14:05:00+00:00,8979.38,8988.39,8978.89,8986.88,203
2026-07-28T14:10:00+00:00,8986.88,8989.39,8979.87,8981.37,209
2026-07-28T14:15:00+00:00,8981.37,8984.89,8976.87,8978.88,210
2026-07-28T14:20:00+00:00,8978.88,8986.89,8978.87,8985.88,256
2026-07-28T14:25:00+00:00,8985.88,8996.39,8984.88,8995.87,240
2026-07-28T14:30:00+00:00,8995.87,8995.87,8989.37,8989.39,205
2026-07-28T14:35:00+00:00,8989.39,8998.39,8989.38,8989.38,293
2026-07-28T14:40:00+00:00,8989.38,8998.37,8987.87,8994.87,292
2026-07-28T14:45:00+00:00,8994.87,9004.39,8992.37,9003.88,202
2026-07-28T14:50:00+00:00,9003.88,9007.39,9002.37,9005.37,134
2026-07-28T14:55:00+00:00,9005.37,9006.39,8994.38,8994.87,99
2026-07-28T15:00:00+00:00,8994.87,9001.88,8992.37,8994.39,152
2026-07-28T15:05:00+00:00,8994.39,8999.39,8991.37,8999.38,146
2026-07-28T15:10:00+00:00,8999.38,9012.39,8999.37,9010.39,293
2026-07-28T15:15:00+00:00,9010.39,9021.38,9009.87,9020.38,341
2026-07-28T15:20:00+00:00,9020.38,9030.39,9020.38,9029.38,260
2026-07-28T15:25:00+00:00,9029.38,9034.39,9026.87,9028.37,164
2026-07-28T15:30:00+00:00,9028.37,9032.38,9025.37,9025.39,207
2026-07-28T15:35:00+00:00,9025.39,9031.38,9024.39,9028.38,134
2026-07-28T15:40:00+00:00,9028.38,9034.38,9027.37,9033.88,123
2026-07-28T15:45:00+00:00,9033.88,9037.39,9033.39,9036.88,138
2026-07-28T15:50:00+00:00,9036.88,9038.39,9034.39,9035.38,126
2026-07-28T15:55:00+00:00,9035.38,9039.39,9034.37,9039.37,71
2026-07-28T16:00:00+00:00,9039.37,9040.39,9034.38,9034.88,80
2026-07-28T16:05:00+00:00,9034.88,9035.89,9032.87,9035.38,53
2026-07-28T16:10:00+00:00,9035.38,9036.39,9034.87,9035.38,70
2026-07-28T16:15:00+00:00,9035.38,9036.88,9033.37,9036.39,68
2026-07-28T16:20:00+00:00,9036.39,9036.89,9032.38,9033.37,84
2026-07-28T16:25:00+00:00,9033.37,9034.88,9032.37,9032.38,57
2026-07-28T16:30:00+00:00,9032.38,9033.39,9029.87,9030.87,76
2026-07-28T16:35:00+00:00,9030.87,9035.37,9030.87,9034.37,61
2026-07-28T16:40:00+00:00,9034.37,9035.39,9033.37,9034.38,64
2026-07-28T16:45:00+00:00,9034.38,9034.38,9027.37,9029.39,95
2026-07-28T16:50:00+00:00,9029.39,9035.38,9029.39,9035.37,63
2026-07-28T16:55:00+00:00,9035.37,9037.39,9034.88,9037.38,38
2026-07-28T17:00:00+00:00,9037.38,9037.39,9033.39,9034.38,48
2026-07-28T17:05:00+00:00,9034.38,9035.39,9029.87,9030.37,86
2026-07-28T17:10:00+00:00,9030.37,9030.37,9025.87,9027.39,93
2026-07-28T17:15:00+00:00,9027.39,9028.38,9024.89,9027.38,86
2026-07-28T17:20:00+00:00,9027.38,9032.39,9024.39,9024.39,127
2026-07-28T17:25:00+00:00,9024.39,9028.39,9023.39,9026.38,75
2026-07-28T17:30:00+00:00,9026.38,9029.38,9024.39,9028.89,67
2026-07-28T17:35:00+00:00,9028.89,9028.89,9024.87,9025.38,41
2026-07-28T17:40:00+00:00,9025.38,9026.89,9019.87,9020.37,80
2026-07-28T17:45:00+00:00,9020.37,9024.39,9019.38,9023.89,67
2026-07-28T17:50:00+00:00,9023.89,9023.89,9019.87,9021.89,56
2026-07-28T17:55:00+00:00,9021.89,9024.39,9020.89,9024.39,52
2026-07-28T18:00:00+00:00,9024.39,9025.89,9022.37,9023.87,108
2026-07-28T18:05:00+00:00,9023.87,9024.38,9022.37,9024.38,40
2026-07-28T18:10:00+00:00,9024.38,9024.87,9019.37,9019.37,68
2026-07-28T18:15:00+00:00,9019.37,9022.37,9019.37,9021.37,53
2026-07-28T18:20:00+00:00,9021.37,9022.39,9018.37,9018.38,84
2026-07-28T18:25:00+00:00,9018.38,9021.37,9018.37,9021.37,53
2026-07-28T18:30:00+00:00,9021.37,9024.39,9020.89,9023.87,79
2026-07-28T18:35:00+00:00,9023.87,9026.39,9023.37,9024.87,66
2026-07-28T18:40:00+00:00,9024.87,9025.37,9022.37,9024.39,69
2026-07-28T18:45:00+00:00,9024.39,9027.39,9023.37,9025.37,93
2026-07-28T18:50:00+00:00,9025.37,9027.39,9025.37,9025.38,94
2026-07-28T18:55:00+00:00,9025.38,9028.39,9024.87,9026.87,60
2026-07-28T19:00:00+00:00,9026.87,9030.37,9026.37,9030.37,56
2026-07-28T19:05:00+00:00,9030.37,9032.38,9028.37,9028.38,66
2026-07-28T19:10:00+00:00,9028.38,9031.39,9027.37,9027.37,25
2026-07-28T19:15:00+00:00,9027.37,9034.39,9026.38,9034.39,88
2026-07-28T19:20:00+00:00,9034.39,9035.38,9030.38,9031.38,37
2026-07-28T19:25:00+00:00,9031.38,9031.89,9029.38,9031.37,25
2026-07-28T19:30:00+00:00,9031.37,9032.88,9029.88,9031.37,30
2026-07-28T19:35:00+00:00,9031.37,9031.37,9025.88,9026.38,35
2026-07-28T19:40:00+00:00,9026.38,9028.88,9026.37,9028.37,43
2026-07-28T19:45:00+00:00,9028.37,9028.89,9024.87,9025.37,44
2026-07-28T19:50:00+00:00,9025.37,9027.39,9022.87,9027.39,62
2026-07-28T19:55:00+00:00,9027.39,9027.39,9022.37,9023.37,75
2026-07-28T20:00:00+00:00,9023.37,9023.39,9021.87,9023.39,48
2026-07-28T20:05:00+00:00,9023.39,9024.88,9021.88,9023.88,66
2026-07-28T20:10:00+00:00,9023.88,9025.39,9023.88,9025.39,20
2026-07-28T20:15:00+00:00,9025.39,9025.39,9023.88,9025.39,13
2026-07-28T20:20:00+00:00,9025.39,9025.39,9023.39,9023.89,11
2026-07-28T20:25:00+00:00,9023.89,9027.88,9023.89,9026.39,25
2026-07-28T20:30:00+00:00,9026.39,9026.88,9023.38,9023.88,22
2026-07-28T20:35:00+00:00,9023.88,9024.39,9022.38,9022.88,34
2026-07-28T20:40:00+00:00,9022.88,9023.39,9021.87,9022.38,21
2026-07-28T20:45:00+00:00,9022.38,9023.38,9022.37,9022.88,12
2026-07-28T20:50:00+00:00,9022.88,9025.89,9022.37,9025.37,26
2026-07-28T20:55:00+00:00,9025.37,9025.37,9020.67,9020.67,32
2026-07-28T23:00:00+00:00,9006.91,9009.91,8999.91,9009.91,91.02953869518201
2026-07-28T23:05:00+00:00,9009.91,9014.91,8999.91,8999.91,100.58622608385714
2026-07-28T23:10:00+00:00,8999.91,9025.41,8999.91,9024.41,108.19721066004118
2026-07-28T23:15:00+00:00,9024.41,9026.41,9016.41,9016.41,82.25216844244241
2026-07-28T23:20:00+00:00,9016.41,9030.41,9013.41,9013.41,121.36170130459969
2026-07-28T23:25:00+00:00,9013.41,9013.41,9007.41,9010.41,65.85682838195571
2026-07-28T23:30:00+00:00,9010.41,9030.41,9005.41,9017.41,95.26104026265847
2026-07-28T23:35:00+00:00,9017.41,9024.41,9015.41,9022.41,100.07293651370779
2026-07-28T23:40:00+00:00,9022.41,9040.78,9019.41,9037.65,168.39747134032922
2026-07-28T23:45:00+00:00,9037.65,9039.41,9017.41,9035.91,459.69483513118644
2026-07-28T23:50:00+00:00,9035.91,9037.65,9025.13,9029.15,98.18064767850176
2026-07-28T23:55:00+00:00,9029.15,9034.14,9015.13,9017.13,106
2026-07-29T00:00:00+00:00,9017.13,9039.05,9017.13,9028.03,627
2026-07-29T00:05:00+00:00,9028.03,9043.53,9027.039999999999,9036.05,305
2026-07-29T00:10:00+00:00,9036.05,9059.05,9033.55,9058.03,265
2026-07-29T00:15:00+00:00,9058.03,9063.55,9051.53,9058.05,311
2026-07-29T00:20:00+00:00,9058.05,9071.05,9057.53,9068.039999999999,345
2026-07-29T00:25:00+00:00,9068.039999999999,9077.55,9064.55,9077.55,179
2026-07-29T00:30:00+00:00,9077.55,9084.55,9070.05,9077.53,282
2026-07-29T00:35:00+00:00,9077.53,9087.039999999999,9077.039999999999,9079.05,201
2026-07-29T00:40:00+00:00,9079.05,9081.03,9062.53,9066.539999999999,193
2026-07-29T00:45:00+00:00,9066.539999999999,9068.539999999999,9060.53,9061.539999999999,267
2026-07-29T00:50:00+00:00,9061.539999999999,9070.05,9061.539999999999,9067.039999999999,183
2026-07-29T00:55:00+00:00,9067.039999999999,9067.039999999999,9057.55,9063.539999999999,184
2026-07-29T01:00:00+00:00,9063.539999999999,9070.53,9062.55,9066.03,254
2026-07-29T01:05:00+00:00,9066.03,9068.05,9058.03,9058.53,203
2026-07-29T01:10:00+00:00,9058.53,9060.53,9050.039999999999,9058.53,198
2026-07-29T01:15:00+00:00,9058.53,9068.05,9056.03,9065.53,228
2026-07-29T01:20:00+00:00,9065.53,9070.539999999999,9059.53,9068.55,187
2026-07-29T01:25:00+00:00,9068.55,9069.55,9063.039999999999,9064.55,216
2026-07-29T01:30:00+00:00,9064.55,9099.53,9064.039999999999,9094.05,819
2026-07-29T01:35:00+00:00,9094.05,9103.55,9091.539999999999,9092.53,402
2026-07-29T01:40:00+00:00,9092.53,9095.539999999999,9081.53,9088.05,268
2026-07-29T01:45:00+00:00,9088.05,9095.05,9078.539999999999,9080.039999999999,256
2026-07-29T01:50:00+00:00,9080.039999999999,9083.55,9073.539999999999,9082.03,251
2026-07-29T01:55:00+00:00,9082.03,9084.55,9073.53,9076.05,203
2026-07-29T02:00:00+00:00,9076.05,9076.55,9068.05,9068.55,316
2026-07-29T02:05:00+00:00,9068.55,9080.05,9068.03,9079.03,222
2026-07-29T02:10:00+00:00,9079.03,9084.55,9075.539999999999,9076.55,215
2026-07-29T02:15:00+00:00,9076.55,9081.53,9075.039999999999,9079.55,167
2026-07-29T02:20:00+00:00,9079.55,9085.53,9075.55,9081.53,179
2026-07-29T02:25:00+00:00,9081.53,9081.55,9068.53,9069.55,249
2026-07-29T02:30:00+00:00,9069.55,9079.55,9069.55,9078.539999999999,319
2026-07-29T02:35:00+00:00,9078.539999999999,9079.05,9063.53,9067.05,324
2026-07-29T02:40:00+00:00,9067.05,9067.55,9059.039999999999,9065.55,305
2026-07-29T02:45:00+00:00,9065.55,9065.55,9056.55,9057.53,170
2026-07-29T02:50:00+00:00,9057.53,9059.53,9049.53,9052.55,172
2026-07-29T02:55:00+00:00,9052.55,9053.55,9047.539999999999,9049.55,142
2026-07-29T03:00:00+00:00,9049.55,9053.55,9047.05,9050.55,146
2026-07-29T03:05:00+00:00,9050.55,9055.53,9042.539999999999,9055.039999999999,223
2026-07-29T03:10:00+00:00,9055.039999999999,9055.55,9044.03,9046.05,177
2026-07-29T03:15:00+00:00,9046.05,9054.03,9045.55,9052.53,92
2026-07-29T03:20:00+00:00,9052.53,9057.55,9052.53,9057.539999999999,95
2026-07-29T03:25:00+00:00,9057.539999999999,9060.539999999999,9055.53,9056.53,86
2026-07-29T03:30:00+00:00,9056.53,9059.55,9054.53,9059.53,86
2026-07-29T03:35:00+00:00,9059.53,9060.039999999999,9052.03,9053.53,163
2026-07-29T03:40:00+00:00,9053.53,9056.55,9051.53,9056.03,111
2026-07-29T03:45:00+00:00,9056.03,9064.55,9055.539999999999,9064.039999999999,92
2026-07-29T03:50:00+00:00,9064.039999999999,9064.039999999999,9057.53,9058.55,79
2026-07-29T03:55:00+00:00,9058.55,9058.55,9053.039999999999,9054.53,73
2026-07-29T04:00:00+00:00,9054.53,9055.05,9048.03,9049.55,121
2026-07-29T04:05:00+00:00,9049.55,9054.039999999999,9045.539999999999,9050.03,146
2026-07-29T04:10:00+00:00,9050.03,9051.539999999999,9044.53,9046.03,264
2026-07-29T04:15:00+00:00,9046.03,9048.55,9037.53,9047.55,201
2026-07-29T04:20:00+00:00,9047.55,9051.55,9045.03,9048.539999999999,230
2026-07-29T04:25:00+00:00,9048.539999999999,9054.05,9047.539999999999,9050.03,155
2026-07-29T04:30:00+00:00,9050.03,9053.55,9050.03,9052.05,123
2026-07-29T04:35:00+00:00,9052.05,9058.55,9052.05,9056.539999999999,127
2026-07-29T04:40:00+00:00,9056.539999999999,9056.539999999999,9050.539999999999,9051.55,145
2026-07-29T04:45:00+00:00,9051.55,9057.039999999999,9050.03,9056.03,154
2026-07-29T04:50:00+00:00,9056.03,9057.53,9054.03,9057.03,103
2026-07-29T04:55:00+00:00,9057.03,9063.05,9056.55,9062.55,142
2026-07-29T05:00:00+00:00,9062.55,9066.05,9061.53,9064.539999999999,157
2026-07-29T05:05:00+00:00,9064.539999999999,9066.55,9061.53,9063.53,172
2026-07-29T05:10:00+00:00,9063.53,9066.53,9063.53,9064.539999999999,118
2026-07-29T05:15:00+00:00,9064.539999999999,9066.039999999999,9062.03,9065.53,80
2026-07-29T05:20:00+00:00,9065.53,9067.05,9062.05,9065.03,100
2026-07-29T05:25:00+00:00,9065.03,9065.53,9061.039999999999,9061.039999999999,37
2026-07-29T05:30:00+00:00,9061.039999999999,9061.539999999999,9055.03,9056.05,118
2026-07-29T05:35:00+00:00,9056.05,9058.53,9054.55,9056.039999999999,50
2026-07-29T05:40:00+00:00,9056.039999999999,9056.039999999999,9050.53,9053.55,70
2026-07-29T05:45:00+00:00,9053.55,9055.05,9049.53,9050.53,83
2026-07-29T05:50:00+00:00,9050.53,9056.55,9048.53,9056.05,125
2026-07-29T05:55:00+00:00,9056.05,9060.539999999999,9055.53,9057.039999999999,92
2026-07-29T06:00:00+00:00,9057.039999999999,9063.15,9052.13,9052.15,103
2026-07-29T06:05:00+00:00,9052.15,9054.15,9047.13,9050.14,205
2026-07-29T06:10:00+00:00,9050.14,9051.65,9046.14,9050.14,118
2026-07-29T06:15:00+00:00,9050.14,9056.15,9050.13,9053.64,61
2026-07-29T06:20:00+00:00,9053.64,9054.64,9049.65,9053.65,86
2026-07-29T06:25:00+00:00,9053.65,9058.449999999999,9049.14,9058.449999999999,141
2026-07-29T07:10:00+00:00,9043.71,9066.39,9043.71,9064.89,132
2026-07-29T07:15:00+00:00,9064.89,9064.91,9057.9,9061.89,86
2026-07-29T07:20:00+00:00,9061.89,9064.41,9057.9,9057.9,56
2026-07-29T07:25:00+00:00,9057.9,9063.91,9057.41,9061.91,91
2026-07-29T07:30:00+00:00,9061.91,9063.39,9057.39,9057.91,139
2026-07-29T07:35:00+00:00,9057.91,9062.39,9057.39,9060.89,134
2026-07-29T07:40:00+00:00,9060.89,9071.91,9060.4,9069.41,135
2026-07-29T07:45:00+00:00,9069.41,9073.9,9064.89,9067.89,116
2026-07-29T07:50:00+00:00,9067.89,9067.91,9062.91,9062.91,113
2026-07-29T07:55:00+00:00,9062.91,9068.41,9062.91,9066.41,87
2026-07-29T08:00:00+00:00,9066.41,9067.41,9063.39,9064.39,158
2026-07-29T08:05:00+00:00,9064.39,9070.91,9062.39,9066.41,175
2026-07-29T08:10:00+00:00,9066.41,9068.91,9060.89,9060.9,156
2026-07-29T08:15:00+00:00,9060.9,9064.89,9060.41,9063.39,165
2026-07-29T08:20:00+00:00,9063.39,9064.4,9058.41,9058.41,140
2026-07-29T08:25:00+00:00,9058.41,9059.41,9052.89,9056.4,168
2026-07-29T08:30:00+00:00,9056.4,9063.4,9055.89,9058.41,180
2026-07-29T08:35:00+00:00,9058.41,9059.41,9056.39,9056.4,104
2026-07-29T08:40:00+00:00,9056.4,9062.91,9055.89,9062.41,121
2026-07-29T08:45:00+00:00,9062.41,9067.4,9062.39,9067.4,106
2026-07-29T08:50:00+00:00,9067.4,9068.91,9064.9,9066.4,110
2026-07-29T08:55:00+00:00,9066.4,9067.41,9062.39,9062.89,89
2026-07-29T09:00:00+00:00,9062.89,9064.41,9060.4,9061.89,108
2026-07-29T09:05:00+00:00,9061.89,9065.9,9061.39,9063.4,97
2026-07-29T09:10:00+00:00,9063.4,9065.41,9060.91,9064.41,128
2026-07-29T09:15:00+00:00,9064.41,9065.41,9061.89,9062.41,86
2026-07-29T09:20:00+00:00,9062.41,9062.41,9059.89,9060.4,86
2026-07-29T09:25:00+00:00,9060.4,9062.4,9057.41,9058.89,63
2026-07-29T09:30:00+00:00,9058.89,9060.41,9057.39,9058.39,94
2026-07-29T09:35:00+00:00,9058.39,9062.41,9057.41,9059.39,112
2026-07-29T09:40:00+00:00,9059.39,9065.91,9059.39,9064.41,74
2026-07-29T09:45:00+00:00,9064.41,9070.41,9064.41,9070.41,102
2026-07-29T09:50:00+00:00,9070.41,9073.41,9069.89,9070.9,93
2026-07-29T09:55:00+00:00,9070.9,9070.9,9061.4,9064.39,109
2026-07-29T10:00:00+00:00,9064.39,9067.91,9061.39,9066.41,120
2026-07-29T10:05:00+00:00,9066.41,9069.39,9061.41,9068.4,190
2026-07-29T10:10:00+00:00,9068.4,9069.41,9063.4,9065.39,100
2026-07-29T10:15:00+00:00,9065.39,9067.91,9064.89,9067.39,117
2026-07-29T10:20:00+00:00,9067.39,9068.39,9064.41,9064.91,89
2026-07-29T10:25:00+00:00,9064.91,9066.91,9062.39,9066.89,78
2026-07-29T10:30:00+00:00,9066.89,9067.91,9062.39,9062.9,72
2026-07-29T10:35:00+00:00,9062.9,9065.41,9058.91,9060.9,124
2026-07-29T10:40:00+00:00,9060.9,9065.4,9060.39,9062.89,135
2026-07-29T10:45:00+00:00,9062.89,9063.41,9060.89,9061.91,115
2026-07-29T10:50:00+00:00,9061.91,9062.91,9054.39,9054.91,92
2026-07-29T10:55:00+00:00,9054.91,9057.91,9053.89,9056.89,98
2026-07-29T11:00:00+00:00,9056.89,9065.4,9056.89,9064.41,120
2026-07-29T11:05:00+00:00,9064.41,9066.91,9060.9,9066.91,84
2026-07-29T11:10:00+00:00,9066.91,9070.91,9066.39,9067.41,61
2026-07-29T11:15:00+00:00,9067.41,9067.41,9061.9,9063.9,61
2026-07-29T11:20:00+00:00,9063.9,9067.4,9063.9,9065.41,45
2026-07-29T11:25:00+00:00,9065.41,9068.41,9064.4,9065.4,57
2026-07-29T11:30:00+00:00,9065.4,9066.4,9059.9,9060.4,83
2026-07-29T11:35:00+00:00,9060.4,9062.41,9059.89,9061.91,40
2026-07-29T11:40:00+00:00,9061.91,9066.4,9061.39,9065.89,60
2026-07-29T11:45:00+00:00,9065.89,9071.9,9062.41,9070.91,123
2026-07-29T11:50:00+00:00,9070.91,9072.89,9065.41,9065.91,91
2026-07-29T11:55:00+00:00,9065.91,9068.4,9065.39,9067.41,53
2026-07-29T12:00:00+00:00,9067.41,9068.4,9064.39,9065.89,81
2026-07-29T12:05:00+00:00,9065.89,9070.4,9062.91,9063.9,107
2026-07-29T12:10:00+00:00,9063.9,9066.9,9059.39,9060.9,92
2026-07-29T12:15:00+00:00,9060.9,9062.41,9041.39,9042.41,720
2026-07-29T12:20:00+00:00,9042.41,9047.41,9040.4,9042.39,359
2026-07-29T12:25:00+00:00,9042.39,9051.89,9041.91,9044.91,175
2026-07-29T12:30:00+00:00,9044.91,9049.9,9040.89,9049.4,245
2026-07-29T12:35:00+00:00,9049.4,9050.4,9045.89,9048.39,116
2026-07-29T12:40:00+00:00,9048.39,9049.91,9045.4,9049.4,65
2026-07-29T12:45:00+00:00,9049.4,9049.4,9044.41,9047.89,80
2026-07-29T12:50:00+00:00,9047.89,9047.89,9043.39,9044.39,58
2026-07-29T12:55:00+00:00,9044.39,9047.41,9043.89,9046.9,120
2026-07-29T13:00:00+00:00,9046.9,9046.9,9034.39,9034.39,139
2026-07-29T13:05:00+00:00,9034.39,9038.89,9033.39,9038.89,142
2026-07-29T13:10:00+00:00,9038.89,9040.91,9035.89,9036.41,72
2026-07-29T13:15:00+00:00,9036.41,9039.91,9034.89,9034.9,65
2026-07-29T13:20:00+00:00,9034.9,9037.91,9031.89,9037.41,113
2026-07-29T13:25:00+00:00,9037.41,9044.89,9036.9,9037.9,105
2026-07-29T13:30:00+00:00,9037.9,9041.41,9030.91,9032.9,282
2026-07-29T13:35:00+00:00,9032.9,9044.9,9031.9,9043.91,320
2026-07-29T13:40:00+00:00,9043.91,9043.91,9032.89,9034.89,272
2026-07-29T13:45:00+00:00,9034.89,9035.4,9030.39,9032.89,262
2026-07-29T13:50:00+00:00,9032.89,9032.91,9022.39,9027.89,240
2026-07-29T13:55:00+00:00,9027.89,9031.41,9021.91,9029.89,330
2026-07-29T14:00:00+00:00,9029.89,9033.39,9028.39,9029.91,347
2026-07-29T14:05:00+00:00,9029.91,9035.41,9026.9,9027.41,277
2026-07-29T14:10:00+00:00,9027.41,9031.39,9020.9,9028.4,299
2026-07-29T14:15:00+00:00,9028.4,9032.41,9024.4,9028.9,404
2026-07-29T14:20:00+00:00,9028.9,9037.4,9028.39,9031.9,242
2026-07-29T14:25:00+00:00,9031.9,9031.9,9025.39,9026.9,387
2026-07-29T14:30:00+00:00,9026.9,9029.4,9024.39,9026.41,286
2026-07-29T14:35:00+00:00,9026.41,9026.9,9018.89,9020.41,206
2026-07-29T14:40:00+00:00,9020.41,9021.41,9008.89,9011.9,291
2026-07-29T14:45:00+00:00,9011.9,9016.41,9009.39,9013.9,268
2026-07-29T14:50:00+00:00,9013.9,9016.91,9011.39,9015.41,326
2026-07-29T14:55:00+00:00,9015.41,9017.41,9010.4,9014.9,262
2026-07-29T15:00:00+00:00,9014.9,9019.4,9010.9,9017.9,287
2026-07-29T15:05:00+00:00,9017.9,9023.41,9014.39,9023.41,163
2026-07-29T15:10:00+00:00,9023.41,9027.4,9019.89,9025.4,173
2026-07-29T15:15:00+00:00,9025.4,9032.41,9024.39,9028.39,267
2026-07-29T15:20:00+00:00,9028.39,9031.89,9024.41,9030.9,180
2026-07-29T15:25:00+00:00,9030.9,9030.9,9022.9,9025.89,247
2026-07-29T15:30:00+00:00,9025.89,9028.9,9022.89,9023.91,224
2026-07-29T15:35:00+00:00,9023.91,9026.9,9019.39,9019.4,230
2026-07-29T15:40:00+00:00,9019.4,9020.39,9012.89,9014.9,166
2026-07-29T15:45:00+00:00,9014.9,9020.41,9013.39,9019.41,186
2026-07-29T15:50:00+00:00,9019.41,9019.91,9013.39,9013.39,209
2026-07-29T15:55:00+00:00,9013.39,9015.91,9009.39,9014.91,179
2026-07-29T16:00:00+00:00,9014.91,9017.4,9008.39,9008.4,180
2026-07-29T16:05:00+00:00,9008.4,9008.41,9004.89,9007.4,182
2026-07-29T16:10:00+00:00,9007.4,9007.41,9002.39,9002.39,194
2026-07-29T16:15:00+00:00,9002.39,9004.91,9001.4,9002.4,145
2026-07-29T16:20:00+00:00,9002.4,9011.91,9001.9,9009.91,262
2026-07-29T16:25:00+00:00,9009.91,9014.4,9009.89,9014.4,119
2026-07-29T16:30:00+00:00,9014.4,9016.91,9011.41,9011.89,132
2026-07-29T16:35:00+00:00,9011.89,9014.41,9010.4,9014.41,117
2026-07-29T16:40:00+00:00,9014.41,9015.41,9010.4,9012.4,122
2026-07-29T16:45:00+00:00,9012.4,9015.9,9011.39,9015.41,150
2026-07-29T16:50:00+00:00,9015.41,9019.4,9013.89,9017.39,176
2026-07-29T16:55:00+00:00,9017.39,9021.41,9017.39,9021.41,135
2026-07-29T17:00:00+00:00,9021.41,9029.9,9020.41,9029.39,138
2026-07-29T17:05:00+00:00,9029.39,9030.91,9027.39,9030.39,149
2026-07-29T17:10:00+00:00,9030.39,9035.91,9028.4,9035.89,147
2026-07-29T17:15:00+00:00,9035.89,9036.9,9033.39,9036.9,163
2026-07-29T17:20:00+00:00,9036.9,9038.9,9033.39,9034.41,90
2026-07-29T17:25:00+00:00,9034.41,9038.41,9033.9,9033.9,117
2026-07-29T17:30:00+00:00,9033.9,9036.91,9032.4,9034.4,163
2026-07-29T17:35:00+00:00,9034.4,9035.4,9031.41,9033.91,98
2026-07-29T17:40:00+00:00,9033.91,9036.91,9032.89,9035.9,103
2026-07-29T17:45:00+00:00,9035.9,9038.91,9033.4,9038.91,93
2026-07-29T17:50:00+00:00,9038.91,9040.41,9036.4,9039.39,87
2026-07-29T17:55:00+00:00,9039.39,9039.69,9035.4,9039.69,162
2026-07-29T18:00:00+00:00,9039.69,9073.4,9039.41,9057.39,735
2026-07-29T18:05:00+00:00,9057.39,9062.91,9051.39,9055.4,469
2026-07-29T18:10:00+00:00,9055.4,9057.89,9048.41,9051.91,485
2026-07-29T18:15:00+00:00,9051.91,9056.9,9041.89,9042.89,344
2026-07-29T18:20:00+00:00,9042.89,9043.4,9035.89,9035.9,250
2026-07-29T18:25:00+00:00,9035.9,9042.91,9033.41,9042.41,296
2026-07-29T18:30:00+00:00,9042.41,9048.9,9032.9,9040.89,920
2026-07-29T18:35:00+00:00,9040.89,9061.4,9037.39,9059.89,754
2026-07-29T18:40:00+00:00,9059.89,9070.41,9056.9,9067.91,626
2026-07-29T18:45:00+00:00,9067.91,9079.39,9066.89,9077.41,677
2026-07-29T18:50:00+00:00,9077.41,9081.41,9071.4,9078.39,491
2026-07-29T18:55:00+00:00,9078.39,9078.89,9072.89,9076.4,379
2026-07-29T19:00:00+00:00,9076.4,9083.4,9061.9,9065.41,486
2026-07-29T19:05:00+00:00,9065.41,9065.89,9047.89,9048.39,576
2026-07-29T19:10:00+00:00,9048.39,9054.9,9043.4,9046.91,612
2026-07-29T19:15:00+00:00,9046.91,9055.4,9040.39,9041.89,481
2026-07-29T19:20:00+00:00,9041.89,9041.89,9024.89,9026.9,640
2026-07-29T19:25:00+00:00,9026.9,9029.4,9016.89,9019.41,518
2026-07-29T19:30:00+00:00,9019.41,9025.41,9003.4,9012.4,539
2026-07-29T19:35:00+00:00,9012.4,9017.9,8996.4,8996.4,587
2026-07-29T19:40:00+00:00,8996.4,9000.41,8988.89,8992.9,503
2026-07-29T19:45:00+00:00,8992.9,8993.91,8984.4,8992.41,602
2026-07-29T19:50:00+00:00,8992.41,8992.41,8980.41,8981.91,570
2026-07-29T19:55:00+00:00,8981.91,8982.91,8973.39,8981.4,297
2026-07-29T20:00:00+00:00,8981.4,8988.4,8974.9,8986.91,520
2026-07-29T20:05:00+00:00,8986.91,8991.4,8978.9,8978.9,227
2026-07-29T20:10:00+00:00,8978.9,8984.91,8975.89,8980.39,232
2026-07-29T20:15:00+00:00,8980.39,8981.9,8975.39,8976.9,124
2026-07-29T20:20:00+00:00,8976.9,8979.9,8969.89,8970.89,85
2026-07-29T20:25:00+00:00,8970.89,8973.91,8968.39,8971.9,111
2026-07-29T20:30:00+00:00,8971.9,8975.91,8968.9,8975.9,62
2026-07-29T20:35:00+00:00,8975.9,8982.91,8975.9,8982.91,43
2026-07-29T20:40:00+00:00,8982.91,8983.41,8980.89,8981.91,57
2026-07-29T20:45:00+00:00,8981.91,8981.91,8976.91,8976.91,46
2026-07-29T20:50:00+00:00,8976.91,8978.91,8975.4,8978.91,69
2026-07-29T20:55:00+00:00,8978.91,8986.21,8977.89,8986.21,99
2026-07-29T23:00:00+00:00,9001.31,9010.31,9000.31,9009.31,205.03498055210287
2026-07-29T23:05:00+00:00,9009.31,9018.31,9005.31,9014.31,237.68801965697355
2026-07-29T23:10:00+00:00,9014.31,9015.31,9004.31,9010.31,401.89720798852363
2026-07-29T23:15:00+00:00,9010.31,9018.31,9004.31,9018.31,294.24880091074533
2026-07-29T23:20:00+00:00,9018.31,9022.31,9010.68,9012.68,209.8745120919139
2026-07-29T23:25:00+00:00,9012.68,9015.68,9011.68,9013.68,188.4374465494701
2026-07-29T23:30:00+00:00,9013.68,9023.68,9013.68,9019.68,332.5077316706357
2026-07-29T23:35:00+00:00,9019.68,9030.06,9018.68,9021.06,365.3465943115038
2026-07-29T23:40:00+00:00,9021.06,9035.31,9017.06,9027.75,473.98840745342204
2026-07-29T23:45:00+00:00,9027.75,9042.55,8997.92,9021.56,2057.6153303209194
2026-07-29T23:50:00+00:00,9021.56,9043.52,9021.56,9043.52,122.97165831795412
2026-07-29T23:55:00+00:00,9043.52,9047.02,9039.51,9045.01,170
2026-07-30T00:00:00+00:00,9045.01,9052.42,9036.9,9050.91,539
2026-07-30T00:05:00+00:00,9050.91,9055.92,9041.4,9052.92,437
2026-07-30T00:10:00+00:00,9052.92,9061.92,9046.9,9061.41,354
2026-07-30T00:15:00+00:00,9061.41,9062.42,9052.9,9054.42,261
2026-07-30T00:20:00+00:00,9054.42,9056.91,9045.92,9046.92,181
2026-07-30T00:25:00+00:00,9046.92,9047.42,9029.91,9034.91,195
2026-07-30T00:30:00+00:00,9034.91,9035.41,9013.9,9014.4,227
2026-07-30T00:35:00+00:00,9014.4,9014.41,9006.91,9008.91,191
2026-07-30T00:40:00+00:00,9008.91,9010.91,9001.92,9003.92,173
2026-07-30T00:45:00+00:00,9003.92,9009.91,8999.9,9006.91,321
2026-07-30T00:50:00+00:00,9006.91,9015.4,9003.9,9014.4,309
2026-07-30T00:55:00+00:00,9014.4,9014.92,9001.9,9007.92,154
2026-07-30T01:00:00+00:00,9007.92,9016.92,9005.9,9016.92,289
2026-07-30T01:05:00+00:00,9016.92,9038.41,9016.42,9032.41,184
2026-07-30T01:10:00+00:00,9032.41,9035.42,9026.9,9029.9,285
2026-07-30T01:15:00+00:00,9029.9,9038.42,9028.4,9035.92,308
2026-07-30T01:20:00+00:00,9035.92,9036.92,9028.92,9033.41,189
2026-07-30T01:25:00+00:00,9033.41,9039.91,9032.9,9032.9,126
2026-07-30T01:30:00+00:00,9032.9,9044.42,9032.9,9036.42,173
2026-07-30T01:35:00+00:00,9036.42,9048.92,9035.91,9040.4,127
2026-07-30T01:40:00+00:00,9040.4,9046.42,9040.4,9043.4,91
2026-07-30T01:45:00+00:00,9043.4,9043.92,9036.9,9042.92,107
2026-07-30T01:50:00+00:00,9042.92,9043.91,9039.9,9039.9,98
2026-07-30T01:55:00+00:00,9039.9,9041.92,9037.91,9039.92,97
2026-07-30T02:00:00+00:00,9039.92,9044.4,9037.9,9037.9,114
2026-07-30T02:05:00+00:00,9037.9,9037.9,9030.4,9031.9,81
2026-07-30T02:10:00+00:00,9031.9,9031.9,9022.42,9022.91,62
2026-07-30T02:15:00+00:00,9022.91,9027.9,9022.9,9024.4,67
2026-07-30T02:20:00+00:00,9024.4,9028.42,9021.91,9021.91,100
2026-07-30T02:25:00+00:00,9021.91,9023.91,9018.91,9019.91,81
2026-07-30T02:30:00+00:00,9019.91,9019.91,9015.9,9017.41,74
2026-07-30T02:35:00+00:00,9017.41,9021.42,9015.92,9020.92,68
2026-07-30T02:40:00+00:00,9020.92,9025.41,9020.9,9025.41,66
2026-07-30T02:45:00+00:00,9025.41,9026.91,9023.4,9024.4,77
2026-07-30T02:50:00+00:00,9024.4,9026.9,9021.9,9021.9,89
2026-07-30T02:55:00+00:00,9021.9,9022.9,9010.91,9011.9,110
2026-07-30T03:00:00+00:00,9011.9,9016.92,9010.91,9014.9,120
2026-07-30T03:05:00+00:00,9014.9,9016.91,9007.4,9007.4,96
2026-07-30T03:10:00+00:00,9007.4,9008.42,8998.9,9000.42,101
2026-07-30T03:15:00+00:00,9000.42,9003.91,8996.9,8998.92,103
2026-07-30T03:20:00+00:00,8998.92,8999.42,8994.92,8996.92,101
2026-07-30T03:25:00+00:00,8996.92,8998.92,8993.91,8993.91,122
2026-07-30T03:30:00+00:00,8993.91,8994.92,8987.4,8994.92,223
2026-07-30T03:35:00+00:00,8994.92,8995.92,8986.41,8986.91,211
2026-07-30T03:40:00+00:00,8986.91,8995.9,8984.9,8995.42,143
2026-07-30T03:45:00+00:00,8995.42,9004.9,8995.4,9001.91,198
2026-07-30T03:50:00+00:00,9001.91,9004.92,9000.42,9000.42,97
2026-07-30T03:55:00+00:00,9000.42,9004.41,8995.92,8997.4,146
2026-07-30T04:00:00+00:00,8997.4,8999.92,8993.9,8994.91,144
2026-07-30T04:05:00+00:00,8994.91,8998.92,8992.91,8993.92,133
2026-07-30T04:10:00+00:00,8993.92,8994.91,8991.9,8991.91,78
2026-07-30T04:15:00+00:00,8991.91,8997.91,8991.9,8997.91,115
2026-07-30T04:20:00+00:00,8997.91,9002.41,8996.9,8998.9,146
2026-07-30T04:25:00+00:00,8998.9,9005.42,8998.9,9002.91,144
2026-07-30T04:30:00+00:00,9002.91,9002.91,8998.91,8999.91,96
2026-07-30T04:35:00+00:00,8999.91,9001.92,8993.92,8994.4,68
2026-07-30T04:40:00+00:00,8994.4,8995.92,8988.92,8990.92,131
2026-07-30T04:45:00+00:00,8990.92,8995.91,8990.9,8993.4,119
2026-07-30T04:50:00+00:00,8993.4,8993.41,8988.4,8990.91,81
2026-07-30T04:55:00+00:00,8990.91,8991.92,8984.91,8986.4,76
2026-07-30T05:00:00+00:00,8986.4,8986.42,8979.9,8980.91,174
2026-07-30T05:05:00+00:00,8980.91,8983.92,8978.91,8979.4,146
2026-07-30T05:10:00+00:00,8979.4,8985.4,8978.9,8984.92,99
2026-07-30T05:15:00+00:00,8984.92,8987.9,8982.91,8987.9,133
2026-07-30T05:20:00+00:00,8987.9,8987.92,8980.91,8982.92,125
2026-07-30T05:25:00+00:00,8982.92,8982.92,8979.91,8981.9,105
2026-07-30T05:30:00+00:00,8981.9,8989.41,8979.41,8985.9,232
2026-07-30T05:35:00+00:00,8985.9,8987.92,8982.4,8987.41,175
2026-07-30T05:40:00+00:00,8987.41,8992.92,8986.9,8990.92,154
2026-07-30T05:45:00+00:00,8990.92,8996.92,8990.92,8991.92,95
2026-07-30T05:50:00+00:00,8991.92,8993.91,8986.92,8988.9,94
2026-07-30T05:55:00+00:00,8988.9,8988.9,8983.92,8984.91,78
2026-07-30T06:00:00+00:00,8984.91,8989.02,8979.51,8988.52,139
2026-07-30T06:05:00+00:00,8988.52,8992.52,8985,8990.52,227
2026-07-30T06:10:00+00:00,8990.52,8999.51,8990.5,8992.52,219
2026-07-30T06:15:00+00:00,8992.52,8992.52,8986.02,8989.02,110
2026-07-30T06:20:00+00:00,8989.02,8992.52,8985.01,8992,73
2026-07-30T06:25:00+00:00,8992,8996.52,8990.52,8993.82,191
2026-07-30T07:10:00+00:00,8958.47,8985.66,8958.47,8983.15,178
2026-07-30T07:15:00+00:00,8983.15,8985.17,8972.15,8975.17,253
2026-07-30T07:20:00+00:00,8975.17,8976.66,8967.65,8976.65,275
2026-07-30T07:25:00+00:00,8976.65,8979.16,8973.15,8977.16,273
2026-07-30T07:30:00+00:00,8977.16,8978.15,8964.17,8965.65,268
2026-07-30T07:35:00+00:00,8965.65,8965.66,8956.15,8961.17,269
2026-07-30T07:40:00+00:00,8961.17,8970.67,8961.16,8968.66,191
2026-07-30T07:45:00+00:00,8968.66,8971.17,8967.65,8971.16,205
2026-07-30T07:50:00+00:00,8971.16,8976.17,8969.65,8970.17,216
2026-07-30T07:55:00+00:00,8970.17,8971.67,8964.65,8965.17,135
2026-07-30T08:00:00+00:00,8965.17,8968.16,8958.17,8968.15,450
2026-07-30T08:05:00+00:00,8968.15,8983.17,8965.15,8981.66,292
2026-07-30T08:10:00+00:00,8981.66,8988.67,8981.16,8984.16,251
2026-07-30T08:15:00+00:00,8984.16,8988.17,8983.16,8985.17,209
2026-07-30T08:20:00+00:00,8985.17,8989.17,8984.15,8987.66,175
2026-07-30T08:25:00+00:00,8987.66,8996.68,8987.66,8993.66,226
2026-07-30T08:30:00+00:00,8993.66,8998.66,8992.16,8994.17,223
2026-07-30T08:35:00+00:00,8994.17,8996.68,8988.66,8989.18,201
2026-07-30T08:40:00+00:00,8989.18,8992.67,8988.16,8990.68,206
2026-07-30T08:45:00+00:00,8990.68,8993.68,8987.67,8987.67,169
2026-07-30T08:50:00+00:00,8987.67,8987.68,8981.66,8981.68,131
2026-07-30T08:55:00+00:00,8981.68,8985.16,8979.16,8984.18,127
2026-07-30T09:00:00+00:00,8984.18,8990.66,8980.66,8988.68,162
2026-07-30T09:05:00+00:00,8988.68,8992.16,8986.68,8991.16,143
2026-07-30T09:10:00+00:00,8991.16,8997.67,8986.67,8992.66,228
2026-07-30T09:15:00+00:00,8992.66,8996.68,8990.68,8993.66,242
2026-07-30T09:20:00+00:00,8993.66,8999.66,8993.16,8995.16,181
2026-07-30T09:25:00+00:00,8995.16,8997.68,8993.16,8994.67,128
2026-07-30T09:30:00+00:00,8994.67,8994.68,8989.16,8993.66,165
2026-07-30T09:35:00+00:00,8993.66,8996.66,8988.66,8988.66,136
2026-07-30T09:40:00+00:00,8988.66,8989.17,8983.66,8985.17,125
2026-07-30T09:45:00+00:00,8985.17,8987.68,8984.18,8987.17,95
2026-07-30T09:50:00+00:00,8987.17,8987.18,8983.16,8984.68,112
2026-07-30T09:55:00+00:00,8984.68,8984.68,8972.66,8972.66,137
2026-07-30T10:00:00+00:00,8972.66,8976.68,8971.16,8973.66,155
2026-07-30T10:05:00+00:00,8973.66,8982.18,8973.66,8980.68,101
2026-07-30T10:10:00+00:00,8980.68,8983.68,8970.67,8973.16,173
2026-07-30T10:15:00+00:00,8973.16,8984.68,8972.17,8984.68,169
2026-07-30T10:20:00+00:00,8984.68,8990.68,8984.66,8986.67,170
2026-07-30T10:25:00+00:00,8986.67,8992.18,8986.66,8990.66,127
2026-07-30T10:30:00+00:00,8990.66,8993.66,8989.66,8991.66,146
2026-07-30T10:35:00+00:00,8991.66,8996.66,8991.66,8995.68,137
2026-07-30T10:40:00+00:00,8995.68,9004.16,8995.68,8999.17,268
2026-07-30T10:45:00+00:00,8999.17,9000.17,8996.67,8998.16,166
2026-07-30T10:50:00+00:00,8998.16,9002.67,8995.17,8996.16,179
2026-07-30T10:55:00+00:00,8996.16,9000.66,8995.67,8998.68,64
2026-07-30T11:00:00+00:00,8998.68,9004.68,8994.16,9003.17,197
2026-07-30T11:05:00+00:00,9003.17,9008.66,9003.16,9008.18,96
2026-07-30T11:10:00+00:00,9008.18,9009.18,9004.17,9006.16,78
2026-07-30T11:15:00+00:00,9006.16,9010.68,9005.16,9008.67,75
2026-07-30T11:20:00+00:00,9008.67,9011.18,9005.17,9010.66,78
2026-07-30T11:25:00+00:00,9010.66,9012.68,9009.66,9012.68,97
2026-07-30T11:30:00+00:00,9012.68,9014.67,9007.16,9007.67,101
2026-07-30T11:35:00+00:00,9007.67,9011.68,9007.16,9007.68,91
2026-07-30T11:40:00+00:00,9007.68,9011.18,9004.66,9008.68,86
2026-07-30T11:45:00+00:00,9008.68,9012.17,9008.68,9012.16,64
2026-07-30T11:50:00+00:00,9012.16,9017.68,9011.66,9016.68,104
2026-07-30T11:55:00+00:00,9016.68,9018.68,9015.67,9017.17,82
2026-07-30T12:00:00+00:00,9017.17,9019.68,9011.66,9019.17,136
2026-07-30T12:05:00+00:00,9019.17,9023.68,9018.66,9022.66,129
2026-07-30T12:10:00+00:00,9022.66,9023.68,9017.66,9021.67,144
2026-07-30T12:15:00+00:00,9021.67,9024.17,9019.66,9020.18,112
2026-07-30T12:20:00+00:00,9020.18,9022.68,9015.66,9022.66,126
2026-07-30T12:25:00+00:00,9022.66,9026.67,9020.16,9021.68,112
2026-07-30T12:30:00+00:00,9021.68,9026.68,9010.67,9014.66,275
2026-07-30T12:35:00+00:00,9014.66,9019.67,9013.16,9015.18,228
2026-07-30T12:40:00+00:00,9015.18,9019.18,9010.67,9016.16,254
2026-07-30T12:45:00+00:00,9016.16,9018.68,9011.17,9013.18,230
2026-07-30T12:50:00+00:00,9013.18,9015.68,9011.66,9014.67,186
2026-07-30T12:55:00+00:00,9014.67,9018.18,9011.66,9013.16,226
2026-07-30T13:00:00+00:00,9013.16,9024.18,9013.16,9021.68,162
2026-07-30T13:05:00+00:00,9021.68,9030.67,9020.68,9022.67,169
2026-07-30T13:10:00+00:00,9022.67,9023.67,9016.66,9019.18,170
2026-07-30T13:15:00+00:00,9019.18,9021.66,9015.66,9017.68,206
2026-07-30T13:20:00+00:00,9017.68,9026.66,9015.17,9025.66,163
2026-07-30T13:25:00+00:00,9025.66,9029.16,9021.66,9028.18,226
2026-07-30T13:30:00+00:00,9028.18,9031.18,9019.16,9019.66,365
2026-07-30T13:35:00+00:00,9019.66,9029.68,9015.68,9017.17,447
2026-07-30T13:40:00+00:00,9017.17,9020.18,9011.66,9014.68,471
2026-07-30T13:45:00+00:00,9014.68,9020.67,9013.68,9018.66,275
2026-07-30T13:50:00+00:00,9018.66,9025.17,9014.16,9020.68,257
2026-07-30T13:55:00+00:00,9020.68,9025.18,9017.66,9025.18,196
2026-07-30T14:00:00+00:00,9025.18,9028.18,9019.67,9021.66,198
2026-07-30T14:05:00+00:00,9021.66,9024.18,9016.68,9021.66,257
2026-07-30T14:10:00+00:00,9021.66,9023.17,9015.66,9018.16,220
2026-07-30T14:15:00+00:00,9018.16,9019.18,9013.66,9016.66,203
2026-07-30T14:20:00+00:00,9016.66,9022.66,9014.68,9017.18,195
2026-07-30T14:25:00+00:00,9017.18,9033.18,9016.18,9029.17,225
2026-07-30T14:30:00+00:00,9029.17,9030.68,9024.16,9025.17,190
2026-07-30T14:35:00+00:00,9025.17,9032.68,9024.16,9032.68,168
2026-07-30T14:40:00+00:00,9032.68,9037.66,9029.67,9031.66,168
2026-07-30T14:45:00+00:00,9031.66,9033.18,9024.68,9027.16,181
2026-07-30T14:50:00+00:00,9027.16,9027.67,9020.66,9021.17,206
2026-07-30T14:55:00+00:00,9021.17,9026.17,9019.68,9024.17,195
2026-07-30T15:00:00+00:00,9024.17,9024.17,9016.16,9019.17,237
2026-07-30T15:05:00+00:00,9019.17,9022.17,9012.16,9022.16,217
2026-07-30T15:10:00+00:00,9022.16,9022.16,9010.18,9010.67,194
2026-07-30T15:15:00+00:00,9010.67,9018.68,9009.16,9018.67,282
2026-07-30T15:20:00+00:00,9018.67,9024.18,9018.66,9020.17,212
2026-07-30T15:25:00+00:00,9020.17,9022.66,9013.16,9015.66,306
2026-07-30T15:30:00+00:00,9015.66,9024.68,9013.67,9024.67,324
2026-07-30T15:35:00+00:00,9024.67,9028.17,9019.66,9024.16,211
2026-07-30T15:40:00+00:00,9024.16,9030.67,9022.66,9028.18,214
2026-07-30T15:45:00+00:00,9028.18,9032.18,9027.67,9030.67,143
2026-07-30T15:50:00+00:00,9030.67,9032.68,9027.67,9032.16,158
2026-07-30T15:55:00+00:00,9032.16,9035.68,9032.16,9034.17,89
2026-07-30T16:00:00+00:00,9034.17,9036.68,9031.67,9036.67,120
2026-07-30T16:05:00+00:00,9036.67,9036.67,9032.66,9034.66,98
2026-07-30T16:10:00+00:00,9034.66,9037.68,9033.67,9036.18,87
2026-07-30T16:15:00+00:00,9036.18,9039.68,9035.66,9038.66,69
2026-07-30T16:20:00+00:00,9038.66,9039.67,9037.66,9038.66,60
2026-07-30T16:25:00+00:00,9038.66,9041.17,9037.66,9039.68,67
2026-07-30T16:30:00+00:00,9039.68,9041.66,9038.66,9041.17,114
2026-07-30T16:35:00+00:00,9041.17,9043.68,9040.16,9040.66,76
2026-07-30T16:40:00+00:00,9040.66,9041.68,9034.67,9035.66,116
2026-07-30T16:45:00+00:00,9035.66,9039.67,9035.18,9036.67,69
2026-07-30T16:50:00+00:00,9036.67,9038.16,9034.67,9037.67,53
2026-07-30T16:55:00+00:00,9037.67,9041.16,9036.67,9039.68,58
2026-07-30T17:00:00+00:00,9039.68,9046.68,9039.68,9043.67,108
2026-07-30T17:05:00+00:00,9043.67,9045.67,9042.66,9043.68,60
2026-07-30T17:10:00+00:00,9043.68,9044.67,9041.68,9042.67,64
2026-07-30T17:15:00+00:00,9042.67,9046.67,9040.68,9046.16,68
2026-07-30T17:20:00+00:00,9046.16,9046.16,9041.67,9042.66,40
2026-07-30T17:25:00+00:00,9042.66,9043.18,9040.17,9040.67,59
2026-07-30T17:30:00+00:00,9040.67,9041.67,9035.66,9036.68,56
2026-07-30T17:35:00+00:00,9036.68,9041.68,9035.17,9036.66,121
2026-07-30T17:40:00+00:00,9036.66,9042.68,9036.66,9040.68,106
2026-07-30T17:45:00+00:00,9040.68,9043.68,9040.66,9040.66,63
2026-07-30T17:50:00+00:00,9040.66,9043.68,9039.66,9039.68,56
2026-07-30T17:55:00+00:00,9039.68,9040.68,9038.67,9039.68,58
2026-07-30T18:00:00+00:00,9039.68,9042.68,9037.66,9037.66,52
2026-07-30T18:05:00+00:00,9037.66,9040.18,9037.66,9040.18,53
2026-07-30T18:10:00+00:00,9040.18,9040.68,9038.18,9040.68,60
2026-07-30T18:15:00+00:00,9040.68,9040.68,9037.18,9038.66,60
2026-07-30T18:20:00+00:00,9038.66,9042.67,9038.66,9041.68,53
2026-07-30T18:25:00+00:00,9041.68,9044.68,9041.68,9044.68,32
2026-07-30T18:30:00+00:00,9044.68,9045.68,9043.66,9044.66,41
2026-07-30T18:35:00+00:00,9044.66,9045.68,9042.66,9042.66,61
2026-07-30T18:40:00+00:00,9042.66,9046.68,9042.66,9046.68,35
2026-07-30T18:45:00+00:00,9046.68,9047.68,9046.66,9046.67,20
2026-07-30T18:50:00+00:00,9046.67,9050.68,9046.66,9049.68,47
2026-07-30T18:55:00+00:00,9049.68,9053.68,9049.68,9053.66,55
2026-07-30T19:00:00+00:00,9053.66,9059.66,9053.66,9059.17,71
2026-07-30T19:05:00+00:00,9059.17,9060.68,9058.18,9060.66,58
2026-07-30T19:10:00+00:00,9060.66,9062.68,9059.17,9061.17,60
2026-07-30T19:15:00+00:00,9061.17,9064.68,9059.67,9063.66,44
2026-07-30T19:20:00+00:00,9063.66,9063.67,9060.68,9060.68,44
2026-07-30T19:25:00+00:00,9060.68,9061.68,9058.67,9059.67,28
2026-07-30T19:30:00+00:00,9059.67,9061.66,9058.68,9059.68,51
2026-07-30T19:35:00+00:00,9059.68,9062.68,9059.66,9059.67,46
2026-07-30T19:40:00+00:00,9059.67,9061.68,9058.67,9060.66,89
2026-07-30T19:45:00+00:00,9060.66,9061.68,9059.17,9060.16,41
2026-07-30T19:50:00+00:00,9060.16,9061.68,9055.66,9057.17,94
2026-07-30T19:55:00+00:00,9057.17,9064.16,9055.67,9059.66,156
2026-07-30T20:00:00+00:00,9059.66,9066.17,9056.16,9065.68,249
2026-07-30T20:05:00+00:00,9065.68,9066.18,9062.16,9062.16,64
2026-07-30T20:10:00+00:00,9062.16,9063.68,9060.67,9063.18,52
2026-07-30T20:15:00+00:00,9063.18,9064.67,9060.66,9062.18,49
2026-07-30T20:20:00+00:00,9062.18,9063.18,9060.17,9061.66,39
2026-07-30T20:25:00+00:00,9061.66,9063.68,9060.17,9063.16,18
2026-07-30T20:30:00+00:00,9063.16,9065.16,9059.16,9061.16,102
2026-07-30T20:35:00+00:00,9061.16,9061.18,9056.66,9056.66,29
2026-07-30T20:40:00+00:00,9056.66,9056.68,9054.67,9056.66,15
2026-07-30T20:45:00+00:00,9056.66,9056.68,9055.66,9055.66,16
2026-07-30T20:50:00+00:00,9055.66,9056.68,9055.16,9055.67,37
2026-07-30T20:55:00+00:00,9055.67,9057.960000000001,9052.960000000001,9052.960000000001,21
2026-07-30T23:00:00+00:00,9061.91,9066.91,9060.91,9065.91,40.713947141457076
2026-07-30T23:05:00+00:00,9065.91,9065.91,9057.91,9057.91,32.14013228293457
2026-07-30T23:10:00+00:00,9057.91,9057.91,9052.91,9053.91,37.97071876613995
2026-07-30T23:15:00+00:00,9053.91,9053.91,9050.91,9050.91,41.37875671359797
2026-07-30T23:20:00+00:00,9050.91,9051.91,9048.91,9050.91,32.9189742051906
2026-07-30T23:25:00+00:00,9050.91,9057.91,9050.91,9055.91,42.68716018632635
2026-07-30T23:30:00+00:00,9055.91,9059.91,9053.91,9059.91,54.34924042851896
2026-07-30T23:35:00+00:00,9059.91,9069.91,9058.91,9059.28,94.85768509635348
2026-07-30T23:40:00+00:00,9059.28,9063.28,9045.28,9052.91,105.3798314789193
2026-07-30T23:45:00+00:00,9052.91,9066.91,9042.91,9052.85,295.4934297147602
2026-07-30T23:50:00+00:00,9052.85,9059.57,9052.06,9058.56,99.53668208856575
2026-07-30T23:55:00+00:00,9058.56,9060.57,9048.56,9052.06,158
2026-07-31T00:00:00+00:00,9052.06,9056.96,9043.949999999999,9044.46,441
2026-07-31T00:05:00+00:00,9044.46,9046.97,9037.449999999999,9039.47,332
2026-07-31T00:10:00+00:00,9039.47,9048.96,9035.96,9046.949999999999,244
2026-07-31T00:15:00+00:00,9046.949999999999,9047.96,9038.949999999999,9040.949999999999,201
2026-07-31T00:20:00+00:00,9040.949999999999,9041.949999999999,9032.949999999999,9034.96,157
2026-07-31T00:25:00+00:00,9034.96,9035.449999999999,9026.47,9028.949999999999,94
2026-07-31T00:30:00+00:00,9028.949999999999,9032.949999999999,9015.97,9015.97,147
2026-07-31T00:35:00+00:00,9015.97,9015.97,9002.96,9004.97,150
2026-07-31T00:40:00+00:00,9004.97,9011.97,9004.46,9010.949999999999,135
2026-07-31T00:45:00+00:00,9010.949999999999,9010.97,8995.449999999999,8995.47,111
2026-07-31T00:50:00+00:00,8995.47,8996.97,8991.96,8992.96,87
2026-07-31T00:55:00+00:00,8992.96,8996.46,8991.949999999999,8994.97,92
2026-07-31T01:00:00+00:00,8994.97,9006.97,8994.97,9005.46,246
2026-07-31T01:05:00+00:00,9005.46,9007.97,9004.949999999999,9006.46,121
2026-07-31T01:10:00+00:00,9006.46,9009.46,8998.97,8998.97,85
2026-07-31T01:15:00+00:00,8998.97,9003.949999999999,8995.97,9003.949999999999,88
2026-07-31T01:20:00+00:00,9003.949999999999,9009.97,9001.949999999999,9001.949999999999,92
2026-07-31T01:25:00+00:00,9001.949999999999,9004.97,8997.97,8999.47,54
2026-07-31T01:30:00+00:00,8999.47,9002.949999999999,8996.449999999999,8999.949999999999,174
2026-07-31T01:35:00+00:00,8999.949999999999,8999.949999999999,8995.46,8996.96,80
2026-07-31T01:40:00+00:00,8996.96,8998.97,8990.949999999999,8990.97,81
2026-07-31T01:45:00+00:00,8990.97,8992.97,8983.449999999999,8983.96,86
2026-07-31T01:50:00+00:00,8983.96,8985.97,8979.46,8979.46,98
2026-07-31T01:55:00+00:00,8979.46,8981.46,8976.96,8977.949999999999,96
2026-07-31T02:00:00+00:00,8977.949999999999,8981.97,8975.46,8976.47,117
2026-07-31T02:05:00+00:00,8976.47,8982.97,8974.949999999999,8978.96,132
2026-07-31T02:10:00+00:00,8978.96,8979.47,8972.97,8976.47,99
2026-07-31T02:15:00+00:00,8976.47,8976.97,8974.949999999999,8975.47,72
2026-07-31T02:20:00+00:00,8975.47,8980.949999999999,8973.97,8980.949999999999,64
2026-07-31T02:25:00+00:00,8980.949999999999,8983.47,8978.949999999999,8978.949999999999,64
2026-07-31T02:30:00+00:00,8978.949999999999,8981.47,8976.949999999999,8977.96,86
2026-07-31T02:35:00+00:00,8977.96,8980.47,8973.96,8978.949999999999,38
2026-07-31T02:40:00+00:00,8978.949999999999,8981.46,8978.449999999999,8980.97,67
2026-07-31T02:45:00+00:00,8980.97,8984.97,8978.97,8979.46,65
2026-07-31T02:50:00+00:00,8979.46,8986.47,8979.46,8984.97,74
2026-07-31T02:55:00+00:00,8984.97,8989.96,8983.96,8987.949999999999,68
2026-07-31T03:00:00+00:00,8987.949999999999,8993.47,8986.949999999999,8992.449999999999,56
2026-07-31T03:05:00+00:00,8992.449999999999,8995.46,8990.449999999999,8994.47,49
2026-07-31T03:10:00+00:00,8994.47,8994.47,8989.949999999999,8994.46,154
2026-07-31T03:15:00+00:00,8994.46,8995.46,8991.949999999999,8994.47,55
2026-07-31T03:20:00+00:00,8994.47,8995.97,8990.949999999999,8991.47,51
2026-07-31T03:25:00+00:00,8991.47,8991.47,8988.949999999999,8989.97,64
2026-07-31T03:30:00+00:00,8989.97,8990.97,8982.97,8983.949999999999,120
2026-07-31T03:35:00+00:00,8983.949999999999,8983.949999999999,8977.96,8978.97,78
2026-07-31T03:40:00+00:00,8978.97,8979.47,8975.949999999999,8976.97,58.3869625520111
2026-07-31T03:45:00+00:00,8976.97,8978.96,8970.96,8970.96,65
2026-07-31T03:50:00+00:00,8970.96,8976.97,8969.97,8976.449999999999,91
2026-07-31T03:55:00+00:00,8976.449999999999,8981.949999999999,8976.449999999999,8979.949999999999,85
2026-07-31T04:00:00+00:00,8979.949999999999,8979.97,8975.949999999999,8979.97,91
2026-07-31T04:05:00+00:00,8979.97,8982.96,8979.949999999999,8982.96,79
2026-07-31T04:10:00+00:00,8982.96,8985.97,8981.949999999999,8985.96,42
2026-07-31T04:15:00+00:00,8985.96,8988.97,8984.46,8987.97,76
2026-07-31T04:20:00+00:00,8987.97,8987.97,8983.96,8986.46,60
2026-07-31T04:25:00+00:00,8986.46,8986.97,8981.96,8982.96,48
2026-07-31T04:30:00+00:00,8982.96,8982.96,8976.46,8977.449999999999,59
2026-07-31T04:35:00+00:00,8977.449999999999,8980.96,8975.449999999999,8980.449999999999,41
2026-07-31T04:40:00+00:00,8980.449999999999,8981.97,8979.97,8980.96,40
2026-07-31T04:45:00+00:00,8980.96,8982.96,8978.949999999999,8978.97,45
2026-07-31T04:50:00+00:00,8978.97,8978.97,8975.949999999999,8978.47,52
2026-07-31T04:55:00+00:00,8978.47,8981.97,8978.47,8979.96,62
2026-07-31T05:00:00+00:00,8979.96,8981.949999999999,8977.96,8981.949999999999,52
2026-07-31T05:05:00+00:00,8981.949999999999,8985.97,8979.949999999999,8984.949999999999,106
2026-07-31T05:10:00+00:00,8984.949999999999,8985.96,8976.949999999999,8977.97,76
2026-07-31T05:15:00+00:00,8977.97,8977.97,8973.97,8975.97,25
2026-07-31T05:20:00+00:00,8975.97,8976.949999999999,8973.949999999999,8973.97,34
2026-07-31T05:25:00+00:00,8973.97,8975.949999999999,8972.47,8972.97,43
2026-07-31T05:30:00+00:00,8972.97,8973.96,8965.949999999999,8965.97,46
2026-07-31T05:35:00+00:00,8965.97,8969.949999999999,8963.97,8969.949999999999,49
2026-07-31T05:40:00+00:00,8969.949999999999,8974.96,8968.46,8968.46,63
2026-07-31T05:45:00+00:00,8968.46,8969.97,8967.46,8969.47,44
2026-07-31T05:50:00+00:00,8969.47,8972.47,8966.949999999999,8971.47,38
2026-07-31T05:55:00+00:00,8971.47,8973.46,8970.449999999999,8972.96,34
2026-07-31T06:00:00+00:00,8972.96,8973.57,8961.55,8964.56,174
2026-07-31T06:05:00+00:00,8964.56,8971.57,8961.56,8969.05,227
2026-07-31T06:10:00+00:00,8969.05,8973.06,8965.05,8972.55,129
2026-07-31T06:15:00+00:00,8972.55,8977.56,8972.06,8976.05,65
2026-07-31T06:20:00+00:00,8976.05,8980.57,8974.57,8980.55,186
2026-07-31T06:25:00+00:00,8980.55,8986.359999999999,8980.05,8986.35,161
2026-07-31T07:10:00+00:00,8990.95,9008.65,8989.46,9006.66,269
2026-07-31T07:15:00+00:00,9006.66,9012.16,9003.15,9010.67,139
2026-07-31T07:20:00+00:00,9010.67,9011.17,8999.65,9001.67,133
2026-07-31T07:25:00+00:00,9001.67,9006.66,9001.65,9004.15,111
2026-07-31T07:30:00+00:00,9004.15,9004.67,9001.15,9001.15,101
2026-07-31T07:35:00+00:00,9001.15,9003.16,8999.15,8999.17,109
2026-07-31T07:40:00+00:00,8999.17,9007.67,8998.65,9006.66,119
2026-07-31T07:45:00+00:00,9006.66,9008.15,9003.65,9004.16,119
2026-07-31T07:50:00+00:00,9004.16,9005.67,9001.15,9004.15,87
2026-07-31T07:55:00+00:00,9004.15,9008.15,9003.66,9006.17,70
2026-07-31T08:00:00+00:00,9006.17,9006.17,8998.15,9001.17,221
2026-07-31T08:05:00+00:00,9001.17,9003.17,8998.65,8999.66,162
2026-07-31T08:10:00+00:00,8999.66,9003.17,8998.16,9003.15,112
2026-07-31T08:15:00+00:00,9003.15,9008.67,9003.15,9008.17,125
2026-07-31T08:20:00+00:00,9008.17,9010.16,9005.65,9006.17,121
2026-07-31T08:25:00+00:00,9006.17,9007.17,9002.65,9002.65,101
2026-07-31T08:30:00+00:00,9002.65,9002.65,8998.15,9001.17,107
2026-07-31T08:35:00+00:00,9001.17,9001.17,8995.65,8997.17,115
2026-07-31T08:40:00+00:00,8997.17,8999.17,8995.15,8998.17,96
2026-07-31T08:45:00+00:00,8998.17,9001.17,8995.16,9000.65,100
2026-07-31T08:50:00+00:00,9000.65,9001.67,8999.15,9000.67,76
2026-07-31T08:55:00+00:00,9000.67,9007.17,9000.67,9004.16,108
2026-07-31T09:00:00+00:00,9004.16,9007.16,9002.15,9003.65,162
2026-07-31T09:05:00+00:00,9003.65,9004.66,8999.17,9004.16,99
2026-07-31T09:10:00+00:00,9004.16,9007.17,9004.16,9005.16,83
2026-07-31T09:15:00+00:00,9005.16,9008.17,9005.15,9007.67,65
2026-07-31T09:20:00+00:00,9007.67,9008.67,9004.16,9004.65,66
2026-07-31T09:25:00+00:00,9004.65,9005.67,8998.67,9001.17,67
2026-07-31T09:30:00+00:00,9001.17,9002.15,8994.16,8994.66,97
2026-07-31T09:35:00+00:00,8994.66,8995.15,8986.65,8988.66,101
2026-07-31T09:40:00+00:00,8988.66,8993.67,8987.66,8991.65,91
2026-07-31T09:45:00+00:00,8991.65,8993.65,8990.65,8993.17,79
2026-07-31T09:50:00+00:00,8993.17,8995.67,8990.65,8991.17,82
2026-07-31T09:55:00+00:00,8991.17,8991.17,8987.15,8988.66,112
2026-07-31T10:00:00+00:00,8988.66,8989.16,8982.65,8984.15,112
2026-07-31T10:05:00+00:00,8984.15,8988.67,8983.66,8988.16,85
2026-07-31T10:10:00+00:00,8988.16,8993.17,8987.15,8991.67,80
2026-07-31T10:15:00+00:00,8991.67,8993.65,8990.15,8993.65,44
2026-07-31T10:20:00+00:00,8993.65,8995.15,8990.17,8991.16,35
2026-07-31T10:25:00+00:00,8991.16,8992.17,8990.16,8991.15,26
2026-07-31T10:30:00+00:00,8991.15,8994.67,8989.67,8992.67,86
2026-07-31T10:35:00+00:00,8992.67,8993.17,8989.15,8991.15,63
2026-07-31T10:40:00+00:00,8991.15,8992.17,8990.15,8990.66,71
2026-07-31T10:45:00+00:00,8990.66,8992.17,8988.17,8989.17,110
2026-07-31T10:50:00+00:00,8989.17,8991.17,8988.65,8988.67,53
2026-07-31T10:55:00+00:00,8988.67,8989.16,8984.15,8987.66,66
2026-07-31T11:00:00+00:00,8987.66,8989.66,8983.65,8989.16,104
2026-07-31T11:05:00+00:00,8989.16,8989.67,8983.16,8984.15,75
2026-07-31T11:10:00+00:00,8984.15,8986.67,8983.15,8984.66,46
2026-07-31T11:15:00+00:00,8984.66,8984.66,8975.66,8981.15,214
2026-07-31T11:20:00+00:00,8981.15,8984.17,8981.15,8982.66,105
2026-07-31T11:25:00+00:00,8982.66,8983.66,8978.66,8979.15,80
2026-07-31T11:30:00+00:00,8979.15,8979.66,8974.66,8975.17,126
2026-07-31T11:35:00+00:00,8975.17,8978.16,8974.65,8975.17,68
2026-07-31T11:40:00+00:00,8975.17,8977.17,8974.65,8976.17,73
2026-07-31T11:45:00+00:00,8976.17,8979.17,8975.16,8978.65,89
2026-07-31T11:50:00+00:00,8978.65,8980.17,8976.16,8979.17,80
2026-07-31T11:55:00+00:00,8979.17,8982.17,8978.65,8981.16,77
2026-07-31T12:00:00+00:00,8981.16,8981.17,8976.16,8976.17,97
2026-07-31T12:05:00+00:00,8976.17,8977.17,8975.65,8977.17,97
2026-07-31T12:10:00+00:00,8977.17,8977.65,8975.15,8975.16,92
2026-07-31T12:15:00+00:00,8975.16,8975.66,8972.65,8973.67,94
2026-07-31T12:20:00+00:00,8973.67,8974.65,8969.15,8973.17,91
2026-07-31T12:25:00+00:00,8973.17,8974.16,8970.16,8970.16,77
2026-07-31T12:30:00+00:00,8970.16,8971.17,8962.16,8966.65,146
2026-07-31T12:35:00+00:00,8966.65,8967.67,8962.16,8963.15,80
2026-07-31T12:40:00+00:00,8963.15,8967.66,8963.15,8965.15,113
2026-07-31T12:45:00+00:00,8965.15,8966.17,8961.65,8963.16,95
2026-07-31T12:50:00+00:00,8963.16,8968.17,8960.17,8967.15,109
2026-07-31T12:55:00+00:00,8967.15,8967.65,8962.16,8963.16,109
2026-07-31T13:00:00+00:00,8963.16,8968.17,8962.15,8964.16,121
2026-07-31T13:05:00+00:00,8964.16,8964.67,8961.15,8962.17,101
2026-07-31T13:10:00+00:00,8962.17,8964.16,8958.66,8960.65,74
2026-07-31T13:15:00+00:00,8960.65,8961.17,8959.16,8960.67,70
2026-07-31T13:20:00+00:00,8960.67,8964.17,8959.17,8963.65,112
2026-07-31T13:25:00+00:00,8963.65,8964.16,8952.66,8954.15,120
2026-07-31T13:30:00+00:00,8954.15,8954.15,8938.67,8942.15,291
2026-07-31T13:35:00+00:00,8942.15,8942.15,8924.16,8925.15,222
2026-07-31T13:40:00+00:00,8925.15,8925.17,8920.16,8922.66,315
2026-07-31T13:45:00+00:00,8922.66,8923.67,8915.15,8918.15,274
2026-07-31T13:50:00+00:00,8918.15,8919.17,8913.65,8916.66,330
2026-07-31T13:55:00+00:00,8916.66,8918.17,8909.65,8909.65,287
2026-07-31T14:00:00+00:00,8909.65,8915.17,8904.16,8904.16,280
2026-07-31T14:05:00+00:00,8904.16,8906.17,8887.15,8892.15,271
2026-07-31T14:10:00+00:00,8892.15,8893.66,8886.65,8889.67,407
2026-07-31T14:15:00+00:00,8889.67,8901.17,8884.66,8895.16,376
2026-07-31T14:20:00+00:00,8895.16,8907.16,8895.15,8901.15,368
2026-07-31T14:25:00+00:00,8901.15,8915.16,8901.15,8915.15,306
2026-07-31T14:30:00+00:00,8915.15,8915.67,8909.65,8911.17,275
2026-07-31T14:35:00+00:00,8911.17,8917.17,8910.65,8914.67,261
2026-07-31T14:40:00+00:00,8914.67,8917.17,8910.15,8916.65,245
2026-07-31T14:45:00+00:00,8916.65,8922.16,8916.15,8919.17,178
2026-07-31T14:50:00+00:00,8919.17,8920.67,8912.65,8913.17,205
2026-07-31T14:55:00+00:00,8913.17,8920.17,8912.65,8919.67,222
2026-07-31T15:00:00+00:00,8919.67,8923.17,8919.15,8922.66,188
2026-07-31T15:05:00+00:00,8922.66,8929.17,8920.16,8925.16,200
2026-07-31T15:10:00+00:00,8925.16,8934.15,8923.66,8931.67,222
2026-07-31T15:15:00+00:00,8931.67,8936.15,8924.65,8927.15,252
2026-07-31T15:20:00+00:00,8927.15,8927.67,8921.16,8922.16,168
2026-07-31T15:25:00+00:00,8922.16,8923.65,8916.16,8919.15,230
2026-07-31T15:30:00+00:00,8919.15,8920.17,8906.17,8916.17,297
2026-07-31T15:35:00+00:00,8916.17,8928.17,8914.16,8926.67,277
2026-07-31T15:40:00+00:00,8926.67,8929.17,8920.15,8925.65,318
2026-07-31T15:45:00+00:00,8925.65,8927.16,8917.67,8921.65,237
2026-07-31T15:50:00+00:00,8921.65,8932.17,8921.65,8931.66,146
2026-07-31T15:55:00+00:00,8931.66,8935.17,8930.15,8932.67,126
2026-07-31T16:00:00+00:00,8932.67,8932.67,8921.66,8922.16,153
2026-07-31T16:05:00+00:00,8922.16,8923.15,8917.16,8920.15,177
2026-07-31T16:10:00+00:00,8920.15,8925.17,8919.15,8923.16,139
2026-07-31T16:15:00+00:00,8923.16,8924.17,8917.15,8920.17,149
2026-07-31T16:20:00+00:00,8920.17,8923.17,8919.67,8922.65,130
2026-07-31T16:25:00+00:00,8922.65,8922.65,8917.15,8922.15,85
2026-07-31T16:30:00+00:00,8922.15,8926.67,8921.16,8926.67,86
2026-07-31T16:35:00+00:00,8926.67,8928.15,8925.16,8927.15,52
2026-07-31T16:40:00+00:00,8927.15,8927.67,8922.15,8922.17,78
2026-07-31T16:45:00+00:00,8922.17,8926.17,8921.17,8925.16,108
2026-07-31T16:50:00+00:00,8925.16,8929.15,8925.16,8928.15,72
2026-07-31T16:55:00+00:00,8928.15,8929.16,8927.15,8927.65,50
2026-07-31T17:00:00+00:00,8927.65,8930.16,8926.65,8928.67,43
2026-07-31T17:05:00+00:00,8928.67,8930.17,8925.65,8927.17,47
2026-07-31T17:10:00+00:00,8927.17,8934.15,8926.15,8933.67,45
2026-07-31T17:15:00+00:00,8933.67,8935.17,8931.15,8932.16,40
2026-07-31T17:20:00+00:00,8932.16,8938.15,8931.16,8937.67,56
2026-07-31T17:25:00+00:00,8937.67,8940.15,8936.66,8938.65,125
2026-07-31T17:30:00+00:00,8938.65,8938.67,8936.15,8936.15,72
2026-07-31T17:35:00+00:00,8936.15,8937.17,8934.16,8934.16,57
2026-07-31T17:40:00+00:00,8934.16,8936.16,8932.15,8934.17,65
2026-07-31T17:45:00+00:00,8934.17,8936.66,8931.17,8931.67,91
2026-07-31T17:50:00+00:00,8931.67,8934.66,8930.65,8932.15,96
2026-07-31T17:55:00+00:00,8932.15,8932.67,8930.15,8930.17,38
2026-07-31T18:00:00+00:00,8930.17,8934.17,8929.17,8933.17,67
2026-07-31T18:05:00+00:00,8933.17,8933.17,8929.66,8930.65,70
2026-07-31T18:10:00+00:00,8930.65,8932.17,8928.65,8928.67,97
2026-07-31T18:15:00+00:00,8928.67,8933.16,8928.67,8931.15,60
2026-07-31T18:20:00+00:00,8931.15,8933.16,8930.17,8933.16,64
2026-07-31T18:25:00+00:00,8933.16,8933.16,8930.15,8932.17,32
2026-07-31T18:30:00+00:00,8932.17,8933.17,8930.66,8931.66,46
2026-07-31T18:35:00+00:00,8931.66,8931.66,8929.15,8930.16,34.097427903351516
2026-07-31T18:40:00+00:00,8930.16,8930.67,8928.15,8928.17,33
2026-07-31T18:45:00+00:00,8928.17,8928.17,8925.16,8926.15,27
2026-07-31T18:50:00+00:00,8926.15,8927.15,8923.15,8923.17,30
2026-07-31T18:55:00+00:00,8923.17,8925.17,8921.15,8924.65,69
2026-07-31T19:00:00+00:00,8924.65,8927.67,8922.66,8923.65,68
2026-07-31T19:05:00+00:00,8923.65,8930.17,8923.15,8929.67,50
2026-07-31T19:10:00+00:00,8929.67,8929.67,8926.17,8929.16,42
2026-07-31T19:15:00+00:00,8929.16,8933.16,8927.15,8932.16,74
2026-07-31T19:20:00+00:00,8932.16,8934.65,8931.15,8931.66,70
2026-07-31T19:25:00+00:00,8931.66,8932.17,8930.16,8931.67,57
2026-07-31T19:30:00+00:00,8931.67,8931.67,8928.15,8931.15,58
2026-07-31T19:35:00+00:00,8931.15,8932.17,8930.15,8932.15,85
2026-07-31T19:40:00+00:00,8932.15,8938.15,8931.17,8937.17,59
2026-07-31T19:45:00+00:00,8937.17,8937.17,8926.16,8929.16,148
2026-07-31T19:50:00+00:00,8929.16,8931.15,8923.15,8930.17,218
2026-07-31T19:55:00+00:00,8930.17,8930.17,8920.65,8924.67,239
2026-07-31T20:00:00+00:00,8924.67,8928.66,8921.65,8922.65,146
2026-07-31T20:05:00+00:00,8922.65,8923.66,8920.65,8922.67,58
2026-07-31T20:10:00+00:00,8922.67,8923.17,8919.65,8920.65,49
2026-07-31T20:15:00+00:00,8920.65,8922.66,8917.65,8922.16,48
2026-07-31T20:20:00+00:00,8922.16,8926.16,8922.16,8925.65,28
2026-07-31T20:25:00+00:00,8925.65,8926.16,8920.67,8921.67,34
2026-07-31T20:30:00+00:00,8921.67,8922.17,8920.15,8922.16,34
2026-07-31T20:35:00+00:00,8922.16,8922.17,8920.65,8921.16,26
2026-07-31T20:40:00+00:00,8921.16,8922.17,8919.16,8919.67,32
2026-08-02T23:50:00+00:00,8919.67,8956.71,8919.67,8946.7,178
2026-08-02T23:55:00+00:00,8946.7,8947.71,8938.69,8947.71,124
2026-08-03T00:00:00+00:00,8947.71,8951.11,8936.61,8942.59,540
2026-08-03T00:05:00+00:00,8942.59,8956.61,8941.09,8956.1,280
2026-08-03T00:10:00+00:00,8956.1,8958.6,8942.59,8943.6,233
2026-08-03T00:15:00+00:00,8943.6,8949.11,8940.6,8946.1,178
2026-08-03T00:20:00+00:00,8946.1,8955.09,8944.6,8950.11,96
2026-08-03T00:25:00+00:00,8950.11,8950.59,8942.6,8948.61,149
2026-08-03T00:30:00+00:00,8948.61,8965.1,8948.61,8965.1,129
2026-08-03T00:35:00+00:00,8965.1,8974.11,8965.1,8969.09,122
2026-08-03T00:40:00+00:00,8969.09,8971.61,8966.09,8970.61,123
2026-08-03T00:45:00+00:00,8970.61,8975.59,8966.6,8968.09,136
2026-08-03T00:50:00+00:00,8968.09,8975.09,8964.59,8974.59,130
2026-08-03T00:55:00+00:00,8974.59,8977.11,8968.6,8969.6,117
2026-08-03T01:00:00+00:00,8969.6,8969.6,8962.09,8962.61,168
2026-08-03T01:05:00+00:00,8962.61,8966.61,8962.11,8965.1,116
2026-08-03T01:10:00+00:00,8965.1,8965.1,8952.1,8952.1,118
2026-08-03T01:15:00+00:00,8952.1,8957.6,8950.59,8954.61,118
2026-08-03T01:20:00+00:00,8954.61,8958.61,8954.09,8956.09,71
2026-08-03T01:25:00+00:00,8956.09,8956.61,8952.59,8954.11,93
2026-08-03T01:30:00+00:00,8954.11,8959.11,8954.11,8955.1,92
2026-08-03T01:35:00+00:00,8955.1,8959.61,8952.6,8958.1,56
2026-08-03T01:40:00+00:00,8958.1,8960.59,8957.11,8958.1,43
2026-08-03T01:45:00+00:00,8958.1,8965.61,8958.1,8961.61,118
2026-08-03T01:50:00+00:00,8961.61,8963.61,8959.6,8960.61,62
2026-08-03T01:55:00+00:00,8960.61,8960.61,8957.59,8960.59,68
2026-08-03T02:00:00+00:00,8960.59,8961.61,8957.09,8960.61,57
2026-08-03T02:05:00+00:00,8960.61,8962.61,8956.1,8956.1,59
2026-08-03T02:10:00+00:00,8956.1,8957.61,8953.59,8956.6,63
2026-08-03T02:15:00+00:00,8956.6,8961.6,8953.61,8961.59,56
2026-08-03T02:20:00+00:00,8961.59,8961.6,8958.09,8960.6,73
2026-08-03T02:25:00+00:00,8960.6,8960.61,8957.11,8959.09,49
2026-08-03T02:30:00+00:00,8959.09,8961.61,8957.59,8958.11,76
2026-08-03T02:35:00+00:00,8958.11,8959.6,8954.09,8955.59,43
2026-08-03T02:40:00+00:00,8955.59,8959.61,8953.61,8953.61,49
2026-08-03T02:45:00+00:00,8953.61,8955.61,8953.61,8955.1,41
2026-08-03T02:50:00+00:00,8955.1,8959.59,8954.59,8957.1,56
2026-08-03T02:55:00+00:00,8957.1,8957.59,8953.59,8957.11,48
2026-08-03T03:00:00+00:00,8957.11,8966.1,8957.09,8966.1,67
2026-08-03T03:05:00+00:00,8966.1,8969.59,8964.11,8966.61,58
2026-08-03T03:10:00+00:00,8966.61,8968.61,8964.6,8964.6,59
2026-08-03T03:15:00+00:00,8964.6,8964.6,8961.1,8964.09,33
2026-08-03T03:20:00+00:00,8964.09,8964.61,8959.09,8960.6,51
2026-08-03T03:25:00+00:00,8960.6,8965.59,8960.6,8962.09,48
2026-08-03T03:30:00+00:00,8962.09,8964.61,8961.6,8963.11,54
2026-08-03T03:35:00+00:00,8963.11,8967.61,8963.11,8966.6,54
2026-08-03T03:40:00+00:00,8966.6,8968.6,8963.59,8964.1,36
2026-08-03T03:45:00+00:00,8964.1,8968.61,8964.1,8967.59,33
2026-08-03T03:50:00+00:00,8967.59,8971.6,8967.59,8970.61,43
2026-08-03T03:55:00+00:00,8970.61,8971.59,8965.1,8965.1,63
2026-08-03T04:00:00+00:00,8965.1,8967.61,8963.59,8965.6,70
2026-08-03T04:05:00+00:00,8965.6,8966.61,8963.59,8966.61,45
2026-08-03T04:10:00+00:00,8966.61,8966.61,8964.09,8966.6,28
2026-08-03T04:15:00+00:00,8966.6,8970.6,8966.6,8970.09,29
2026-08-03T04:20:00+00:00,8970.09,8976.61,8970.09,8976.59,47
2026-08-03T04:25:00+00:00,8976.59,8981.61,8976.59,8981.61,30
2026-08-03T04:30:00+00:00,8981.61,8983.11,8979.11,8982.6,36
2026-08-03T04:35:00+00:00,8982.6,8984.61,8982.6,8983.1,19
2026-08-03T04:40:00+00:00,8983.1,8983.6,8979.6,8983.6,26
2026-08-03T04:45:00+00:00,8983.6,8986.61,8983.6,8986.59,32
2026-08-03T04:50:00+00:00,8986.59,8989.59,8983.11,8983.11,45
2026-08-03T04:55:00+00:00,8983.11,8983.11,8979.59,8981.61,29
2026-08-03T05:00:00+00:00,8981.61,8987.61,8981.11,8986.61,72
2026-08-03T05:05:00+00:00,8986.61,8989.61,8984.6,8988.6,60
2026-08-03T05:10:00+00:00,8988.6,8991.61,8986.59,8991.59,66
2026-08-03T05:15:00+00:00,8991.59,8993.61,8990.59,8991.61,41
2026-08-03T05:20:00+00:00,8991.61,8995.1,8991.6,8995.1,24
2026-08-03T05:25:00+00:00,8995.1,8995.61,8992.6,8995.6,34
2026-08-03T05:30:00+00:00,8995.6,8996.61,8991.61,8993.59,67
2026-08-03T05:35:00+00:00,8993.59,8998.11,8993.59,8997.61,39
2026-08-03T05:40:00+00:00,8997.61,9001.61,8997.61,9000.1,36
2026-08-03T05:45:00+00:00,9000.1,9003.61,8999.6,9003.61,29
2026-08-03T05:50:00+00:00,9003.61,9005.6,8999.6,9000.61,40
2026-08-03T05:55:00+00:00,9000.61,9001.61,8996.59,8997.61,41
2026-08-03T06:00:00+00:00,8997.61,9009.21,8996.7,9007.69,125
2026-08-03T06:05:00+00:00,9007.69,9016.71,9007.69,9013.19,121
2026-08-03T06:10:00+00:00,9013.19,9020.19,9013.19,9014.69,66
2026-08-03T06:15:00+00:00,9014.69,9019.21,9014.69,9018.7,49
2026-08-03T06:20:00+00:00,9018.7,9019.21,9016.19,9016.7,56
2026-08-03T06:25:00+00:00,9016.7,9020.49,9008.21,9020.49,148
2026-08-03T07:10:00+00:00,9020.49,9020.49,9000.19,9000.7,186
2026-08-03T07:15:00+00:00,9000.7,9002.2,8990.7,8993.21,198
2026-08-03T07:20:00+00:00,8993.21,9000.71,8990.7,8998.19,132
2026-08-03T07:25:00+00:00,8998.19,9002.71,8996.2,9002.2,105
2026-08-03T07:30:00+00:00,9002.2,9004.71,8996.71,9004.21,119
2026-08-03T07:35:00+00:00,9004.21,9008.71,9000.69,9003.19,123
2026-08-03T07:40:00+00:00,9003.19,9003.21,8999.19,8999.2,129
2026-08-03T07:45:00+00:00,8999.2,9006.71,8998.69,9005.71,96
2026-08-03T07:50:00+00:00,9005.71,9006.7,9002.69,9006.2,96
2026-08-03T07:55:00+00:00,9006.2,9011.69,9006.2,9011.19,89
2026-08-03T08:00:00+00:00,9011.19,9013.2,9007.7,9008.21,234
2026-08-03T08:05:00+00:00,9008.21,9010.21,9006.19,9008.2,172
2026-08-03T08:10:00+00:00,9008.2,9013.19,9006.21,9013.19,154
2026-08-03T08:15:00+00:00,9013.19,9013.19,9000.7,9001.21,140
2026-08-03T08:20:00+00:00,9001.21,9002.21,8998.69,9000.71,146
2026-08-03T08:25:00+00:00,9000.71,9001.71,8996.19,8998.69,116
2026-08-03T08:30:00+00:00,8998.69,9001.21,8996.69,9000.19,153
2026-08-03T08:35:00+00:00,9000.19,9005.7,8999.19,9005.7,105
2026-08-03T08:40:00+00:00,9005.7,9005.7,9001.19,9002.2,93
2026-08-03T08:45:00+00:00,9002.2,9002.21,8998.19,8999.21,73
2026-08-03T08:50:00+00:00,8999.21,9001.71,8998.7,9000.7,62
2026-08-03T08:55:00+00:00,9000.7,9003.2,8999.7,9003.19,69
2026-08-03T09:00:00+00:00,9003.19,9005.71,9000.21,9000.69,98
2026-08-03T09:05:00+00:00,9000.69,9003.7,8999.69,9003.69,64
2026-08-03T09:10:00+00:00,9003.69,9004.2,8999.69,9001.71,66
2026-08-03T09:15:00+00:00,9001.71,9005.2,9000.2,9005.2,51
2026-08-03T09:20:00+00:00,9005.2,9005.71,9001.69,9002.21,51
2026-08-03T09:25:00+00:00,9002.21,9002.71,8999.19,8999.71,50
2026-08-03T09:30:00+00:00,8999.71,9002.71,8998.19,8999.7,65
2026-08-03T09:35:00+00:00,8999.7,9005.21,8999.7,9001.19,75
2026-08-03T09:40:00+00:00,9001.19,9003.21,9000.19,9001.21,44
2026-08-03T09:45:00+00:00,9001.21,9007.21,9000.71,9005.71,67
2026-08-03T09:50:00+00:00,9005.71,9006.2,9000.19,9002.19,56
2026-08-03T09:55:00+00:00,9002.19,9004.69,9001.19,9002.69,49
2026-08-03T10:00:00+00:00,9002.69,9005.2,9000.7,9005.2,65
2026-08-03T10:05:00+00:00,9005.2,9005.69,9000.2,9001.19,66
2026-08-03T10:10:00+00:00,9001.19,9005.21,9000.19,9005.2,70
2026-08-03T10:15:00+00:00,9005.2,9007.21,9003.69,9005.7,79
2026-08-03T10:20:00+00:00,9005.7,9005.7,9001.21,9003.19,50
2026-08-03T10:25:00+00:00,9003.19,9005.21,9002.7,9004.69,47
2026-08-03T10:30:00+00:00,9004.69,9005.19,9000.21,9003.69,56
2026-08-03T10:35:00+00:00,9003.69,9004.21,9000.7,9004.21,58
2026-08-03T10:40:00+00:00,9004.21,9004.71,9001.21,9002.2,34
2026-08-03T10:45:00+00:00,9002.2,9002.71,9000.21,9001.7,46
2026-08-03T10:50:00+00:00,9001.7,9005.21,9001.69,9003.21,53
2026-08-03T10:55:00+00:00,9003.21,9005.21,9003.19,9004.2,34
2026-08-03T11:00:00+00:00,9004.2,9008.21,9003.69,9005.69,60
2026-08-03T11:05:00+00:00,9005.69,9006.21,9001.19,9001.71,70
2026-08-03T11:10:00+00:00,9001.71,9003.21,9000.69,9002.69,41
2026-08-03T11:15:00+00:00,9002.69,9008.2,9002.19,9008.2,52
2026-08-03T11:20:00+00:00,9008.2,9008.71,9006.71,9006.71,43
2026-08-03T11:25:00+00:00,9006.71,9007.19,9001.19,9004.2,36
2026-08-03T11:30:00+00:00,9004.2,9008.21,9004.2,9008.21,47
2026-08-03T11:35:00+00:00,9008.21,9008.21,9003.69,9003.69,24
2026-08-03T11:40:00+00:00,9003.69,9007.69,9002.21,9007.69,49
2026-08-03T11:45:00+00:00,9007.69,9007.69,9002.69,9005.19,45
2026-08-03T11:50:00+00:00,9005.19,9006.2,9003.71,9003.71,36
2026-08-03T11:55:00+00:00,9003.71,9004.19,9001.19,9003.2,37
2026-08-03T12:00:00+00:00,9003.2,9003.7,8999.19,9000.7,63
2026-08-03T12:05:00+00:00,9000.7,9000.7,8996.2,8998.19,60
2026-08-03T12:10:00+00:00,8998.19,8998.19,8994.69,8997.69,47
2026-08-03T12:15:00+00:00,8997.69,8997.71,8991.21,8991.21,41
2026-08-03T12:20:00+00:00,8991.21,8991.69,8988.19,8988.71,58
2026-08-03T12:25:00+00:00,8988.71,8990.2,8985.21,8985.21,44
2026-08-03T12:30:00+00:00,8985.21,8987.21,8985.19,8985.2,42
2026-08-03T12:35:00+00:00,8985.2,8986.69,8984.19,8985.69,38
2026-08-03T12:40:00+00:00,8985.69,8990.2,8984.21,8988.2,60
2026-08-03T12:45:00+00:00,8988.2,8988.21,8980.69,8982.19,53
2026-08-03T12:50:00+00:00,8982.19,8986.71,8982.19,8986.19,54
2026-08-03T12:55:00+00:00,8986.19,8989.7,8985.19,8989.19,46
2026-08-03T13:00:00+00:00,8989.19,8995.19,8989.19,8991.69,82
2026-08-03T13:05:00+00:00,8991.69,8991.71,8986.69,8987.19,53
2026-08-03T13:10:00+00:00,8987.19,8989.21,8984.19,8985.7,73
2026-08-03T13:15:00+00:00,8985.7,8989.7,8984.7,8989.21,58
2026-08-03T13:20:00+00:00,8989.21,8990.71,8988.2,8990.19,44
2026-08-03T13:25:00+00:00,8990.19,8990.2,8983.2,8983.2,81
2026-08-03T13:30:00+00:00,8983.2,8988.2,8980.2,8981.19,175
2026-08-03T13:35:00+00:00,8981.19,8988.7,8979.69,8986.7,123
2026-08-03T13:40:00+00:00,8986.7,8986.71,8982.69,8984.7,94
2026-08-03T13:45:00+00:00,8984.7,8989.69,8984.7,8989.69,74
2026-08-03T13:50:00+00:00,8989.69,8993.7,8988.21,8988.71,109
2026-08-03T13:55:00+00:00,8988.71,8995.71,8988.19,8995.71,77
2026-08-03T14:00:00+00:00,8995.71,9000.71,8990.51,8999.21,135
2026-08-03T14:05:00+00:00,8999.21,9001.71,8995.69,8999.2,50
2026-08-03T14:10:00+00:00,8999.2,9008.2,8997.7,9006.21,72
2026-08-03T14:15:00+00:00,9006.21,9008.2,9001.19,9002.2,57
2026-08-03T14:20:00+00:00,9002.2,9009.21,8999.69,9008.19,51
2026-08-03T14:25:00+00:00,9008.19,9013.2,9008.19,9011.69,56
2026-08-03T14:30:00+00:00,9011.69,9015.21,9010.19,9014.19,83
2026-08-03T14:35:00+00:00,9014.19,9016.2,9012.69,9013.71,56
2026-08-03T14:40:00+00:00,9013.71,9015.2,9012.2,9012.21,62
2026-08-03T14:45:00+00:00,9012.21,9012.21,9008.2,9009.71,38
2026-08-03T14:50:00+00:00,9009.71,9015.19,9009.71,9013.2,46
2026-08-03T14:55:00+00:00,9013.2,9019.21,9012.71,9018.7,130
2026-08-03T15:00:00+00:00,9018.7,9023.21,9009.69,9011.71,122
2026-08-03T15:05:00+00:00,9011.71,9011.71,9006.2,9007.2,84
2026-08-03T15:10:00+00:00,9007.2,9007.71,9002.69,9006.2,91
2026-08-03T15:15:00+00:00,9006.2,9010.2,9006.2,9010.2,64
2026-08-03T15:20:00+00:00,9010.2,9013.71,9007.7,9008.71,77
2026-08-03T15:25:00+00:00,9008.71,9016.21,9007.69,9015.19,135
2026-08-03T15:30:00+00:00,9015.19,9022.2,9015.19,9015.2,131
2026-08-03T15:35:00+00:00,9015.2,9017.21,9012.7,9016.71,103
2026-08-03T15:40:00+00:00,9016.71,9017.71,9013.21,9013.21,27
2026-08-03T15:45:00+00:00,9013.21,9017.21,9013.21,9015.2,30
2026-08-03T15:50:00+00:00,9015.2,9016.21,9012.19,9012.19,28
2026-08-03T15:55:00+00:00,9012.19,9013.2,9009.71,9012.19,37
2026-08-03T16:00:00+00:00,9012.19,9013.21,9011.69,9011.69,33
2026-08-03T16:05:00+00:00,9011.69,9015.21,9011.69,9014.2,28
2026-08-03T16:10:00+00:00,9014.2,9014.2,9011.69,9012.19,28
2026-08-03T16:15:00+00:00,9012.19,9013.71,9011.69,9013.71,30
2026-08-03T16:20:00+00:00,9013.71,9013.71,9011.19,9012.69,27
2026-08-03T16:25:00+00:00,9012.69,9014.71,9012.21,9014.69,48
2026-08-03T16:30:00+00:00,9014.69,9014.69,9011.19,9011.2,36
2026-08-03T16:35:00+00:00,9011.2,9012.19,9009.2,9009.7,37
2026-08-03T16:40:00+00:00,9009.7,9012.21,9009.7,9011.2,19
2026-08-03T16:45:00+00:00,9011.2,9011.21,9009.69,9010.71,23
2026-08-03T16:50:00+00:00,9010.71,9011.19,9007.69,9007.69,23
2026-08-03T16:55:00+00:00,9007.69,9011.21,9007.19,9010.21,23.52599531615925
2026-08-03T17:00:00+00:00,9010.21,9010.21,9008.19,9009.71,27
2026-08-03T17:05:00+00:00,9009.71,9010.21,9008.19,9010.21,18.1815
2026-08-03T17:10:00+00:00,9010.21,9011.21,9009.21,9011.21,29
2026-08-03T17:15:00+00:00,9011.21,9012.21,9010.19,9010.71,23
2026-08-03T17:20:00+00:00,9010.71,9013.21,9010.2,9013.19,17
2026-08-03T17:25:00+00:00,9013.19,9015.2,9013.19,9014.21,34
2026-08-03T17:30:00+00:00,9014.21,9015.21,9014.19,9015.19,18
2026-08-03T17:35:00+00:00,9015.19,9017.7,9015.19,9017.69,38
2026-08-03T17:40:00+00:00,9017.69,9018.2,9016.19,9018.2,20
2026-08-03T17:45:00+00:00,9018.2,9019.21,9018.19,9018.19,12.255278310940499
2026-08-03T17:50:00+00:00,9018.19,9018.19,9016.21,9017.21,17.03292446739832
2026-08-03T17:55:00+00:00,9017.21,9018.19,9016.21,9017.2,23
2026-08-03T18:00:00+00:00,9017.2,9020.21,9017.2,9020.21,19
2026-08-03T18:05:00+00:00,9020.21,9022.19,9019.69,9022.19,25
2026-08-03T18:10:00+00:00,9022.19,9022.21,9020.19,9021.71,19
2026-08-03T18:15:00+00:00,9021.71,9024.21,9021.71,9024.21,33
2026-08-03T18:20:00+00:00,9024.21,9025.2,9021.7,9021.71,32
2026-08-03T18:25:00+00:00,9021.71,9022.21,9019.21,9019.21,44
2026-08-03T18:30:00+00:00,9019.21,9020.2,9017.21,9018.21,48
2026-08-03T18:35:00+00:00,9018.21,9019.19,9017.19,9018.2,17
2026-08-03T18:40:00+00:00,9018.2,9018.71,9017.19,9018.19,16
2026-08-03T18:45:00+00:00,9018.19,9018.2,9016.19,9017.2,20
2026-08-03T18:50:00+00:00,9017.2,9018.7,9016.69,9017.7,14
2026-08-03T18:55:00+00:00,9017.7,9019.2,9017.2,9017.2,18
2026-08-03T19:00:00+00:00,9017.2,9018.21,9017.19,9018.2,18
2026-08-03T19:05:00+00:00,9018.2,9018.2,9016.19,9017.21,18
2026-08-03T19:10:00+00:00,9017.21,9018.21,9017.2,9018.19,13
2026-08-03T19:15:00+00:00,9018.19,9020.2,9018.19,9019.2,14.298383956386294
2026-08-03T19:20:00+00:00,9019.2,9020.19,9018.69,9020.19,19
2026-08-03T19:25:00+00:00,9020.19,9020.71,9019.19,9019.69,26
2026-08-03T19:30:00+00:00,9019.69,9020.21,9019.19,9020.19,19
2026-08-03T19:35:00+00:00,9020.19,9021.21,9017.7,9019.2,25
2026-08-03T19:40:00+00:00,9019.2,9020.2,9018.19,9018.7,29
2026-08-03T19:45:00+00:00,9018.7,9019.21,9017.2,9019.2,21
2026-08-03T19:50:00+00:00,9019.2,9019.2,9015.2,9015.69,66
2026-08-03T19:55:00+00:00,9015.69,9017.21,9013.19,9016.21,112
2026-08-03T20:00:00+00:00,9016.21,9018.69,9013.19,9018.21,29
2026-08-03T20:05:00+00:00,9018.21,9019.21,9018.21,9019.21,9
2026-08-03T20:10:00+00:00,9019.21,9019.71,9018.21,9019.21,9
2026-08-03T20:15:00+00:00,9019.21,9022.21,9019.21,9022.2,11
2026-08-03T20:20:00+00:00,9022.2,9023.21,9022.2,9022.69,15
2026-08-03T20:25:00+00:00,9022.69,9023.2,9022.69,9023.2,4
2026-08-03T20:30:00+00:00,9023.2,9024.21,9023.19,9024.19,17
2026-08-03T20:35:00+00:00,9024.19,9028.21,9023.69,9023.69,15
2026-08-03T20:40:00+00:00,9023.69,9023.71,9022.7,9023.71,5
2026-08-03T20:45:00+00:00,9023.71,9023.71,9021.71,9021.71,7
2026-08-03T20:50:00+00:00,9021.71,9022.71,9021.2,9021.2,18
2026-08-03T20:55:00+00:00,9021.2,9021.71,9017.51,9017.51,8
2026-08-03T23:00:00+00:00,9019.97,9021.97,9018.97,9020.97,35.96450198909883
2026-08-03T23:05:00+00:00,9020.97,9020.97,9019.97,9019.97,6.716727372675574
2026-08-03T23:10:00+00:00,9019.97,9022.97,9019.97,9021.97,17.060844989556152
2026-08-03T23:15:00+00:00,9021.97,9024.97,9021.97,9023.97,14.959737062072433
2026-08-03T23:20:00+00:00,9023.97,9025.97,9023.97,9024.97,11.611896774179312
2026-08-03T23:25:00+00:00,9024.97,9025.97,9023.97,9024.97,17.899166070337785
2026-08-03T23:30:00+00:00,9024.97,9027.97,9022.97,9025.97,46.297885015846724
2026-08-03T23:35:00+00:00,9025.97,9031.97,9022.97,9023.97,48.12229534045858
2026-08-03T23:40:00+00:00,9023.97,9024.97,9021.97,9023.97,42.45470588617357
2026-08-03T23:45:00+00:00,9023.97,9032.97,9018.91,9022.91,227.9306068958571
2026-08-03T23:50:00+00:00,9022.91,9035.109999999999,9021.91,9033.09,82.9757820383451
2026-08-03T23:55:00+00:00,9033.09,9033.59,9027.6,9029.609999999999,81
2026-08-04T00:00:00+00:00,9029.609999999999,9052.51,9027.5,9040.99,387
2026-08-04T00:05:00+00:00,9040.99,9051,9038,9051,275
2026-08-04T00:10:00+00:00,9051,9059.51,9049.51,9059.51,186
2026-08-04T00:15:00+00:00,9059.51,9061,9043.99,9044.99,130
2026-08-04T00:20:00+00:00,9044.99,9054.5,9044.01,9051.51,157
2026-08-04T00:25:00+00:00,9051.51,9065,9051,9064.01,98
2026-08-04T00:30:00+00:00,9064.01,9072.51,9063.51,9072.51,148
2026-08-04T00:35:00+00:00,9072.51,9080.01,9072.51,9076.49,110
2026-08-04T00:40:00+00:00,9076.49,9077,9066,9071.99,152
2026-08-04T00:45:00+00:00,9071.99,9073.01,9063.99,9072.99,139
2026-08-04T00:50:00+00:00,9072.99,9082.01,9070.49,9077.51,99
2026-08-04T00:55:00+00:00,9077.51,9079.51,9074,9079,150
2026-08-04T01:00:00+00:00,9079,9088.51,9076.99,9088.01,221
2026-08-04T01:05:00+00:00,9088.01,9093.5,9081.99,9092.99,172
2026-08-04T01:10:00+00:00,9092.99,9105.01,9092.99,9105.01,115
2026-08-04T01:15:00+00:00,9105.01,9115,9104.99,9113,172
2026-08-04T01:20:00+00:00,9113,9115.01,9103.01,9114.01,203
2026-08-04T01:25:00+00:00,9114.01,9117,9103.49,9105.99,145
2026-08-04T01:30:00+00:00,9105.99,9121,9104,9119.5,189
2026-08-04T01:35:00+00:00,9119.5,9122.49,9116.99,9117,93
2026-08-04T01:40:00+00:00,9117,9129.01,9116.99,9128.99,123
2026-08-04T01:45:00+00:00,9128.99,9137.01,9127.99,9135.99,85
2026-08-04T01:50:00+00:00,9135.99,9140.99,9133.99,9138.51,106
2026-08-04T01:55:00+00:00,9138.51,9142.51,9135.99,9142.01,88
2026-08-04T02:00:00+00:00,9142.01,9143.51,9124.99,9127.51,102
2026-08-04T02:05:00+00:00,9127.51,9129,9120.01,9128,158
2026-08-04T02:10:00+00:00,9128,9129,9120,9123.5,121
2026-08-04T02:15:00+00:00,9123.5,9132.51,9121.99,9131.49,136
2026-08-04T02:20:00+00:00,9131.49,9136.49,9131.49,9136.01,100
2026-08-04T02:25:00+00:00,9136.01,9136.01,9129.01,9133.99,67
2026-08-04T02:30:00+00:00,9133.99,9141,9132.51,9136.51,116
2026-08-04T02:35:00+00:00,9136.51,9137,9131,9134.5,71
2026-08-04T02:40:00+00:00,9134.5,9138.01,9133,9134.51,63
2026-08-04T02:45:00+00:00,9134.51,9134.51,9128,9133.51,47
2026-08-04T02:50:00+00:00,9133.51,9140.01,9132.01,9140.01,51
2026-08-04T02:55:00+00:00,9140.01,9140.01,9132.49,9132.99,60
2026-08-04T03:00:00+00:00,9132.99,9139,9131.5,9132.01,101
2026-08-04T03:05:00+00:00,9132.01,9137.01,9131.99,9134.51,57
2026-08-04T03:10:00+00:00,9134.51,9136,9128,9131,53
2026-08-04T03:15:00+00:00,9131,9136.01,9130.01,9136.01,37
2026-08-04T03:20:00+00:00,9136.01,9140,9132.99,9140,41
2026-08-04T03:25:00+00:00,9140,9142.01,9139.49,9140.5,42
2026-08-04T03:30:00+00:00,9140.5,9144.01,9140,9142.01,61
2026-08-04T03:35:00+00:00,9142.01,9142.01,9129.01,9132,123
2026-08-04T03:40:00+00:00,9132,9135.01,9129.5,9133.5,46
2026-08-04T03:45:00+00:00,9133.5,9139.51,9133.5,9139.51,70
2026-08-04T03:50:00+00:00,9139.51,9141.01,9138.99,9140,49
2026-08-04T03:55:00+00:00,9140,9147.99,9140,9145.99,85
2026-08-04T04:00:00+00:00,9145.99,9146,9140.01,9140.01,51
2026-08-04T04:05:00+00:00,9140.01,9142.51,9136,9139.01,87
2026-08-04T04:10:00+00:00,9139.01,9139.01,9134,9135,37
2026-08-04T04:15:00+00:00,9135,9136.99,9133.99,9135,39
2026-08-04T04:20:00+00:00,9135,9137.01,9132.5,9134.51,51
2026-08-04T04:25:00+00:00,9134.51,9136,9133.99,9135,39
2026-08-04T04:30:00+00:00,9135,9138.51,9133.99,9138.51,28
2026-08-04T04:35:00+00:00,9138.51,9138.51,9134.99,9135.01,19
2026-08-04T04:40:00+00:00,9135.01,9136.5,9133.99,9134.99,43
2026-08-04T04:45:00+00:00,9134.99,9141.5,9134.99,9141,38
2026-08-04T04:50:00+00:00,9141,9141,9137.49,9139,30
2026-08-04T04:55:00+00:00,9139,9140,9137,9139.49,38
2026-08-04T05:00:00+00:00,9139.49,9141.01,9138.5,9139.5,38
2026-08-04T05:05:00+00:00,9139.5,9140.01,9136.49,9139.01,52
2026-08-04T05:10:00+00:00,9139.01,9139.49,9137.01,9139.49,21
2026-08-04T05:15:00+00:00,9139.49,9141,9138,9140.99,50
2026-08-04T05:20:00+00:00,9140.99,9146,9140,9144.5,44
2026-08-04T05:25:00+00:00,9144.5,9146.51,9143.01,9146.51,35
2026-08-04T05:30:00+00:00,9146.51,9146.51,9140,9140.49,49
2026-08-04T05:35:00+00:00,9140.49,9147.51,9140.49,9145.99,38
2026-08-04T05:40:00+00:00,9145.99,9149.01,9144.01,9145,51
2026-08-04T05:45:00+00:00,9145,9145,9140.99,9143.5,52
2026-08-04T05:50:00+00:00,9143.5,9144,9140.51,9140.51,67
2026-08-04T05:55:00+00:00,9140.51,9143.01,9139.49,9142,51
2026-08-04T06:00:00+00:00,9142,9151.109999999999,9140.109999999999,9148.09,97
2026-08-04T06:05:00+00:00,9148.09,9153.609999999999,9147.09,9150.59,171
2026-08-04T06:10:00+00:00,9150.59,9153.6,9147.6,9153.6,126
2026-08-04T06:15:00+00:00,9153.6,9153.609999999999,9148.6,9149.09,39
2026-08-04T06:20:00+00:00,9149.09,9152.6,9142.1,9142.6,60
2026-08-04T06:25:00+00:00,9142.6,9146.41,9140.59,9145.89,164
2026-08-04T07:10:00+00:00,9141.49,9141.71,9132.49,9141.19,121
2026-08-04T07:15:00+00:00,9141.19,9146.2,9141.19,9144.19,79
2026-08-04T07:20:00+00:00,9144.19,9144.2,9138.19,9139.7,58
2026-08-04T07:25:00+00:00,9139.7,9141.2,9139.19,9139.21,27
2026-08-04T07:30:00+00:00,9139.21,9140.7,9138.21,9139.21,66
2026-08-04T07:35:00+00:00,9139.21,9139.21,9135.19,9135.71,25
2026-08-04T07:40:00+00:00,9135.71,9137.71,9133.2,9134.19,29
2026-08-04T07:45:00+00:00,9134.19,9139.2,9133.19,9139.2,36
2026-08-04T07:50:00+00:00,9139.2,9140.2,9136.19,9137.69,37
2026-08-04T07:55:00+00:00,9137.69,9138.21,9134.71,9136.2,28
2026-08-04T08:00:00+00:00,9136.2,9143.19,9132.7,9137.2,165
2026-08-04T08:05:00+00:00,9137.2,9139.21,9135.2,9137.69,67
2026-08-04T08:10:00+00:00,9137.69,9138.21,9136.19,9137.2,68
2026-08-04T08:15:00+00:00,9137.2,9139.2,9134.19,9134.71,81
2026-08-04T08:20:00+00:00,9134.71,9135.2,9129.19,9131.19,69
2026-08-04T08:25:00+00:00,9131.19,9131.21,9129.2,9129.21,36
2026-08-04T08:30:00+00:00,9129.21,9130.19,9121.7,9122.2,122
2026-08-04T08:35:00+00:00,9122.2,9123.21,9119.21,9121.19,84
2026-08-04T08:40:00+00:00,9121.19,9121.21,9116.19,9117.2,88
2026-08-04T08:45:00+00:00,9117.2,9117.2,9110.2,9111.21,56
2026-08-04T08:50:00+00:00,9111.21,9112.19,9107.19,9108.7,76
2026-08-04T08:55:00+00:00,9108.7,9109.21,9105.19,9106.21,54
2026-08-04T09:00:00+00:00,9106.21,9112.21,9106.21,9112.21,84
2026-08-04T09:05:00+00:00,9112.21,9113.21,9106.19,9107.19,75
2026-08-04T09:10:00+00:00,9107.19,9109.21,9105.69,9107.2,68
2026-08-04T09:15:00+00:00,9107.2,9108.21,9104.7,9107.19,62
2026-08-04T09:20:00+00:00,9107.19,9107.21,9104.21,9106.19,55
2026-08-04T09:25:00+00:00,9106.19,9106.19,9101.7,9104.19,21
2026-08-04T09:30:00+00:00,9104.19,9108.19,9102.21,9108.19,41
2026-08-04T09:35:00+00:00,9108.19,9109.69,9105.21,9106.19,43
2026-08-04T09:40:00+00:00,9106.19,9107.21,9104.69,9105.21,42
2026-08-04T09:45:00+00:00,9105.21,9108.71,9103.19,9108.2,86
2026-08-04T09:50:00+00:00,9108.2,9108.2,9103.69,9104.19,42
2026-08-04T09:55:00+00:00,9104.19,9106.19,9100.2,9105.21,57
2026-08-04T10:00:00+00:00,9105.21,9105.71,9102.2,9104.21,50
2026-08-04T10:05:00+00:00,9104.21,9106.2,9103.2,9105.69,62
2026-08-04T10:10:00+00:00,9105.69,9107.71,9103.71,9104.19,47
2026-08-04T10:15:00+00:00,9104.19,9104.2,9098.19,9098.2,54
2026-08-04T10:20:00+00:00,9098.2,9100.71,9097.19,9100.69,51
2026-08-04T10:25:00+00:00,9100.69,9101.21,9099.2,9099.69,46
2026-08-04T10:30:00+00:00,9099.69,9108.21,9099.69,9106.19,92
2026-08-04T10:35:00+00:00,9106.19,9106.21,9101.19,9101.21,45
2026-08-04T10:40:00+00:00,9101.21,9109.71,9099.69,9108.69,129
2026-08-04T10:45:00+00:00,9108.69,9117.7,9107.69,9114.2,352
2026-08-04T10:50:00+00:00,9114.2,9115.2,9109.21,9111.19,106
2026-08-04T10:55:00+00:00,9111.19,9112.21,9106.19,9107.2,113
2026-08-04T11:00:00+00:00,9107.2,9112.7,9107.2,9110.19,96
2026-08-04T11:05:00+00:00,9110.19,9112.19,9108.21,9111.21,59
2026-08-04T11:10:00+00:00,9111.21,9115.21,9110.69,9110.7,90
2026-08-04T11:15:00+00:00,9110.7,9111.71,9108.69,9111.2,69
2026-08-04T11:20:00+00:00,9111.2,9114.19,9111.2,9113.69,35
2026-08-04T11:25:00+00:00,9113.69,9118.19,9113.69,9117.71,26
2026-08-04T11:30:00+00:00,9117.71,9120.71,9115.21,9115.21,41
2026-08-04T11:35:00+00:00,9115.21,9120.7,9114.69,9120.7,25
2026-08-04T11:40:00+00:00,9120.7,9133.71,9117.19,9132.7,208
2026-08-04T11:45:00+00:00,9132.7,9137.71,9129.19,9131.69,287
2026-08-04T11:50:00+00:00,9131.69,9134.7,9128.19,9133.19,189
2026-08-04T11:55:00+00:00,9133.19,9136.71,9133.19,9136.71,122
2026-08-04T12:00:00+00:00,9136.71,9138.69,9133.19,9137.21,101
2026-08-04T12:05:00+00:00,9137.21,9137.71,9133.69,9135.2,122
2026-08-04T12:10:00+00:00,9135.2,9135.2,9129.2,9129.71,62
2026-08-04T12:15:00+00:00,9129.71,9130.2,9126.7,9129.19,25
2026-08-04T12:20:00+00:00,9129.19,9131.71,9128.19,9129.19,48
2026-08-04T12:25:00+00:00,9129.19,9129.2,9125.7,9125.7,23
2026-08-04T12:30:00+00:00,9125.7,9127.2,9124.2,9126.69,58
2026-08-04T12:35:00+00:00,9126.69,9128.19,9126.19,9126.21,27
2026-08-04T12:40:00+00:00,9126.21,9126.21,9120.21,9122.2,29
2026-08-04T12:45:00+00:00,9122.2,9124.7,9120.19,9120.19,22
2026-08-04T12:50:00+00:00,9120.19,9120.2,9116.19,9116.19,67
2026-08-04T12:55:00+00:00,9116.19,9116.7,9112.2,9112.2,22
2026-08-04T13:00:00+00:00,9112.2,9117.2,9109.21,9114.7,54
2026-08-04T13:05:00+00:00,9114.7,9115.21,9108.2,9108.7,54
2026-08-04T13:10:00+00:00,9108.7,9113.21,9108.7,9113.2,45
2026-08-04T13:15:00+00:00,9113.2,9121.2,9113.2,9117.69,60
2026-08-04T13:20:00+00:00,9117.69,9131.71,9116.21,9128.19,224
2026-08-04T13:25:00+00:00,9128.19,9129.21,9124.19,9124.21,123
2026-08-04T13:30:00+00:00,9124.21,9131.21,9113.2,9120.21,163
2026-08-04T13:35:00+00:00,9120.21,9122.7,9116.21,9122.7,115
2026-08-04T13:40:00+00:00,9122.7,9126.71,9119.7,9121.21,98
2026-08-04T13:45:00+00:00,9121.21,9122.7,9112.7,9114.21,85
2026-08-04T13:50:00+00:00,9114.21,9126.71,9114.21,9126.71,99
2026-08-04T13:55:00+00:00,9126.71,9128.21,9118.2,9120.19,137
2026-08-04T14:00:00+00:00,9120.19,9127.21,9117.7,9127.2,124
2026-08-04T14:05:00+00:00,9127.2,9127.21,9115.69,9115.71,112
2026-08-04T14:10:00+00:00,9115.71,9125.69,9115.71,9123.19,99
2026-08-04T14:15:00+00:00,9123.19,9130.2,9123.19,9126.21,118
2026-08-04T14:20:00+00:00,9126.21,9128.2,9122.2,9123.21,86
2026-08-04T14:25:00+00:00,9123.21,9125.21,9116.71,9117.21,71
2026-08-04T14:30:00+00:00,9117.21,9118.2,9113.19,9115.21,92
2026-08-04T14:35:00+00:00,9115.21,9126.71,9112.69,9123.21,128
2026-08-04T14:40:00+00:00,9123.21,9124.21,9119.2,9123.2,98
2026-08-04T14:45:00+00:00,9123.2,9126.71,9123.19,9125.69,78
2026-08-04T14:50:00+00:00,9125.69,9129.21,9125.19,9126.19,51
2026-08-04T14:55:00+00:00,9126.19,9127.2,9124.69,9125.71,33
2026-08-04T15:00:00+00:00,9125.71,9125.71,9120.7,9123.21,82
2026-08-04T15:05:00+00:00,9123.21,9124.21,9121.19,9123.2,59
2026-08-04T15:10:00+00:00,9123.2,9126.19,9121.19,9122.21,59
2026-08-04T15:15:00+00:00,9122.21,9123.21,9121.19,9122.69,38
2026-08-04T15:20:00+00:00,9122.69,9123.19,9116.19,9117.69,45
2026-08-04T15:25:00+00:00,9117.69,9125.21,9117.19,9125.19,86
2026-08-04T15:30:00+00:00,9125.19,9126.21,9117.19,9118.2,113
2026-08-04T15:35:00+00:00,9118.2,9136.21,9117.69,9132.69,124
2026-08-04T15:40:00+00:00,9132.69,9138.19,9131.69,9138.19,72
2026-08-04T15:45:00+00:00,9138.19,9141.71,9137.19,9140.71,45
2026-08-04T15:50:00+00:00,9140.71,9143.21,9139.7,9140.2,43
2026-08-04T15:55:00+00:00,9140.2,9144.7,9140.2,9141.7,47
2026-08-04T16:00:00+00:00,9141.7,9147.71,9141.2,9147.71,35
2026-08-04T16:05:00+00:00,9147.71,9154.21,9147.71,9154.21,46
2026-08-04T16:10:00+00:00,9154.21,9157.7,9153.7,9155.21,68
2026-08-04T16:15:00+00:00,9155.21,9159.19,9155.21,9158.21,34
2026-08-04T16:20:00+00:00,9158.21,9167.21,9157.69,9166.71,62
2026-08-04T16:25:00+00:00,9166.71,9168.71,9164.69,9167.19,49
2026-08-04T16:30:00+00:00,9167.19,9168.21,9164.2,9167.7,44
2026-08-04T16:35:00+00:00,9167.7,9167.7,9160.19,9163.7,59
2026-08-04T16:40:00+00:00,9163.7,9165.7,9160.69,9165.69,51
2026-08-04T16:45:00+00:00,9165.69,9167.21,9163.2,9166.69,60
2026-08-04T16:50:00+00:00,9166.69,9167.7,9166.2,9166.71,29
2026-08-04T16:55:00+00:00,9166.71,9172.21,9165.19,9171.2,46
2026-08-04T17:00:00+00:00,9171.2,9173.21,9170.19,9173.19,41
2026-08-04T17:05:00+00:00,9173.19,9173.71,9168.7,9170.69,51
2026-08-04T17:10:00+00:00,9170.69,9175.21,9170.69,9174.69,43
2026-08-04T17:15:00+00:00,9174.69,9175.21,9168.2,9169.69,37
2026-08-04T17:20:00+00:00,9169.69,9172.7,9169.69,9171.2,33
2026-08-04T17:25:00+00:00,9171.2,9174.19,9170.71,9170.71,29
2026-08-04T17:30:00+00:00,9170.71,9173.21,9168.2,9173.21,41
2026-08-04T17:35:00+00:00,9173.21,9175.7,9172.2,9173.69,57
2026-08-04T17:40:00+00:00,9173.69,9174.21,9170.19,9171.19,42
2026-08-04T17:45:00+00:00,9171.19,9174.21,9169.2,9174.21,61
2026-08-04T17:50:00+00:00,9174.21,9174.21,9164.69,9165.21,74
2026-08-04T17:55:00+00:00,9165.21,9166.19,9162.69,9162.69,30
2026-08-04T18:00:00+00:00,9162.69,9166.21,9160.71,9161.19,45
2026-08-04T18:05:00+00:00,9161.19,9164.69,9161.19,9161.21,40
2026-08-04T18:10:00+00:00,9161.21,9162.2,9160.2,9161.21,43
2026-08-04T18:15:00+00:00,9161.21,9162.21,9160.19,9160.19,32.86610878661088
2026-08-04T18:20:00+00:00,9160.19,9162.21,9159.69,9161.21,55
2026-08-04T18:25:00+00:00,9161.21,9162.21,9161.19,9162.21,30
2026-08-04T18:30:00+00:00,9162.21,9164.21,9161.21,9161.21,26.41189111747851
2026-08-04T18:35:00+00:00,9161.21,9164.2,9158.21,9159.19,30
2026-08-04T18:40:00+00:00,9159.19,9160.19,9157.19,9159.2,43
2026-08-04T18:45:00+00:00,9159.2,9162.21,9159.2,9161.21,31
2026-08-04T18:50:00+00:00,9161.21,9162.21,9160.71,9161.19,31
2026-08-04T18:55:00+00:00,9161.19,9165.21,9160.71,9165.19,54
2026-08-04T19:00:00+00:00,9165.19,9173.21,9165.19,9173.2,62
2026-08-04T19:05:00+00:00,9173.2,9179.71,9170.69,9179.71,43
2026-08-04T19:10:00+00:00,9179.71,9180.21,9175.7,9177.2,64
2026-08-04T19:15:00+00:00,9177.2,9181.21,9177.2,9180.19,57
2026-08-04T19:20:00+00:00,9180.19,9182.21,9179.69,9179.69,56
2026-08-04T19:25:00+00:00,9179.69,9180.21,9178.2,9179.71,38
2026-08-04T19:30:00+00:00,9179.71,9180.21,9174.69,9175.21,42
2026-08-04T19:35:00+00:00,9175.21,9176.21,9171.71,9176.19,35
2026-08-04T19:40:00+00:00,9176.19,9178.21,9175.19,9176.21,40
2026-08-04T19:45:00+00:00,9176.21,9176.21,9173.19,9173.2,37
2026-08-04T19:50:00+00:00,9173.2,9173.21,9169.21,9170.19,62
2026-08-04T19:55:00+00:00,9170.19,9182.71,9169.71,9173.21,134
2026-08-04T20:00:00+00:00,9173.21,9178.69,9173.21,9177.71,59
2026-08-04T20:05:00+00:00,9177.71,9181.71,9177.71,9179.19,15
2026-08-04T20:10:00+00:00,9179.19,9181.21,9179.19,9181.21,16
2026-08-04T20:15:00+00:00,9181.21,9181.21,9175.69,9176.69,79
2026-08-04T20:20:00+00:00,9176.69,9178.19,9176.2,9176.71,23
2026-08-04T20:25:00+00:00,9176.71,9177.71,9174.69,9175.71,21
2026-08-04T20:30:00+00:00,9175.71,9176.7,9175.19,9175.19,16
2026-08-04T20:35:00+00:00,9175.19,9176.21,9175.19,9175.2,15
2026-08-04T20:40:00+00:00,9175.2,9177.7,9175.2,9177.2,23
2026-08-04T20:45:00+00:00,9177.2,9177.2,9175.2,9175.2,14
2026-08-04T20:50:00+00:00,9175.2,9176.21,9175.19,9175.2,10
2026-08-04T20:55:00+00:00,9175.2,9180.49,9175.2,9180.49,39
2026-08-04T23:00:00+00:00,9175.81,9178.81,9172.81,9178.81,31.2487634044683
2026-08-04T23:05:00+00:00,9178.81,9180.81,9178.81,9179.81,40.645894498366395
2026-08-04T23:10:00+00:00,9179.81,9186.81,9178.81,9184.81,33.14041787185425
2026-08-04T23:15:00+00:00,9184.81,9184.81,9176.81,9176.81,35.992935646066286
2026-08-04T23:20:00+00:00,9176.81,9176.81,9171.81,9172.81,51.02935765183525
2026-08-04T23:25:00+00:00,9172.81,9172.81,9169.81,9169.81,47.331716325663024
2026-08-04T23:30:00+00:00,9169.81,9170.81,9161.81,9163.81,66.70135197439244
2026-08-04T23:35:00+00:00,9163.81,9166.81,9162.81,9166.81,35.943295536626835
2026-08-04T23:40:00+00:00,9166.81,9173.81,9166.81,9172.81,93.1207702524195
2026-08-04T23:45:00+00:00,9172.81,9185.81,9165.81,9173.81,272.5537851992554
2026-08-04T23:50:00+00:00,9173.81,9176.25,9163.75,9164.27,146.88843813387425
2026-08-04T23:55:00+00:00,9164.27,9166.75,9151.75,9153.76,158
2026-08-05T00:00:00+00:00,9153.76,9200.15,9145.15,9200.15,716
2026-08-05T00:05:00+00:00,9200.15,9205.67,9193.15,9193.15,524
2026-08-05T00:10:00+00:00,9193.15,9193.15,9179.16,9186.65,381
2026-08-05T00:15:00+00:00,9186.65,9192.16,9180.16,9191.65,322
2026-08-05T00:20:00+00:00,9191.65,9192.65,9182.15,9182.15,187
2026-08-05T00:25:00+00:00,9182.15,9184.17,9172.65,9172.67,230
2026-08-05T00:30:00+00:00,9172.67,9175.66,9153.65,9154.15,383
2026-08-05T00:35:00+00:00,9154.15,9155.16,9127.65,9132.16,362
2026-08-05T00:40:00+00:00,9132.16,9140.17,9130.15,9136.15,316
2026-08-05T00:45:00+00:00,9136.15,9143.17,9132.65,9142.15,307
2026-08-05T00:50:00+00:00,9142.15,9155.65,9140.66,9151.66,205
2026-08-05T00:55:00+00:00,9151.66,9157.65,9146.16,9152.67,184
2026-08-05T01:00:00+00:00,9152.67,9156.16,9144.15,9145.65,244
2026-08-05T01:05:00+00:00,9145.65,9149.17,9143.15,9145.15,175
2026-08-05T01:10:00+00:00,9145.15,9145.67,9140.15,9142.66,143
2026-08-05T01:15:00+00:00,9142.66,9143.15,9131.15,9131.65,153
2026-08-05T01:20:00+00:00,9131.65,9133.17,9124.15,9131.15,153
2026-08-05T01:25:00+00:00,9131.15,9137.15,9130.65,9134.65,130
2026-08-05T01:30:00+00:00,9134.65,9147.15,9130.17,9147.15,189
2026-08-05T01:35:00+00:00,9147.15,9153.15,9142.67,9152.67,164
2026-08-05T01:40:00+00:00,9152.67,9154.15,9139.15,9140.67,148
2026-08-05T01:45:00+00:00,9140.67,9150.15,9140.67,9150.15,92
2026-08-05T01:50:00+00:00,9150.15,9150.67,9144.16,9145.65,124
2026-08-05T01:55:00+00:00,9145.65,9154.16,9145.65,9154.16,87
2026-08-05T02:00:00+00:00,9154.16,9161.16,9153.65,9160.17,163
2026-08-05T02:05:00+00:00,9160.17,9170.16,9159.66,9169.16,184
2026-08-05T02:10:00+00:00,9169.16,9169.67,9162.16,9164.67,116
2026-08-05T02:15:00+00:00,9164.67,9167.17,9163.15,9165.15,79
2026-08-05T02:20:00+00:00,9165.15,9166.66,9159.17,9162.17,108
2026-08-05T02:25:00+00:00,9162.17,9166.15,9161.65,9165.66,84
2026-08-05T02:30:00+00:00,9165.66,9170.17,9161.16,9163.66,168
2026-08-05T02:35:00+00:00,9163.66,9167.17,9162.15,9165.16,122
2026-08-05T02:40:00+00:00,9165.16,9175.65,9165.16,9173.16,75
2026-08-05T02:45:00+00:00,9173.16,9179.17,9173.15,9179.17,56
2026-08-05T02:50:00+00:00,9179.17,9184.17,9178.67,9181.17,53
2026-08-05T02:55:00+00:00,9181.17,9187.17,9180.65,9186.15,66
2026-08-05T03:00:00+00:00,9186.15,9188.16,9185.15,9188.15,45
2026-08-05T03:05:00+00:00,9188.15,9191.17,9186.15,9189.65,65
2026-08-05T03:10:00+00:00,9189.65,9194.16,9188.15,9189.67,42
2026-08-05T03:15:00+00:00,9189.67,9197.16,9189.67,9197.16,54
2026-08-05T03:20:00+00:00,9197.16,9197.16,9194.65,9194.65,49
2026-08-05T03:25:00+00:00,9194.65,9197.17,9191.15,9196.67,48
2026-08-05T03:30:00+00:00,9196.67,9200.67,9196.15,9199.65,64
2026-08-05T03:35:00+00:00,9199.65,9203.66,9199.65,9203.16,56
2026-08-05T03:40:00+00:00,9203.16,9204.17,9201.16,9203.15,35
2026-08-05T03:45:00+00:00,9203.15,9208.17,9200.65,9201.16,48
2026-08-05T03:50:00+00:00,9201.16,9201.66,9198.15,9199.65,47
2026-08-05T03:55:00+00:00,9199.65,9206.15,9199.65,9205.65,33
2026-08-05T04:00:00+00:00,9205.65,9207.65,9204.16,9204.17,42
2026-08-05T04:05:00+00:00,9204.17,9205.66,9200.15,9205.16,43
2026-08-05T04:10:00+00:00,9205.16,9210.16,9205.15,9205.65,60
2026-08-05T04:15:00+00:00,9205.65,9207.16,9198.15,9200.65,52
2026-08-05T04:20:00+00:00,9200.65,9203.17,9200.65,9202.16,42
2026-08-05T04:25:00+00:00,9202.16,9203.67,9201.15,9201.67,28
2026-08-05T04:30:00+00:00,9201.67,9202.16,9197.15,9202.15,69
2026-08-05T04:35:00+00:00,9202.15,9205.16,9199.15,9205.16,40
2026-08-05T04:40:00+00:00,9205.16,9208.17,9205.16,9205.66,44
2026-08-05T04:45:00+00:00,9205.66,9208.65,9202.15,9204.17,53
2026-08-05T04:50:00+00:00,9204.17,9210.17,9203.66,9207.17,56
2026-08-05T04:55:00+00:00,9207.17,9210.16,9205.67,9206.17,47
2026-08-05T05:00:00+00:00,9206.17,9207.66,9202.67,9202.67,79
2026-08-05T05:05:00+00:00,9202.67,9209.16,9202.17,9208.66,50
2026-08-05T05:10:00+00:00,9208.66,9210.16,9208.15,9209.66,50
2026-08-05T05:15:00+00:00,9209.66,9211.67,9208.15,9211.67,34
2026-08-05T05:20:00+00:00,9211.67,9213.17,9211.65,9212.16,44
2026-08-05T05:25:00+00:00,9212.16,9215.17,9212.16,9214.66,41
2026-08-05T05:30:00+00:00,9214.66,9219.17,9214.16,9219.16,91
2026-08-05T05:35:00+00:00,9219.16,9224.17,9218.66,9220.16,53
2026-08-05T05:40:00+00:00,9220.16,9220.16,9215.15,9216.65,56
2026-08-05T05:45:00+00:00,9216.65,9219.67,9215.65,9218.17,55
2026-08-05T05:50:00+00:00,9218.17,9220.16,9214.17,9219.15,84
2026-08-05T05:55:00+00:00,9219.15,9219.66,9215.15,9216.17,66
2026-08-05T06:00:00+00:00,9216.17,9220.77,9210.25,9210.26,170
2026-08-05T06:05:00+00:00,9210.26,9218.27,9204.27,9214.26,139
2026-08-05T06:10:00+00:00,9214.26,9216.25,9211.76,9214.25,69
2026-08-05T06:15:00+00:00,9214.25,9214.25,9205.75,9206.26,90
2026-08-05T06:20:00+00:00,9206.26,9208.75,9197.77,9198.75,124
2026-08-05T06:25:00+00:00,9198.75,9199.27,9191.25,9197.55,347
2026-08-05T07:10:00+00:00,9204.23,9209.44,9194.43,9199.45,138
2026-08-05T07:15:00+00:00,9199.45,9202.44,9197.43,9197.95,88
2026-08-05T07:20:00+00:00,9197.95,9198.45,9194.93,9194.93,44
2026-08-05T07:25:00+00:00,9194.93,9194.93,9188.44,9188.44,101
2026-08-05T07:30:00+00:00,9188.44,9189.45,9184.43,9184.45,103
2026-08-05T07:35:00+00:00,9184.45,9184.45,9180.93,9182.94,68
2026-08-05T07:40:00+00:00,9182.94,9183.45,9181.95,9182.44,63
2026-08-05T07:45:00+00:00,9182.44,9186.93,9181.43,9183.43,75
2026-08-05T07:50:00+00:00,9183.43,9185.95,9181.44,9182.45,99
2026-08-05T07:55:00+00:00,9182.45,9183.45,9181.43,9182.45,87
2026-08-05T08:00:00+00:00,9182.45,9183.93,9180.43,9182.44,77
2026-08-05T08:05:00+00:00,9182.44,9182.45,9177.43,9177.43,111
2026-08-05T08:10:00+00:00,9177.43,9177.44,9169.43,9169.45,109
2026-08-05T08:15:00+00:00,9169.45,9175.45,9169.45,9171.45,64
2026-08-05T08:20:00+00:00,9171.45,9171.45,9163.43,9164.95,64
2026-08-05T08:25:00+00:00,9164.95,9171.93,9164.45,9171.43,78
2026-08-05T08:30:00+00:00,9171.43,9172.43,9166.44,9171.93,163
2026-08-05T08:35:00+00:00,9171.93,9176.45,9171.43,9173.45,55
2026-08-05T08:40:00+00:00,9173.45,9175.45,9171.43,9173.43,101
2026-08-05T08:45:00+00:00,9173.43,9173.45,9167.93,9173.44,96
2026-08-05T08:50:00+00:00,9173.44,9174.43,9170.44,9171.43,103
2026-08-05T08:55:00+00:00,9171.43,9173.45,9170.44,9171.45,60
2026-08-05T09:00:00+00:00,9171.45,9175.45,9171.44,9172.44,90
2026-08-05T09:05:00+00:00,9172.44,9175.45,9171.43,9175.45,57
2026-08-05T09:10:00+00:00,9175.45,9176.95,9174.44,9175.93,75
2026-08-05T09:15:00+00:00,9175.93,9176.94,9171.95,9173.44,66
2026-08-05T09:20:00+00:00,9173.44,9177.45,9173.44,9176.44,62
2026-08-05T09:25:00+00:00,9176.44,9177.45,9173.95,9175.94,49
2026-08-05T09:30:00+00:00,9175.94,9179.95,9175.43,9179.44,42
2026-08-05T09:35:00+00:00,9179.44,9182.45,9177.43,9180.94,60
2026-08-05T09:40:00+00:00,9180.94,9181.45,9177.94,9178.94,47
2026-08-05T09:45:00+00:00,9178.94,9179.45,9174.43,9174.44,51
2026-08-05T09:50:00+00:00,9174.44,9179.45,9174.44,9178.44,32
2026-08-05T09:55:00+00:00,9178.44,9179.43,9176.43,9177.45,46
2026-08-05T10:00:00+00:00,9177.45,9179.95,9176.45,9177.43,49
2026-08-05T10:05:00+00:00,9177.43,9179.45,9175.94,9175.94,32
2026-08-05T10:10:00+00:00,9175.94,9177.94,9174.93,9177.45,39
2026-08-05T10:15:00+00:00,9177.45,9179.44,9176.95,9178.94,34
2026-08-05T10:20:00+00:00,9178.94,9179.44,9176.93,9178.44,40
2026-08-05T10:25:00+00:00,9178.44,9182.95,9178.44,9181.43,28
2026-08-05T10:30:00+00:00,9181.43,9182.95,9178.43,9182.95,43
2026-08-05T10:35:00+00:00,9182.95,9182.95,9179.93,9180.93,38
2026-08-05T10:40:00+00:00,9180.93,9181.95,9175.95,9177.44,56
2026-08-05T10:45:00+00:00,9177.44,9180.95,9176.43,9176.93,68
2026-08-05T10:50:00+00:00,9176.93,9177.45,9173.43,9177.45,52
2026-08-05T10:55:00+00:00,9177.45,9181.45,9176.44,9180.45,38
2026-08-05T11:00:00+00:00,9180.45,9187.93,9180.45,9187.93,105
2026-08-05T11:05:00+00:00,9187.93,9188.95,9182.94,9188.95,78
2026-08-05T11:10:00+00:00,9188.95,9188.95,9185.93,9185.95,55
2026-08-05T11:15:00+00:00,9185.95,9190.43,9185.93,9190.43,55
2026-08-05T11:20:00+00:00,9190.43,9193.43,9189.43,9189.43,35
2026-08-05T11:25:00+00:00,9189.43,9190.94,9185.93,9185.93,40
2026-08-05T11:30:00+00:00,9185.93,9188.94,9185.43,9188.94,35
2026-08-05T11:35:00+00:00,9188.94,9190.93,9187.93,9188.45,50
2026-08-05T11:40:00+00:00,9188.45,9188.93,9186.93,9187.43,34
2026-08-05T11:45:00+00:00,9187.43,9189.95,9184.94,9188.45,73
2026-08-05T11:50:00+00:00,9188.45,9188.45,9184.95,9184.95,37
2026-08-05T11:55:00+00:00,9184.95,9185.45,9183.94,9183.95,33
2026-08-05T12:00:00+00:00,9183.95,9193.95,9183.95,9191.93,99
2026-08-05T12:05:00+00:00,9191.93,9192.95,9190.93,9192.43,92
2026-08-05T12:10:00+00:00,9192.43,9196.94,9190.93,9194.93,62
2026-08-05T12:15:00+00:00,9194.93,9200.43,9194.93,9199.44,88
2026-08-05T12:20:00+00:00,9199.44,9202.45,9198.94,9200.45,61
2026-08-05T12:25:00+00:00,9200.45,9206.45,9199.93,9203.93,80
2026-08-05T12:30:00+00:00,9203.93,9204.94,9194.94,9203.94,126
2026-08-05T12:35:00+00:00,9203.94,9203.95,9199.43,9199.94,70
2026-08-05T12:40:00+00:00,9199.94,9200.95,9195.45,9196.93,62
2026-08-05T12:45:00+00:00,9196.93,9200.93,9196.43,9199.94,78
2026-08-05T12:50:00+00:00,9199.94,9201.45,9198.93,9199.93,32
2026-08-05T12:55:00+00:00,9199.93,9201.45,9196.43,9196.44,47
2026-08-05T13:00:00+00:00,9196.44,9198.94,9195.93,9198.44,79
2026-08-05T13:05:00+00:00,9198.44,9200.44,9194.93,9194.94,46
2026-08-05T13:10:00+00:00,9194.94,9197.94,9191.93,9197.94,38
2026-08-05T13:15:00+00:00,9197.94,9198.93,9193.44,9193.93,55
2026-08-05T13:20:00+00:00,9193.93,9193.95,9191.45,9193.43,37
2026-08-05T13:25:00+00:00,9193.43,9198.94,9192.44,9195.93,72
2026-08-05T13:30:00+00:00,9195.93,9199.95,9187.95,9192.45,182
2026-08-05T13:35:00+00:00,9192.45,9197.45,9185.93,9192.43,200
2026-08-05T13:40:00+00:00,9192.43,9198.44,9187.94,9196.95,243
2026-08-05T13:45:00+00:00,9196.95,9196.95,9188.95,9191.94,193
2026-08-05T13:50:00+00:00,9191.94,9202.93,9188.43,9202.93,165
2026-08-05T13:55:00+00:00,9202.93,9208.94,9199.44,9206.44,130
2026-08-05T14:00:00+00:00,9206.44,9206.44,9199.95,9203.94,260
2026-08-05T14:05:00+00:00,9203.94,9217.93,9203.94,9210.94,188
2026-08-05T14:10:00+00:00,9210.94,9211.44,9206.45,9206.95,128
2026-08-05T14:15:00+00:00,9206.95,9206.95,9201.95,9203.44,113
2026-08-05T14:20:00+00:00,9203.44,9203.95,9195.43,9197.43,123
2026-08-05T14:25:00+00:00,9197.43,9197.95,9189.44,9191.93,128
2026-08-05T14:30:00+00:00,9191.93,9199.95,9191.93,9196.94,173
2026-08-05T14:35:00+00:00,9196.94,9199.45,9194.43,9194.45,151
2026-08-05T14:40:00+00:00,9194.45,9196.95,9191.93,9194.93,159
2026-08-05T14:45:00+00:00,9194.93,9200.95,9194.93,9199.95,146
2026-08-05T14:50:00+00:00,9199.95,9201.95,9190.93,9195.94,113
2026-08-05T14:55:00+00:00,9195.94,9200.93,9191.93,9197.93,117
2026-08-05T15:00:00+00:00,9197.93,9207.95,9197.43,9204.44,174
2026-08-05T15:05:00+00:00,9204.44,9205.95,9201.44,9205.93,148
2026-08-05T15:10:00+00:00,9205.93,9207.95,9200.93,9201.95,108
2026-08-05T15:15:00+00:00,9201.95,9201.95,9189.94,9196.95,154
2026-08-05T15:20:00+00:00,9196.95,9200.44,9194.93,9196.95,105
2026-08-05T15:25:00+00:00,9196.95,9199.95,9195.43,9197.93,98
2026-08-05T15:30:00+00:00,9197.93,9201.95,9192.43,9192.94,124
2026-08-05T15:35:00+00:00,9192.94,9198.95,9191.43,9198.43,117
2026-08-05T15:40:00+00:00,9198.43,9199.95,9196.43,9199.45,87
2026-08-05T15:45:00+00:00,9199.45,9199.45,9194.93,9195.93,129
2026-08-05T15:50:00+00:00,9195.93,9198.94,9195.43,9196.94,91
2026-08-05T15:55:00+00:00,9196.94,9196.94,9191.93,9192.44,133
2026-08-05T16:00:00+00:00,9192.44,9196.95,9192.44,9195.94,171
2026-08-05T16:05:00+00:00,9195.94,9197.44,9193.43,9195.94,109
2026-08-05T16:10:00+00:00,9195.94,9197.95,9194.44,9197.95,84
2026-08-05T16:15:00+00:00,9197.95,9200.94,9195.45,9195.45,113
2026-08-05T16:20:00+00:00,9195.45,9201.94,9195.45,9198.93,76
2026-08-05T16:25:00+00:00,9198.93,9205.95,9198.93,9203.44,83
2026-08-05T16:30:00+00:00,9203.44,9204.43,9199.43,9200.93,79
2026-08-05T16:35:00+00:00,9200.93,9201.45,9198.93,9199.93,62
2026-08-05T16:40:00+00:00,9199.93,9202.95,9199.93,9200.44,71
2026-08-05T16:45:00+00:00,9200.44,9200.95,9198.94,9199.95,48
2026-08-05T16:50:00+00:00,9199.95,9202.45,9199.95,9201.43,54
2026-08-05T16:55:00+00:00,9201.43,9201.44,9197.94,9198.93,57
2026-08-05T17:00:00+00:00,9198.93,9200.95,9195.93,9196.94,42
2026-08-05T17:05:00+00:00,9196.94,9197.95,9195.44,9196.43,69
2026-08-05T17:10:00+00:00,9196.43,9198.45,9194.43,9196.95,59
2026-08-05T17:15:00+00:00,9196.95,9198.45,9195.93,9196.95,67
2026-08-05T17:20:00+00:00,9196.95,9198.45,9195.93,9197.93,57
2026-08-05T17:25:00+00:00,9197.93,9200.94,9196.93,9198.94,73
2026-08-05T17:30:00+00:00,9198.94,9202.95,9197.44,9202.94,68
2026-08-05T17:35:00+00:00,9202.94,9204.45,9201.94,9203.95,57
2026-08-05T17:40:00+00:00,9203.95,9206.93,9203.93,9203.94,51
2026-08-05T17:45:00+00:00,9203.94,9205.44,9202.93,9204.95,37
2026-08-05T17:50:00+00:00,9204.95,9205.93,9203.94,9203.95,30
2026-08-05T17:55:00+00:00,9203.95,9205.95,9203.95,9203.95,39
2026-08-05T18:00:00+00:00,9203.95,9205.95,9202.93,9205.93,51
2026-08-05T18:05:00+00:00,9205.93,9205.93,9201.93,9202.45,51
2026-08-05T18:10:00+00:00,9202.45,9204.45,9200.93,9200.93,49
2026-08-05T18:15:00+00:00,9200.93,9203.94,9200.93,9203.45,33
2026-08-05T18:20:00+00:00,9203.45,9205.44,9201.94,9202.94,47
2026-08-05T18:25:00+00:00,9202.94,9203.95,9202.44,9202.44,23.800547695116386
2026-08-05T18:30:00+00:00,9202.44,9202.93,9198.93,9198.93,35
2026-08-05T18:35:00+00:00,9198.93,9200.95,9198.93,9199.45,54
2026-08-05T18:40:00+00:00,9199.45,9200.95,9198.94,9199.93,37
2026-08-05T18:45:00+00:00,9199.93,9201.95,9199.93,9200.95,36
2026-08-05T18:50:00+00:00,9200.95,9202.95,9199.93,9199.95,22
2026-08-05T18:55:00+00:00,9199.95,9200.95,9196.93,9196.93,33
2026-08-05T19:00:00+00:00,9196.93,9201.95,9195.93,9201.44,63
2026-08-05T19:05:00+00:00,9201.44,9203.94,9199.94,9202.94,46
2026-08-05T19:10:00+00:00,9202.94,9203.95,9201.93,9203.95,43
2026-08-05T19:15:00+00:00,9203.95,9203.95,9200.94,9201.45,38
2026-08-05T19:20:00+00:00,9201.45,9201.95,9200.93,9201.93,34
2026-08-05T19:25:00+00:00,9201.93,9203.94,9201.93,9203.94,24
2026-08-05T19:30:00+00:00,9203.94,9203.95,9200.94,9202.93,57
2026-08-05T19:35:00+00:00,9202.93,9202.93,9200.44,9200.93,24
2026-08-05T19:40:00+00:00,9200.93,9203.94,9200.93,9201.93,40
2026-08-05T19:45:00+00:00,9201.93,9202.95,9200.43,9202.43,70
2026-08-05T19:50:00+00:00,9202.43,9202.43,9196.94,9197.93,72
2026-08-05T19:55:00+00:00,9197.93,9198.95,9193.94,9195.95,73
2026-08-05T20:00:00+00:00,9195.95,9199.44,9194.43,9197.93,46
2026-08-05T20:05:00+00:00,9197.93,9199.95,9196.93,9199.45,68
2026-08-05T20:10:00+00:00,9199.45,9199.95,9197.93,9198.45,18
2026-08-05T20:15:00+00:00,9198.45,9198.45,9195.44,9195.45,13
2026-08-05T20:20:00+00:00,9195.45,9196.45,9194.94,9196.44,14
2026-08-05T20:25:00+00:00,9196.44,9196.44,9195.44,9195.44,5.380484114977307
2026-08-05T20:30:00+00:00,9195.44,9195.95,9194.95,9195.94,10
2026-08-05T20:35:00+00:00,9195.94,9197.45,9195.43,9197.45,11
2026-08-05T20:40:00+00:00,9197.45,9197.45,9197.42,9197.42,7.06989346292862
2026-08-05T20:45:00+00:00,9197.42,9198.44,9195.95,9196.43,11.107864504451259
2026-08-05T20:50:00+00:00,9196.43,9196.44,9195.43,9196.44,8
2026-08-05T20:55:00+00:00,9196.44,9197.93,9194.25,9196.23,19.34632418069088
2026-08-05T23:00:00+00:00,9202.19,9202.19,9197.19,9197.19,24.43761836464002
2026-08-05T23:05:00+00:00,9197.19,9198.19,9196.19,9197.19,16.526120986340434
2026-08-05T23:10:00+00:00,9197.19,9198.19,9194.19,9196.19,18.34483922956233
2026-08-05T23:15:00+00:00,9196.19,9197.19,9195.19,9196.19,25.564318410726194
2026-08-05T23:20:00+00:00,9196.19,9198.19,9196.19,9196.19,36.33205274588588
2026-08-05T23:25:00+00:00,9196.19,9199.19,9195.19,9197.19,49.84836363513662
2026-08-05T23:30:00+00:00,9197.19,9197.19,9188.19,9189.19,52.64625008638211
2026-08-05T23:35:00+00:00,9189.19,9189.81,9174.81,9188.81,139.8003544611687
2026-08-05T23:40:00+00:00,9188.81,9189.81,9185.81,9185.81,43.1862783299577
2026-08-05T23:45:00+00:00,9185.81,9194.81,9181.81,9186.81,272.1377136978902
2026-08-05T23:50:00+00:00,9186.81,9207.11,9184.31,9203.59,147.64110429447854
2026-08-05T23:55:00+00:00,9203.59,9211.59,9202.1,9211.11,144
2026-08-06T00:00:00+00:00,9211.11,9252.5,9209.99,9251.99,535
2026-08-06T00:05:00+00:00,9251.99,9267.51,9246.49,9263.01,407
2026-08-06T00:10:00+00:00,9263.01,9264.01,9249.49,9262,422
2026-08-06T00:15:00+00:00,9262,9271.5,9257.5,9266.5,284
2026-08-06T00:20:00+00:00,9266.5,9271,9257,9270.49,265
2026-08-06T00:25:00+00:00,9270.49,9274.51,9263.99,9265.49,184
2026-08-06T00:30:00+00:00,9265.49,9277.51,9265.01,9275.99,234
2026-08-06T00:35:00+00:00,9275.99,9280.5,9266.5,9270,122
2026-08-06T00:40:00+00:00,9270,9270,9256.49,9257.99,206
2026-08-06T00:45:00+00:00,9257.99,9261.01,9244.51,9254.49,232
2026-08-06T00:50:00+00:00,9254.49,9256.5,9246.51,9249.49,148
2026-08-06T00:55:00+00:00,9249.49,9263.49,9248.99,9259.49,168
2026-08-06T01:00:00+00:00,9259.49,9264.01,9254.99,9256.51,200
2026-08-06T01:05:00+00:00,9256.51,9257.5,9251.51,9257.01,146
2026-08-06T01:10:00+00:00,9257.01,9262.49,9252.51,9262.49,146
2026-08-06T01:15:00+00:00,9262.49,9273.01,9261.49,9271,151
2026-08-06T01:20:00+00:00,9271,9273.49,9264,9269.49,111
2026-08-06T01:25:00+00:00,9269.49,9276.51,9269.49,9274.5,151
2026-08-06T01:30:00+00:00,9274.5,9278.5,9270.5,9272.49,150
2026-08-06T01:35:00+00:00,9272.49,9275.51,9266.5,9266.5,121
2026-08-06T01:40:00+00:00,9266.5,9273.01,9264.49,9266.01,148
2026-08-06T01:45:00+00:00,9266.01,9271.01,9262.49,9268.99,112
2026-08-06T01:50:00+00:00,9268.99,9269.01,9262.49,9262.5,115
2026-08-06T01:55:00+00:00,9262.5,9267.01,9261.49,9265,87
2026-08-06T02:00:00+00:00,9265,9267.49,9261.49,9263.99,102
2026-08-06T02:05:00+00:00,9263.99,9269.51,9263.99,9267.01,109
2026-08-06T02:10:00+00:00,9267.01,9269.51,9263.49,9264.51,84
2026-08-06T02:15:00+00:00,9264.51,9264.51,9255.51,9262.01,79
2026-08-06T02:20:00+00:00,9262.01,9262.51,9252.99,9253,80
2026-08-06T02:25:00+00:00,9253,9256.51,9246.5,9247.49,102
2026-08-06T02:30:00+00:00,9247.49,9248,9236.5,9236.5,76
2026-08-06T02:35:00+00:00,9236.5,9238.49,9233,9235.49,109
2026-08-06T02:40:00+00:00,9235.49,9247.01,9235.49,9247.01,76
2026-08-06T02:45:00+00:00,9247.01,9257,9247.01,9252.99,117
2026-08-06T02:50:00+00:00,9252.99,9254.5,9249,9250.5,88
2026-08-06T02:55:00+00:00,9250.5,9252.51,9248.99,9249.99,63
2026-08-06T03:00:00+00:00,9249.99,9253.5,9249.01,9252.49,88
2026-08-06T03:05:00+00:00,9252.49,9253.01,9247,9247,70
2026-08-06T03:10:00+00:00,9247,9253.51,9247,9253.51,53
2026-08-06T03:15:00+00:00,9253.51,9256.01,9251.49,9254.01,86
2026-08-06T03:20:00+00:00,9254.01,9258.51,9252.01,9253.5,92
2026-08-06T03:25:00+00:00,9253.5,9257.01,9251.5,9254.49,62
2026-08-06T03:30:00+00:00,9254.49,9257.5,9252.01,9253.51,58
2026-08-06T03:35:00+00:00,9253.51,9257.51,9252.5,9253.99,51
2026-08-06T03:40:00+00:00,9253.99,9256.51,9253.5,9253.5,35
2026-08-06T03:45:00+00:00,9253.5,9259.01,9253.5,9257,60
2026-08-06T03:50:00+00:00,9257,9257,9253.49,9254.5,67
2026-08-06T03:55:00+00:00,9254.5,9254.5,9248.49,9250.5,85
2026-08-06T04:00:00+00:00,9250.5,9252.49,9247.49,9250,62
2026-08-06T04:05:00+00:00,9250,9253.49,9250,9251.51,45
2026-08-06T04:10:00+00:00,9251.51,9253.51,9247,9247,52
2026-08-06T04:15:00+00:00,9247,9247.51,9243.49,9246.99,65
2026-08-06T04:20:00+00:00,9246.99,9246.99,9242.51,9245.51,63
2026-08-06T04:25:00+00:00,9245.51,9247,9240.5,9241.99,79
2026-08-06T04:30:00+00:00,9241.99,9242.5,9236.51,9238.5,82
2026-08-06T04:35:00+00:00,9238.5,9240.51,9237.5,9239.49,73
2026-08-06T04:40:00+00:00,9239.49,9242.5,9238.51,9242.49,60
2026-08-06T04:45:00+00:00,9242.49,9246.99,9242,9245.5,19
2026-08-06T04:50:00+00:00,9245.5,9248.01,9243.99,9244.99,54
2026-08-06T04:55:00+00:00,9244.99,9249.01,9244.49,9248.5,42
2026-08-06T05:00:00+00:00,9248.5,9250.01,9245.51,9247.49,88
2026-08-06T05:05:00+00:00,9247.49,9249.01,9245.49,9246.49,42
2026-08-06T05:10:00+00:00,9246.49,9247.51,9244.49,9245.99,39
2026-08-06T05:15:00+00:00,9245.99,9249.01,9244.49,9249.01,67
2026-08-06T05:20:00+00:00,9249.01,9253,9248.49,9251.49,64
2026-08-06T05:25:00+00:00,9251.49,9251.99,9248.5,9251.99,28
2026-08-06T05:30:00+00:00,9251.99,9251.99,9248.49,9250,44
2026-08-06T05:35:00+00:00,9250,9251,9247.49,9249.5,75
2026-08-06T05:40:00+00:00,9249.5,9252.51,9248.5,9252.51,34
2026-08-06T05:45:00+00:00,9252.51,9253,9248.5,9248.5,49
2026-08-06T05:50:00+00:00,9248.5,9251.5,9248.49,9251.5,75
2026-08-06T05:55:00+00:00,9251.5,9256.01,9251.5,9254.51,62
2026-08-06T06:00:00+00:00,9254.51,9254.59,9246.6,9249.09,189
2026-08-06T06:05:00+00:00,9249.09,9253.09,9243.6,9250.09,132
2026-08-06T06:10:00+00:00,9250.09,9250.09,9240.09,9241.09,105
2026-08-06T06:15:00+00:00,9241.09,9241.09,9232.1,9235.59,91
2026-08-06T06:20:00+00:00,9235.59,9235.61,9232.09,9232.1,99
2026-08-06T06:25:00+00:00,9232.1,9238.59,9232.1,9235.41,100
2026-08-06T07:10:00+00:00,9247.33,9270.52,9245.32,9268.51,100
2026-08-06T07:15:00+00:00,9268.51,9273.03,9268.03,9271.02,27
2026-08-06T07:20:00+00:00,9271.02,9271.02,9264.51,9265.51,31
2026-08-06T07:25:00+00:00,9265.51,9265.51,9258.03,9258.03,39
2026-08-06T07:30:00+00:00,9258.03,9261.03,9257.51,9260.53,44
2026-08-06T07:35:00+00:00,9260.53,9262.03,9254.03,9255.01,55
2026-08-06T07:40:00+00:00,9255.01,9257.02,9253.53,9254.53,41
2026-08-06T07:45:00+00:00,9254.53,9258.03,9252.01,9258.02,70
2026-08-06T07:50:00+00:00,9258.02,9262.02,9256.02,9261.51,40
2026-08-06T07:55:00+00:00,9261.51,9263.53,9261.51,9262.52,35
2026-08-06T08:00:00+00:00,9262.52,9264.03,9253.01,9253.51,146
2026-08-06T08:05:00+00:00,9253.51,9257.01,9252.01,9254.02,56
2026-08-06T08:10:00+00:00,9254.02,9255.03,9250.01,9254.02,66
2026-08-06T08:15:00+00:00,9254.02,9259.03,9251.03,9251.53,111
2026-08-06T08:20:00+00:00,9251.53,9252.01,9248.01,9249.03,74
2026-08-06T08:25:00+00:00,9249.03,9262.02,9248.51,9262.02,59
2026-08-06T08:30:00+00:00,9262.02,9264.03,9259.51,9263.53,89
2026-08-06T08:35:00+00:00,9263.53,9265.03,9261.52,9265.03,50
2026-08-06T08:40:00+00:00,9265.03,9267.52,9264.02,9267.03,39
2026-08-06T08:45:00+00:00,9267.03,9271.03,9267.03,9270.52,43
2026-08-06T08:50:00+00:00,9270.52,9279.02,9270.01,9279.02,68
2026-08-06T08:55:00+00:00,9279.02,9283.01,9278.01,9283.01,67
2026-08-06T09:00:00+00:00,9283.01,9285.52,9280.03,9283.03,101
2026-08-06T09:05:00+00:00,9283.03,9284.03,9275.52,9275.52,68
2026-08-06T09:10:00+00:00,9275.52,9276.53,9273.01,9275.52,48
2026-08-06T09:15:00+00:00,9275.52,9278.53,9275.52,9277.53,38
2026-08-06T09:20:00+00:00,9277.53,9281.02,9277.53,9280.51,32
2026-08-06T09:25:00+00:00,9280.51,9281.03,9278.03,9280.51,42
2026-08-06T09:30:00+00:00,9280.51,9283.03,9280.02,9282.03,54
2026-08-06T09:35:00+00:00,9282.03,9285.03,9280.01,9285.03,52
2026-08-06T09:40:00+00:00,9285.03,9285.03,9281.52,9282.02,41
2026-08-06T09:45:00+00:00,9282.02,9285.51,9282.02,9285.51,33
2026-08-06T09:50:00+00:00,9285.51,9286.02,9283.01,9284.03,46
2026-08-06T09:55:00+00:00,9284.03,9286.52,9283.01,9286.52,57
2026-08-06T10:00:00+00:00,9286.52,9287.03,9283.51,9284.01,69
2026-08-06T10:05:00+00:00,9284.01,9285.03,9279.01,9279.02,54
2026-08-06T10:10:00+00:00,9279.02,9279.02,9274.02,9275.02,53
2026-08-06T10:15:00+00:00,9275.02,9275.02,9273.01,9274.01,31
2026-08-06T10:20:00+00:00,9274.01,9274.52,9271.02,9273.02,37
2026-08-06T10:25:00+00:00,9273.02,9276.01,9273.01,9275.01,30
2026-08-06T10:30:00+00:00,9275.01,9275.53,9270.51,9270.52,29
2026-08-06T10:35:00+00:00,9270.52,9271.02,9267.01,9267.01,18
2026-08-06T10:40:00+00:00,9267.01,9268.02,9266.02,9267.53,23
2026-08-06T10:45:00+00:00,9267.53,9267.53,9265.01,9265.01,19
2026-08-06T10:50:00+00:00,9265.01,9266.53,9264.53,9265.02,22
2026-08-06T10:55:00+00:00,9265.02,9266.02,9263.52,9265.03,31
2026-08-06T11:00:00+00:00,9265.03,9268.53,9261.02,9262.51,97
2026-08-06T11:05:00+00:00,9262.51,9262.53,9257.51,9261.52,58
2026-08-06T11:10:00+00:00,9261.52,9263.03,9259.03,9263.01,58
2026-08-06T11:15:00+00:00,9263.01,9264.52,9260.01,9262.01,42
2026-08-06T11:20:00+00:00,9262.01,9264.01,9262.01,9262.03,33
2026-08-06T11:25:00+00:00,9262.03,9267.01,9262.01,9266.03,20
2026-08-06T11:30:00+00:00,9266.03,9269.03,9265.51,9267.01,30
2026-08-06T11:35:00+00:00,9267.01,9267.53,9262.52,9263.03,43
2026-08-06T11:40:00+00:00,9263.03,9263.52,9259.03,9259.03,37
2026-08-06T11:45:00+00:00,9259.03,9260.03,9252.51,9255.52,100
2026-08-06T11:50:00+00:00,9255.52,9256.03,9252.51,9253.02,65
2026-08-06T11:55:00+00:00,9253.02,9260.53,9252.52,9260.53,74
2026-08-06T12:00:00+00:00,9260.53,9263.02,9256.01,9261.53,73
2026-08-06T12:05:00+00:00,9261.53,9263.03,9255.52,9256.01,95
2026-08-06T12:10:00+00:00,9256.01,9258.51,9255.01,9257.52,42
2026-08-06T12:15:00+00:00,9257.52,9258.03,9253.53,9258.03,63
2026-08-06T12:20:00+00:00,9258.03,9263.02,9258.03,9263.01,59
2026-08-06T12:25:00+00:00,9263.01,9265.01,9262.02,9263.03,41
2026-08-06T12:30:00+00:00,9263.03,9265.33,9257.51,9262.01,124
2026-08-06T12:35:00+00:00,9262.01,9264.01,9260.52,9262.02,79
2026-08-06T12:40:00+00:00,9262.02,9263.53,9259.01,9259.51,60
2026-08-06T12:45:00+00:00,9259.51,9260.03,9256.51,9257.03,50
2026-08-06T12:50:00+00:00,9257.03,9257.53,9253.51,9255.01,40
2026-08-06T12:55:00+00:00,9255.01,9255.53,9252.01,9253.02,54
2026-08-06T13:00:00+00:00,9253.02,9256.01,9251.51,9253.01,86
2026-08-06T13:05:00+00:00,9253.01,9253.01,9247.52,9250.53,101
2026-08-06T13:10:00+00:00,9250.53,9254.53,9250.01,9253.02,53
2026-08-06T13:15:00+00:00,9253.02,9258.53,9253.02,9258.01,60
2026-08-06T13:20:00+00:00,9258.01,9261.03,9257.51,9257.53,40
2026-08-06T13:25:00+00:00,9257.53,9258.03,9254.53,9256.52,56
2026-08-06T13:30:00+00:00,9256.52,9258.03,9250.02,9252.53,185
2026-08-06T13:35:00+00:00,9252.53,9258.53,9250.01,9252.51,112
2026-08-06T13:40:00+00:00,9252.51,9258.51,9251.03,9254.52,97
2026-08-06T13:45:00+00:00,9254.52,9255.01,9251.02,9252.02,111
2026-08-06T13:50:00+00:00,9252.02,9255.51,9252.02,9255.01,87
2026-08-06T13:55:00+00:00,9255.01,9258.51,9255.01,9257.01,76
2026-08-06T14:00:00+00:00,9257.01,9268.02,9257.01,9268.02,104
2026-08-06T14:05:00+00:00,9268.02,9273.03,9268.02,9270.52,86
2026-08-06T14:10:00+00:00,9270.52,9278.03,9270.52,9273.03,107
2026-08-06T14:15:00+00:00,9273.03,9275.03,9270.53,9273.01,62
2026-08-06T14:20:00+00:00,9273.01,9275.03,9267.51,9267.51,74
2026-08-06T14:25:00+00:00,9267.51,9268.01,9260.01,9263.51,110
2026-08-06T14:30:00+00:00,9263.51,9272.02,9263.51,9271.03,73
2026-08-06T14:35:00+00:00,9271.03,9274.03,9269.52,9271.03,66
2026-08-06T14:40:00+00:00,9271.03,9278.03,9271.03,9277.01,73
2026-08-06T14:45:00+00:00,9277.01,9277.51,9271.52,9272.52,100
2026-08-06T14:50:00+00:00,9272.52,9275.01,9270.51,9275.01,70
2026-08-06T14:55:00+00:00,9275.01,9276.52,9269.01,9272.51,74
2026-08-06T15:00:00+00:00,9272.51,9274.52,9268.51,9272.02,94
2026-08-06T15:05:00+00:00,9272.02,9275.53,9271.01,9274.02,68
2026-08-06T15:10:00+00:00,9274.02,9274.53,9269.51,9270.03,65
2026-08-06T15:15:00+00:00,9270.03,9270.03,9263.02,9263.02,90
2026-08-06T15:20:00+00:00,9263.02,9263.03,9256.52,9261.02,93
2026-08-06T15:25:00+00:00,9261.02,9265.03,9259.51,9263.53,106
2026-08-06T15:30:00+00:00,9263.53,9265.03,9257.02,9257.03,129
2026-08-06T15:35:00+00:00,9257.03,9261.52,9256.01,9261.02,107
2026-08-06T15:40:00+00:00,9261.02,9264.03,9260.03,9260.52,71
2026-08-06T15:45:00+00:00,9260.52,9267.02,9260.02,9264.52,74
2026-08-06T15:50:00+00:00,9264.52,9267.03,9251.01,9252.03,160
2026-08-06T15:55:00+00:00,9252.03,9254.53,9248.51,9250.52,203
2026-08-06T16:00:00+00:00,9250.52,9251.03,9245.01,9247.53,160
2026-08-06T16:05:00+00:00,9247.53,9248.53,9245.03,9246.52,102
2026-08-06T16:10:00+00:00,9246.52,9247.53,9242.51,9244.52,131.8545892059127
2026-08-06T16:15:00+00:00,9244.52,9246.03,9241.51,9245.01,95
2026-08-06T16:20:00+00:00,9245.01,9245.51,9241.52,9244.51,72
2026-08-06T16:25:00+00:00,9244.51,9247.53,9244.51,9246.53,52
2026-08-06T16:30:00+00:00,9246.53,9250.02,9246.51,9248.03,63
2026-08-06T16:35:00+00:00,9248.03,9253.52,9248.03,9253.52,63
2026-08-06T16:40:00+00:00,9253.52,9253.52,9248.01,9249.03,68
2026-08-06T16:45:00+00:00,9249.03,9251.03,9247.01,9251.03,76
2026-08-06T16:50:00+00:00,9251.03,9252.52,9250.51,9252.03,56
2026-08-06T16:55:00+00:00,9252.03,9256.53,9251.51,9256.01,52
2026-08-06T17:00:00+00:00,9256.01,9257.02,9253.51,9254.52,48
2026-08-06T17:05:00+00:00,9254.52,9259.03,9252.01,9252.52,57
2026-08-06T17:10:00+00:00,9252.52,9254.03,9251.53,9251.53,52
2026-08-06T17:15:00+00:00,9251.53,9253.03,9251.03,9252.53,51
2026-08-06T17:20:00+00:00,9252.53,9254.52,9250.01,9251.52,55
2026-08-06T17:25:00+00:00,9251.52,9253.03,9250.02,9250.52,51
2026-08-06T17:30:00+00:00,9250.52,9252.03,9249.01,9251.02,60
2026-08-06T17:35:00+00:00,9251.02,9252.03,9248.52,9250.52,54
2026-08-06T17:40:00+00:00,9250.52,9251.53,9249.53,9250.02,54
2026-08-06T17:45:00+00:00,9250.02,9251.03,9248.02,9248.53,46
2026-08-06T17:50:00+00:00,9248.53,9253.53,9248.53,9251.51,47
2026-08-06T17:55:00+00:00,9251.51,9253.53,9251.51,9253.02,43
2026-08-06T18:00:00+00:00,9253.02,9254.53,9250.51,9252.53,65
2026-08-06T18:05:00+00:00,9252.53,9254.52,9252.01,9252.53,38
2026-08-06T18:10:00+00:00,9252.53,9252.53,9250.01,9252.02,41
2026-08-06T18:15:00+00:00,9252.02,9255.03,9249.53,9254.03,72
2026-08-06T18:20:00+00:00,9254.03,9256.03,9254.01,9256.01,39
2026-08-06T18:25:00+00:00,9256.01,9256.02,9253.51,9255.01,26
2026-08-06T18:30:00+00:00,9255.01,9255.01,9252.01,9252.01,27
2026-08-06T18:35:00+00:00,9252.01,9253.02,9250.03,9250.03,22
2026-08-06T18:40:00+00:00,9250.03,9251.02,9248.52,9250.52,29
2026-08-06T18:45:00+00:00,9250.52,9252.01,9249.03,9250.51,31
2026-08-06T18:50:00+00:00,9250.51,9251.03,9248.03,9249.02,29
2026-08-06T18:55:00+00:00,9249.02,9252.03,9249.02,9251.52,16
2026-08-06T19:00:00+00:00,9251.52,9255.52,9251.52,9255.02,41
2026-08-06T19:05:00+00:00,9255.02,9256.02,9253.52,9256.02,29
2026-08-06T19:10:00+00:00,9256.02,9256.53,9253.03,9253.03,25
2026-08-06T19:15:00+00:00,9253.03,9253.03,9251.01,9251.01,27
2026-08-06T19:20:00+00:00,9251.01,9253.03,9246.01,9246.52,52
2026-08-06T19:25:00+00:00,9246.52,9248.51,9244.01,9245.01,126
2026-08-06T19:30:00+00:00,9245.01,9247.53,9244.51,9247.53,67
2026-08-06T19:35:00+00:00,9247.53,9248.02,9244.52,9244.52,32
2026-08-06T19:40:00+00:00,9244.52,9245.53,9241.52,9242.01,67
2026-08-06T19:45:00+00:00,9242.01,9244.01,9242.01,9243.52,55
2026-08-06T19:50:00+00:00,9243.52,9250.52,9242.02,9248.01,138
2026-08-06T19:55:00+00:00,9248.01,9248.02,9241.51,9247.52,213
2026-08-06T20:00:00+00:00,9247.52,9251.02,9247.03,9248.02,38
2026-08-06T20:05:00+00:00,9248.02,9249.03,9247.51,9247.53,16.698331193838253
2026-08-06T20:10:00+00:00,9247.53,9248.03,9245.02,9245.53,17.715886618325644
2026-08-06T20:15:00+00:00,9245.53,9246.53,9244.52,9245.51,14
2026-08-06T20:20:00+00:00,9245.51,9245.52,9239.51,9239.51,37
2026-08-06T20:25:00+00:00,9239.51,9240.51,9236.52,9237.01,32
2026-08-06T20:30:00+00:00,9237.01,9237.53,9236.51,9236.51,13
2026-08-06T20:35:00+00:00,9236.51,9237.51,9234.51,9235.01,11.385602280826799
2026-08-06T20:40:00+00:00,9235.01,9236.02,9234.01,9234.01,11
2026-08-06T20:45:00+00:00,9234.01,9234.03,9233.03,9233.51,15.798496240601503
2026-08-06T20:50:00+00:00,9233.51,9234.53,9233.51,9234.01,13
2026-08-06T20:55:00+00:00,9234.01,9237.31,9233.51,9237.31,18.833597464342315
2026-08-06T23:00:00+00:00,9246.31,9246.31,9243.31,9245.31,25.802486429174465
2026-08-06T23:05:00+00:00,9245.31,9246.31,9245.31,9245.31,27.754102016005987
2026-08-06T23:10:00+00:00,9245.31,9245.31,9245.31,9245.31,10.472932065799622
2026-08-06T23:15:00+00:00,9245.31,9251.31,9244.31,9246.31,37.01174063106059
2026-08-06T23:20:00+00:00,9246.31,9249.31,9245.31,9249.31,32.23757771173463
2026-08-06T23:25:00+00:00,9249.31,9250.31,9247.31,9248.31,53.715599568286706
2026-08-06T23:30:00+00:00,9248.31,9251.31,9246.31,9248.31,71.3249162895202
2026-08-06T23:35:00+00:00,9248.31,9249.31,9244.31,9249.31,45.18912338802572
2026-08-06T23:40:00+00:00,9249.31,9250.31,9238.31,9239.31,78.50283835141491
2026-08-06T23:45:00+00:00,9239.31,9246.31,9227.31,9241.31,242.00166721506494
2026-08-06T23:50:00+00:00,9241.31,9247.88,9231.38,9235.4,85.86855941114617
2026-08-06T23:55:00+00:00,9235.4,9238.4,9230.39,9234.9,71
2026-08-07T00:00:00+00:00,9234.9,9239.28,9210.79,9221.8,574
2026-08-07T00:05:00+00:00,9221.8,9241.8,9221.3,9239.8,256
2026-08-07T00:10:00+00:00,9239.8,9245.3,9235.29,9243.8,288
2026-08-07T00:15:00+00:00,9243.8,9243.8,9229.79,9236.3,199
2026-08-07T00:20:00+00:00,9236.3,9242.8,9230.3,9242.79,183
2026-08-07T00:25:00+00:00,9242.79,9242.8,9235.79,9238.78,122
2026-08-07T00:30:00+00:00,9238.78,9241.79,9231.78,9241.79,153
2026-08-07T00:35:00+00:00,9241.79,9241.79,9223.8,9228.8,99
2026-08-07T00:40:00+00:00,9228.8,9229.28,9223.28,9228.28,102
2026-08-07T00:45:00+00:00,9228.28,9238.29,9228.28,9235.78,100
2026-08-07T00:50:00+00:00,9235.78,9243.79,9234.3,9240.3,83
2026-08-07T00:55:00+00:00,9240.3,9246.29,9236.29,9245.8,102
2026-08-07T01:00:00+00:00,9245.8,9252.8,9242.79,9252.79,220
2026-08-07T01:05:00+00:00,9252.79,9257.3,9248.29,9249.28,160
2026-08-07T01:10:00+00:00,9249.28,9256.3,9245.8,9250.78,113
2026-08-07T01:15:00+00:00,9250.78,9256.8,9250.29,9256.8,83
2026-08-07T01:20:00+00:00,9256.8,9262.29,9256.8,9260.78,105
2026-08-07T01:25:00+00:00,9260.78,9265.29,9257.78,9262.29,90
2026-08-07T01:30:00+00:00,9262.29,9266.3,9261.3,9264.8,124
2026-08-07T01:35:00+00:00,9264.8,9264.8,9261.28,9261.79,73
2026-08-07T01:40:00+00:00,9261.79,9263.28,9255.79,9257.79,75
2026-08-07T01:45:00+00:00,9257.79,9264.3,9257.79,9263.29,75
2026-08-07T01:50:00+00:00,9263.29,9263.29,9250.29,9250.8,42
2026-08-07T01:55:00+00:00,9250.8,9253.28,9247.29,9252.79,82
2026-08-07T02:00:00+00:00,9252.79,9253.29,9245.8,9245.8,111
2026-08-07T02:05:00+00:00,9245.8,9248.3,9241.78,9243.3,89
2026-08-07T02:10:00+00:00,9243.3,9248.8,9243.3,9247.79,62
2026-08-07T02:15:00+00:00,9247.79,9253.29,9246.79,9249.79,54
2026-08-07T02:20:00+00:00,9249.79,9254.8,9248.78,9253.3,53
2026-08-07T02:25:00+00:00,9253.3,9258.29,9251.3,9255.29,65
2026-08-07T02:30:00+00:00,9255.29,9259.29,9254.79,9255.79,47
2026-08-07T02:35:00+00:00,9255.79,9263.3,9255.79,9262.8,41
2026-08-07T02:40:00+00:00,9262.8,9270.3,9262.8,9268.78,75
2026-08-07T02:45:00+00:00,9268.78,9272.29,9267.29,9270.79,86
2026-08-07T02:50:00+00:00,9270.79,9274.28,9270.29,9270.78,33
2026-08-07T02:55:00+00:00,9270.78,9272.3,9270.28,9270.28,32
2026-08-07T03:00:00+00:00,9270.28,9272.8,9269.28,9269.29,46
2026-08-07T03:05:00+00:00,9269.29,9269.29,9266.29,9268.78,39
2026-08-07T03:10:00+00:00,9268.78,9269.28,9260.3,9260.79,37
2026-08-07T03:15:00+00:00,9260.79,9263.29,9257.79,9259.28,40
2026-08-07T03:20:00+00:00,9259.28,9264.79,9257.79,9264.79,48
2026-08-07T03:25:00+00:00,9264.79,9265.28,9258.8,9258.8,43
2026-08-07T03:30:00+00:00,9258.8,9259.8,9255.3,9256.78,68
2026-08-07T03:35:00+00:00,9256.78,9258.8,9255.78,9257.29,38
2026-08-07T03:40:00+00:00,9257.29,9259.79,9256.78,9257.3,28
2026-08-07T03:45:00+00:00,9257.3,9257.3,9254.79,9256.29,36
2026-08-07T03:50:00+00:00,9256.29,9261.3,9256.29,9260.8,50
2026-08-07T03:55:00+00:00,9260.8,9267.29,9260.8,9266.8,28
2026-08-07T04:00:00+00:00,9266.8,9267.3,9264.28,9266.29,70
2026-08-07T04:05:00+00:00,9266.29,9269.29,9266.28,9267.3,42
2026-08-07T04:10:00+00:00,9267.3,9270.29,9267.3,9270.29,31
2026-08-07T04:15:00+00:00,9270.29,9270.3,9267.28,9268.29,74
2026-08-07T04:20:00+00:00,9268.29,9277.29,9268.29,9271.3,50
2026-08-07T04:25:00+00:00,9271.3,9275.29,9269.28,9269.79,69
2026-08-07T04:30:00+00:00,9269.79,9269.8,9264.78,9265.3,53
2026-08-07T04:35:00+00:00,9265.3,9266.28,9262.79,9263.29,49
2026-08-07T04:40:00+00:00,9263.29,9263.29,9261.28,9261.28,20
2026-08-07T04:45:00+00:00,9261.28,9269.28,9261.28,9268.29,50
2026-08-07T04:50:00+00:00,9268.29,9269.28,9267.29,9268.3,18
2026-08-07T04:55:00+00:00,9268.3,9269.29,9266.28,9269.29,46
2026-08-07T05:00:00+00:00,9269.29,9271.29,9268.28,9270.28,36
2026-08-07T05:05:00+00:00,9270.28,9272.8,9269.28,9271.8,32
2026-08-07T05:10:00+00:00,9271.8,9271.8,9269.28,9269.28,18
2026-08-07T05:15:00+00:00,9269.28,9272.3,9269.28,9271.29,25
2026-08-07T05:20:00+00:00,9271.29,9272.3,9268.28,9268.28,34
2026-08-07T05:25:00+00:00,9268.28,9270.28,9266.79,9270.28,29
2026-08-07T05:30:00+00:00,9270.28,9271.28,9264.78,9264.78,35
2026-08-07T05:35:00+00:00,9264.78,9264.8,9262.28,9262.3,25
2026-08-07T05:40:00+00:00,9262.3,9265.28,9261.3,9262.79,41
2026-08-07T05:45:00+00:00,9262.79,9262.79,9260.78,9262.29,22.152964959568735
2026-08-07T05:50:00+00:00,9262.29,9264.28,9261.28,9261.78,45
2026-08-07T05:55:00+00:00,9261.78,9261.78,9259.28,9260.28,51
2026-08-07T06:00:00+00:00,9260.28,9260.9,9256.39,9260.9,74
2026-08-07T06:05:00+00:00,9260.9,9263.9,9259.38,9260.39,64.81030780243378
2026-08-07T06:10:00+00:00,9260.39,9263.4,9260.39,9261.39,79
2026-08-07T06:15:00+00:00,9261.39,9262.9,9255.89,9255.9,57
2026-08-07T06:20:00+00:00,9255.9,9257.89,9253.38,9255.39,55
2026-08-07T06:25:00+00:00,9255.39,9257.69,9254.88,9257.69,57
2026-08-07T07:10:00+00:00,9253.69,9268.9,9253.69,9268.39,55
2026-08-07T07:15:00+00:00,9268.39,9268.4,9261.89,9262.38,35
2026-08-07T07:20:00+00:00,9262.38,9263.88,9258.9,9260.39,57
2026-08-07T07:25:00+00:00,9260.39,9260.4,9258.88,9258.9,36
2026-08-07T07:30:00+00:00,9258.9,9259.9,9256.38,9256.38,58
2026-08-07T07:35:00+00:00,9256.38,9257.89,9255.39,9255.39,29
2026-08-07T07:40:00+00:00,9255.39,9259.9,9254.88,9258.88,48
2026-08-07T07:45:00+00:00,9258.88,9258.89,9257.38,9257.88,30
2026-08-07T07:50:00+00:00,9257.88,9257.9,9254.88,9254.89,30
2026-08-07T07:55:00+00:00,9254.89,9257.9,9254.89,9256.89,38
2026-08-07T08:00:00+00:00,9256.89,9260.89,9256.89,9258.9,56
2026-08-07T08:05:00+00:00,9258.9,9260.9,9256.88,9260.9,37
2026-08-07T08:10:00+00:00,9260.9,9260.9,9257.88,9259.89,82
2026-08-07T08:15:00+00:00,9259.89,9259.89,9256.88,9259.4,86
2026-08-07T08:20:00+00:00,9259.4,9262.9,9257.88,9262.89,47
2026-08-07T08:25:00+00:00,9262.89,9262.9,9259.88,9262.4,45
2026-08-07T08:30:00+00:00,9262.4,9266.9,9261.38,9266.4,53
2026-08-07T08:35:00+00:00,9266.4,9267.39,9262.88,9266.9,40
2026-08-07T08:40:00+00:00,9266.9,9268.4,9266.88,9266.88,27
2026-08-07T08:45:00+00:00,9266.88,9267.39,9265.88,9265.88,85
2026-08-07T08:50:00+00:00,9265.88,9265.89,9263.89,9264.89,29
2026-08-07T08:55:00+00:00,9264.89,9267.89,9264.89,9266.88,40
2026-08-07T09:00:00+00:00,9266.88,9268.88,9264.9,9264.9,41
2026-08-07T09:05:00+00:00,9264.9,9265.9,9263.88,9265.9,30
2026-08-07T09:10:00+00:00,9265.9,9269.88,9265.4,9269.39,44
2026-08-07T09:15:00+00:00,9269.39,9269.89,9267.38,9267.88,45
2026-08-07T09:20:00+00:00,9267.88,9269.9,9266.88,9269.4,37
2026-08-07T09:25:00+00:00,9269.4,9270.89,9269.39,9270.38,25
2026-08-07T09:30:00+00:00,9270.38,9273.88,9268.89,9271.88,37
2026-08-07T09:35:00+00:00,9271.88,9274.9,9271.88,9274.9,19
2026-08-07T09:40:00+00:00,9274.9,9277.39,9273.89,9276.88,23
2026-08-07T09:45:00+00:00,9276.88,9282.9,9276.88,9282.9,48
2026-08-07T09:50:00+00:00,9282.9,9284.89,9281.88,9284.4,46
2026-08-07T09:55:00+00:00,9284.4,9284.89,9279.9,9282.4,45
2026-08-07T10:00:00+00:00,9282.4,9283.38,9280.88,9282.88,39
2026-08-07T10:05:00+00:00,9282.88,9283.88,9281.88,9281.9,31
2026-08-07T10:10:00+00:00,9281.9,9283.4,9280.9,9280.9,20
2026-08-07T10:15:00+00:00,9280.9,9281.88,9279.88,9280.88,23
2026-08-07T10:20:00+00:00,9280.88,9281.4,9279.4,9279.9,17
2026-08-07T10:25:00+00:00,9279.9,9279.9,9277.39,9279.38,34
2026-08-07T10:30:00+00:00,9279.38,9280.4,9279.38,9280.4,31
2026-08-07T10:35:00+00:00,9280.4,9281.9,9279.4,9281.9,24.100283822138127
2026-08-07T10:40:00+00:00,9281.9,9283.9,9281.89,9283.9,9
2026-08-07T10:45:00+00:00,9283.9,9285.88,9283.88,9285.88,20.38454288407163
2026-08-07T10:50:00+00:00,9285.88,9287.4,9282.88,9282.9,31
2026-08-07T10:55:00+00:00,9282.9,9285.89,9282.89,9283.88,44
2026-08-07T11:00:00+00:00,9283.88,9287.9,9282.9,9286.89,71
2026-08-07T11:05:00+00:00,9286.89,9286.89,9283.88,9286.88,28
2026-08-07T11:10:00+00:00,9286.88,9286.88,9281.88,9281.88,17
2026-08-07T11:15:00+00:00,9281.88,9283.39,9281.38,9283.39,18
2026-08-07T11:20:00+00:00,9283.39,9284.89,9281.4,9282.9,19.83815028901734
2026-08-07T11:25:00+00:00,9282.9,9284.4,9281.88,9281.88,21
2026-08-07T11:30:00+00:00,9281.88,9286.9,9281.88,9286.9,28
2026-08-07T11:35:00+00:00,9286.9,9289.88,9286.38,9289.88,33
2026-08-07T11:40:00+00:00,9289.88,9290.4,9287.38,9287.88,34
2026-08-07T11:45:00+00:00,9287.88,9287.9,9286.88,9287.4,17
2026-08-07T11:50:00+00:00,9287.4,9287.89,9286.88,9286.88,17
2026-08-07T11:55:00+00:00,9286.88,9286.89,9283.88,9284.9,20
2026-08-07T12:00:00+00:00,9284.9,9290.4,9283.89,9288.89,56
2026-08-07T12:05:00+00:00,9288.89,9288.89,9284.88,9285.88,45
2026-08-07T12:10:00+00:00,9285.88,9288.4,9285.88,9285.88,23
2026-08-07T12:15:00+00:00,9285.88,9285.9,9282.88,9282.88,40
2026-08-07T12:20:00+00:00,9282.88,9286.39,9281.88,9285.38,39
2026-08-07T12:25:00+00:00,9285.38,9290.39,9284.18,9284.19,73
2026-08-07T12:30:00+00:00,9284.19,9313.88,9284.19,9306.38,377
2026-08-07T12:35:00+00:00,9306.38,9312.9,9303.89,9311.9,137
2026-08-07T12:40:00+00:00,9311.9,9315.38,9308.88,9312.38,144
2026-08-07T12:45:00+00:00,9312.38,9314.89,9310.88,9310.89,94
2026-08-07T12:50:00+00:00,9310.89,9310.89,9305.89,9307.39,115
2026-08-07T12:55:00+00:00,9307.39,9307.88,9301.88,9302.9,97
2026-08-07T13:00:00+00:00,9302.9,9302.9,9291.38,9291.4,114
2026-08-07T13:05:00+00:00,9291.4,9291.9,9289.88,9289.88,98
2026-08-07T13:10:00+00:00,9289.88,9289.89,9284.88,9286.9,108
2026-08-07T13:15:00+00:00,9286.9,9288.89,9284.38,9284.89,70
2026-08-07T13:20:00+00:00,9284.89,9286.9,9283.4,9285.39,57
2026-08-07T13:25:00+00:00,9285.39,9286.89,9283.89,9286.4,93
2026-08-07T13:30:00+00:00,9286.4,9289.4,9282.89,9284.4,204
2026-08-07T13:35:00+00:00,9284.4,9292.4,9282.4,9292.4,148
2026-08-07T13:40:00+00:00,9292.4,9297.39,9291.39,9296.88,150
2026-08-07T13:45:00+00:00,9296.88,9296.88,9287.38,9293.9,162
2026-08-07T13:50:00+00:00,9293.9,9300.89,9292.88,9298.4,105
2026-08-07T13:55:00+00:00,9298.4,9299.4,9287.88,9292.39,132
2026-08-07T14:00:00+00:00,9292.39,9295.9,9287.9,9288.38,179
2026-08-07T14:05:00+00:00,9288.38,9289.89,9284.38,9287.39,143
2026-08-07T14:10:00+00:00,9287.39,9291.89,9284.88,9289.39,148
2026-08-07T14:15:00+00:00,9289.39,9303.9,9288.88,9303.9,126
2026-08-07T14:20:00+00:00,9303.9,9307.4,9303.4,9303.9,95
2026-08-07T14:25:00+00:00,9303.9,9309.88,9303.9,9307.89,68
2026-08-07T14:30:00+00:00,9307.89,9307.89,9298.89,9303.38,80
2026-08-07T14:35:00+00:00,9303.38,9307.9,9302.88,9302.9,87
2026-08-07T14:40:00+00:00,9302.9,9305.9,9301.4,9304.9,118
2026-08-07T14:45:00+00:00,9304.9,9308.39,9299.89,9300.88,88
2026-08-07T14:50:00+00:00,9300.88,9301.89,9297.9,9300.89,83
2026-08-07T14:55:00+00:00,9300.89,9304.88,9299.89,9299.9,86
2026-08-07T15:00:00+00:00,9299.9,9302.38,9296.4,9296.89,108
2026-08-07T15:05:00+00:00,9296.89,9301.39,9296.89,9299.89,87
2026-08-07T15:10:00+00:00,9299.89,9302.4,9296.9,9302.4,50
2026-08-07T15:15:00+00:00,9302.4,9302.9,9299.39,9299.88,47
2026-08-07T15:20:00+00:00,9299.88,9300.9,9298.39,9299.88,50
2026-08-07T15:25:00+00:00,9299.88,9300.88,9296.38,9297.89,88
2026-08-07T15:30:00+00:00,9297.89,9298.89,9289.89,9290.9,103
2026-08-07T15:35:00+00:00,9290.9,9295.89,9289.9,9293.39,69
2026-08-07T15:40:00+00:00,9293.39,9295.39,9289.88,9290.89,53
2026-08-07T15:45:00+00:00,9290.89,9292.9,9289.89,9292.9,53
2026-08-07T15:50:00+00:00,9292.9,9293.88,9283.88,9288.4,99
2026-08-07T15:55:00+00:00,9288.4,9289.9,9286.89,9289.89,51
2026-08-07T16:00:00+00:00,9289.89,9292.4,9286.89,9292.4,51
2026-08-07T16:05:00+00:00,9292.4,9292.9,9289.9,9290.88,58
2026-08-07T16:10:00+00:00,9290.88,9291.9,9288.89,9288.89,53
2026-08-07T16:15:00+00:00,9288.89,9289.89,9286.9,9286.9,44
2026-08-07T16:20:00+00:00,9286.9,9290.4,9283.88,9283.9,107
2026-08-07T16:25:00+00:00,9283.9,9284.4,9276.88,9279.38,186
2026-08-07T16:30:00+00:00,9279.38,9282.39,9276.38,9282.39,88
2026-08-07T16:35:00+00:00,9282.39,9287.89,9281.38,9287.89,57
2026-08-07T16:40:00+00:00,9287.89,9290.89,9287.88,9289.4,48
2026-08-07T16:45:00+00:00,9289.4,9289.9,9287.38,9289.9,36
2026-08-07T16:50:00+00:00,9289.9,9290.89,9286.38,9286.89,60
2026-08-07T16:55:00+00:00,9286.89,9287.89,9285.88,9285.9,54
2026-08-07T17:00:00+00:00,9285.9,9286.9,9283.88,9285.88,62
2026-08-07T17:05:00+00:00,9285.88,9286.9,9284.89,9285.4,57.43811881188119
2026-08-07T17:10:00+00:00,9285.4,9285.9,9283.38,9283.89,28
2026-08-07T17:15:00+00:00,9283.89,9285.89,9283.38,9285.89,28
2026-08-07T17:20:00+00:00,9285.89,9288.39,9285.88,9286.89,21
2026-08-07T17:25:00+00:00,9286.89,9289.89,9286.88,9289.38,16
2026-08-07T17:30:00+00:00,9289.38,9291.88,9286.38,9286.39,74
2026-08-07T17:35:00+00:00,9286.39,9289.9,9286.39,9289.88,29
2026-08-07T17:40:00+00:00,9289.88,9289.9,9288.38,9288.89,20
2026-08-07T17:45:00+00:00,9288.89,9290.89,9288.4,9288.9,24
2026-08-07T17:50:00+00:00,9288.9,9289.9,9288.38,9289.9,36
2026-08-07T17:55:00+00:00,9289.9,9289.9,9288.88,9288.9,19.99472140762463
2026-08-07T18:00:00+00:00,9288.9,9288.9,9286.88,9286.89,42
2026-08-07T18:05:00+00:00,9286.89,9287.9,9285.89,9287.9,26
2026-08-07T18:10:00+00:00,9287.9,9288.4,9282.38,9282.88,30
2026-08-07T18:15:00+00:00,9282.88,9285.4,9281.9,9284.88,28
2026-08-07T18:20:00+00:00,9284.88,9284.9,9281.39,9281.39,34
2026-08-07T18:25:00+00:00,9281.39,9283.88,9280.89,9281.38,16
2026-08-07T18:30:00+00:00,9281.38,9282.89,9280.369999999999,9280.869999999999,28
2026-08-07T18:35:00+00:00,9280.869999999999,9280.89,9278.88,9280.38,25.667910447761194
2026-08-07T18:40:00+00:00,9280.38,9280.89,9276.869999999999,9276.869999999999,26
2026-08-07T18:45:00+00:00,9276.869999999999,9280.39,9276.869999999999,9280.38,31
2026-08-07T18:50:00+00:00,9280.38,9282.89,9279.869999999999,9279.88,23
2026-08-07T18:55:00+00:00,9279.88,9279.88,9276.369999999999,9278.89,31
2026-08-07T19:00:00+00:00,9278.89,9285.369999999999,9277.869999999999,9282.89,113
2026-08-07T19:05:00+00:00,9282.89,9288.89,9282.89,9288.88,77
2026-08-07T19:10:00+00:00,9288.88,9291.38,9288.869999999999,9290.88,73
2026-08-07T19:15:00+00:00,9290.88,9293.38,9287.89,9288.89,130
2026-08-07T19:20:00+00:00,9288.89,9291.88,9288.869999999999,9288.869999999999,80
2026-08-07T19:25:00+00:00,9288.869999999999,9289.89,9288.369999999999,9289.88,64
2026-08-07T19:30:00+00:00,9289.88,9289.89,9287.89,9288.89,55
2026-08-07T19:35:00+00:00,9288.89,9290.89,9287.869999999999,9288.869999999999,91
2026-08-07T19:40:00+00:00,9288.869999999999,9288.89,9283.869999999999,9283.869999999999,31
2026-08-07T19:45:00+00:00,9283.869999999999,9287.38,9281.869999999999,9285.89,40
2026-08-07T19:50:00+00:00,9285.89,9287.39,9283.869999999999,9285.88,83
2026-08-07T19:55:00+00:00,9285.88,9289.39,9281.869999999999,9288.869999999999,73
2026-08-07T20:00:00+00:00,9288.869999999999,9293.89,9287.88,9290.88,57.67139061116032
2026-08-07T20:05:00+00:00,9290.88,9291.369999999999,9287.88,9287.88,21
2026-08-07T20:10:00+00:00,9287.88,9288.89,9287.869999999999,9288.38,12
2026-08-07T20:15:00+00:00,9288.38,9288.88,9286.869999999999,9287.369999999999,13.284671532846716
2026-08-07T20:20:00+00:00,9287.369999999999,9287.39,9286.869999999999,9286.869999999999,13
2026-08-07T20:25:00+00:00,9286.869999999999,9286.869999999999,9285.869999999999,9285.869999999999,11.600553054113814
2026-08-07T20:30:00+00:00,9285.869999999999,9286.38,9284.869999999999,9285.869999999999,16
2026-08-07T20:35:00+00:00,9285.869999999999,9286.39,9284.88,9285.869999999999,11.846829268292682
2026-08-07T20:40:00+00:00,9285.869999999999,9285.88,9284.88,9284.88,12.48501741081193
2026-08-09T23:50:00+00:00,9288.89,9288.89,9254.09,9256.09,143
2026-08-09T23:55:00+00:00,9256.09,9256.58,9246.57,9248.59,113
2026-08-10T00:00:00+00:00,9248.59,9264.49,9230.49,9264.48,558
2026-08-10T00:05:00+00:00,9264.48,9267.48,9252.97,9253.47,368
2026-08-10T00:10:00+00:00,9253.47,9259.99,9246.48,9248.47,232
2026-08-10T00:15:00+00:00,9248.47,9251.49,9240.49,9241.99,231
2026-08-10T00:20:00+00:00,9241.99,9243.99,9233.47,9237.49,184
2026-08-10T00:25:00+00:00,9237.49,9241.48,9233.47,9233.98,167
2026-08-10T00:30:00+00:00,9233.98,9238.48,9228.49,9233.47,187
2026-08-10T00:35:00+00:00,9233.47,9236.97,9225.99,9233.48,139
2026-08-10T00:40:00+00:00,9233.48,9236.49,9229.47,9230.97,105
2026-08-10T00:45:00+00:00,9230.97,9231.47,9224.47,9224.47,132
2026-08-10T00:50:00+00:00,9224.47,9225.99,9214.48,9215.48,149
2026-08-10T00:55:00+00:00,9215.48,9220.49,9213.47,9215.48,131
2026-08-10T01:00:00+00:00,9215.48,9215.48,9202.97,9204.49,183
2026-08-10T01:05:00+00:00,9204.49,9217.47,9201.49,9212.47,249
2026-08-10T01:10:00+00:00,9212.47,9213.47,9206.97,9210.98,152
2026-08-10T01:15:00+00:00,9210.98,9218.48,9209.47,9212.97,185
2026-08-10T01:20:00+00:00,9212.97,9220.48,9212.97,9214.49,154
2026-08-10T01:25:00+00:00,9214.49,9216.99,9212.47,9213.49,97
2026-08-10T01:30:00+00:00,9213.49,9217.49,9207.98,9215.48,137
2026-08-10T01:35:00+00:00,9215.48,9223.49,9214.97,9222.98,115
2026-08-10T01:40:00+00:00,9222.98,9226.99,9218.49,9226.99,90
2026-08-10T01:45:00+00:00,9226.99,9229.98,9224.47,9226.98,71
2026-08-10T01:50:00+00:00,9226.98,9234.48,9226.97,9231.49,86
2026-08-10T01:55:00+00:00,9231.49,9233.49,9229.48,9231.47,76
2026-08-10T02:00:00+00:00,9231.47,9234.49,9223.97,9224.48,82
2026-08-10T02:05:00+00:00,9224.48,9228.48,9219.97,9220.49,51
2026-08-10T02:10:00+00:00,9220.49,9221.47,9215.47,9215.98,73
2026-08-10T02:15:00+00:00,9215.98,9217.48,9214.98,9216.98,42
2026-08-10T02:20:00+00:00,9216.98,9222.47,9216.98,9219.97,66
2026-08-10T02:25:00+00:00,9219.97,9221.49,9216.97,9217.47,40
2026-08-10T02:30:00+00:00,9217.47,9220.98,9215.97,9216.48,88
2026-08-10T02:35:00+00:00,9216.48,9220.47,9216.48,9219.47,47
2026-08-10T02:40:00+00:00,9219.47,9220.48,9218.97,9219.47,33
2026-08-10T02:45:00+00:00,9219.47,9220.47,9215.48,9215.49,36
2026-08-10T02:50:00+00:00,9215.49,9216.49,9214.48,9214.49,31
2026-08-10T02:55:00+00:00,9214.49,9220.49,9214.47,9219.48,60
2026-08-10T03:00:00+00:00,9219.48,9223.49,9219.48,9221.97,54
2026-08-10T03:05:00+00:00,9221.97,9222.48,9219.48,9220.47,32
2026-08-10T03:10:00+00:00,9220.47,9224.48,9220.47,9223.49,51.35805626598466
2026-08-10T03:15:00+00:00,9223.49,9227.49,9220.97,9226.47,73
2026-08-10T03:20:00+00:00,9226.47,9228.97,9224.47,9228.97,37
2026-08-10T03:25:00+00:00,9228.97,9233.99,9228.97,9229.99,45
2026-08-10T03:30:00+00:00,9229.99,9234.48,9228.97,9231.49,41
2026-08-10T03:35:00+00:00,9231.49,9231.49,9227.48,9229.49,42
2026-08-10T03:40:00+00:00,9229.49,9229.49,9226.97,9228.98,35
2026-08-10T03:45:00+00:00,9228.98,9229.98,9226.47,9229.47,46
2026-08-10T03:50:00+00:00,9229.47,9230.49,9225.97,9225.98,40
2026-08-10T03:55:00+00:00,9225.98,9226.47,9221.97,9221.97,24
2026-08-10T04:00:00+00:00,9221.97,9222.99,9217.49,9217.49,49.51394422310757
2026-08-10T04:05:00+00:00,9217.49,9219.98,9213.49,9215.48,55
2026-08-10T04:10:00+00:00,9215.48,9221.49,9215.48,9220.49,58
2026-08-10T04:15:00+00:00,9220.49,9227.47,9219.97,9226.99,48
2026-08-10T04:20:00+00:00,9226.99,9228.47,9223.48,9223.48,29
2026-08-10T04:25:00+00:00,9223.48,9223.97,9220.99,9221.47,46
2026-08-10T04:30:00+00:00,9221.47,9223.49,9220.47,9222.47,30
2026-08-10T04:35:00+00:00,9222.47,9223.49,9219.47,9222.49,44
2026-08-10T04:40:00+00:00,9222.49,9222.99,9218.47,9222.47,46
2026-08-10T04:45:00+00:00,9222.47,9224.48,9221.47,9222.99,30
2026-08-10T04:50:00+00:00,9222.99,9230.48,9222.99,9229.49,37
2026-08-10T04:55:00+00:00,9229.49,9231.49,9228.48,9231.49,26
2026-08-10T05:00:00+00:00,9231.49,9234.48,9230.47,9234.48,49
2026-08-10T05:05:00+00:00,9234.48,9237.49,9233.49,9235.99,31
2026-08-10T05:10:00+00:00,9235.99,9235.99,9229.49,9230.99,45
2026-08-10T05:15:00+00:00,9230.99,9232.49,9229.47,9232.48,26
2026-08-10T05:20:00+00:00,9232.48,9237.49,9232.47,9235.49,34
2026-08-10T05:25:00+00:00,9235.49,9236.49,9235.47,9236.49,32.3421052631579
2026-08-10T05:30:00+00:00,9236.49,9237.49,9232.97,9232.97,36
2026-08-10T05:35:00+00:00,9232.97,9234.49,9230.98,9232.98,35
2026-08-10T05:40:00+00:00,9232.98,9233.49,9230.47,9231.98,40
2026-08-10T05:45:00+00:00,9231.98,9234.48,9230.98,9233.99,29
2026-08-10T05:50:00+00:00,9233.99,9236.49,9233.48,9234.48,38
2026-08-10T05:55:00+00:00,9234.48,9236.49,9232.48,9233.97,48
2026-08-10T06:00:00+00:00,9233.97,9234.08,9228.07,9229.57,76
2026-08-10T06:05:00+00:00,9229.57,9235.09,9229.57,9229.57,99
2026-08-10T06:10:00+00:00,9229.57,9232.07,9228.57,9230.09,66
2026-08-10T06:15:00+00:00,9230.09,9232.08,9229.07,9230.57,36
2026-08-10T06:20:00+00:00,9230.57,9235.58,9229.07,9235.09,73
2026-08-10T06:25:00+00:00,9235.09,9237.87,9230.57,9236.89,103
2026-08-10T07:10:00+00:00,9236.89,9245.59,9236.37,9240.57,90
2026-08-10T07:15:00+00:00,9240.57,9245.59,9240.09,9244.09,37
2026-08-10T07:20:00+00:00,9244.09,9251.08,9243.07,9251.08,44
2026-08-10T07:25:00+00:00,9251.08,9252.59,9245.07,9252.09,52
2026-08-10T07:30:00+00:00,9252.09,9254.08,9251.07,9253.07,36
2026-08-10T07:35:00+00:00,9253.07,9254.08,9251.57,9251.57,52
2026-08-10T07:40:00+00:00,9251.57,9255.59,9251.07,9255.08,40
2026-08-10T07:45:00+00:00,9255.08,9258.59,9251.08,9251.08,117
2026-08-10T07:50:00+00:00,9251.08,9255.09,9250.57,9255.09,37
2026-08-10T07:55:00+00:00,9255.09,9256.09,9252.07,9253.58,17
2026-08-10T08:00:00+00:00,9253.58,9256.09,9251.07,9252.08,65.41025641025641
2026-08-10T08:05:00+00:00,9252.08,9252.08,9248.07,9248.58,42
2026-08-10T08:10:00+00:00,9248.58,9250.09,9248.08,9249.08,39
2026-08-10T08:15:00+00:00,9249.08,9253.09,9249.08,9252.58,34.17376605814739
2026-08-10T08:20:00+00:00,9252.58,9253.09,9248.07,9249.08,37
2026-08-10T08:25:00+00:00,9249.08,9250.59,9248.07,9248.08,36
2026-08-10T08:30:00+00:00,9248.08,9250.08,9247.07,9249.58,56
2026-08-10T08:35:00+00:00,9249.58,9249.58,9246.08,9246.08,28.672727272727272
2026-08-10T08:40:00+00:00,9246.08,9247.09,9243.58,9244.59,16
2026-08-10T08:45:00+00:00,9244.59,9245.08,9243.57,9243.57,16
2026-08-10T08:50:00+00:00,9243.57,9243.59,9241.07,9241.09,18.378711078928312
2026-08-10T08:55:00+00:00,9241.09,9242.59,9239.08,9239.57,27.4093567251462
2026-08-10T09:00:00+00:00,9239.57,9240.59,9237.07,9237.09,34
2026-08-10T09:05:00+00:00,9237.09,9239.08,9237.07,9237.58,33
2026-08-10T09:10:00+00:00,9237.58,9238.58,9237.07,9238.08,36
2026-08-10T09:15:00+00:00,9238.08,9238.09,9235.07,9235.59,10
2026-08-10T09:20:00+00:00,9235.59,9239.08,9235.07,9239.08,29
2026-08-10T09:25:00+00:00,9239.08,9241.08,9238.07,9240.59,29
2026-08-10T09:30:00+00:00,9240.59,9240.59,9238.07,9239.57,23
2026-08-10T09:35:00+00:00,9239.57,9239.57,9235.07,9236.59,32
2026-08-10T09:40:00+00:00,9236.59,9236.59,9235.07,9235.58,24
2026-08-10T09:45:00+00:00,9235.58,9237.09,9235.07,9236.09,27
2026-08-10T09:50:00+00:00,9236.09,9237.59,9235.07,9237.07,25
2026-08-10T09:55:00+00:00,9237.07,9238.08,9236.09,9237.08,29
2026-08-10T10:00:00+00:00,9237.08,9237.08,9232.57,9236.57,43
2026-08-10T10:05:00+00:00,9236.57,9238.09,9236.57,9236.57,41
2026-08-10T10:10:00+00:00,9236.57,9237.59,9235.07,9235.07,36
2026-08-10T10:15:00+00:00,9235.07,9238.09,9235.07,9238.08,15
2026-08-10T10:20:00+00:00,9238.08,9240.57,9238.08,9238.09,39
2026-08-10T10:25:00+00:00,9238.09,9239.09,9236.57,9237.09,28.29185727355901
2026-08-10T10:30:00+00:00,9237.09,9237.09,9235.58,9237.09,25
2026-08-10T10:35:00+00:00,9237.09,9237.09,9233.08,9235.58,50
2026-08-10T10:40:00+00:00,9235.58,9236.07,9233.57,9235.59,41
2026-08-10T10:45:00+00:00,9235.59,9236.09,9234.07,9234.59,21
2026-08-10T10:50:00+00:00,9234.59,9235.59,9232.08,9232.09,26
2026-08-10T10:55:00+00:00,9232.09,9232.09,9230.08,9232.07,50
2026-08-10T11:00:00+00:00,9232.07,9233.09,9226.59,9227.07,75
2026-08-10T11:05:00+00:00,9227.07,9232.08,9227.07,9232.08,35
2026-08-10T11:10:00+00:00,9232.08,9232.59,9228.08,9229.09,34
2026-08-10T11:15:00+00:00,9229.09,9231.09,9228.57,9229.59,44
2026-08-10T11:20:00+00:00,9229.59,9234.08,9229.59,9234.08,34
2026-08-10T11:25:00+00:00,9234.08,9237.08,9234.08,9236.57,20
2026-08-10T11:30:00+00:00,9236.57,9239.58,9235.57,9238.57,38
2026-08-10T11:35:00+00:00,9238.57,9238.57,9233.09,9236.08,32.22327790973872
2026-08-10T11:40:00+00:00,9236.08,9237.08,9233.09,9233.09,28
2026-08-10T11:45:00+00:00,9233.09,9234.09,9231.57,9231.57,54
2026-08-10T11:50:00+00:00,9231.57,9238.09,9231.08,9238.09,29
2026-08-10T11:55:00+00:00,9238.09,9240.09,9237.58,9239.57,31
2026-08-10T12:00:00+00:00,9239.57,9241.09,9237.07,9239.57,52
2026-08-10T12:05:00+00:00,9239.57,9243.58,9239.57,9243.07,39
2026-08-10T12:10:00+00:00,9243.07,9243.59,9238.07,9238.09,22
2026-08-10T12:15:00+00:00,9238.09,9239.59,9236.07,9239.08,64
2026-08-10T12:20:00+00:00,9239.08,9240.08,9235.08,9236.08,43
2026-08-10T12:25:00+00:00,9236.08,9237.59,9235.08,9237.07,35
2026-08-10T12:30:00+00:00,9237.07,9238.07,9234.07,9234.07,38
2026-08-10T12:35:00+00:00,9234.07,9237.09,9231.08,9231.08,37
2026-08-10T12:40:00+00:00,9231.08,9231.59,9226.08,9227.08,71
2026-08-10T12:45:00+00:00,9227.08,9228.59,9226.07,9226.07,42
2026-08-10T12:50:00+00:00,9226.07,9226.58,9221.08,9222.58,71
2026-08-10T12:55:00+00:00,9222.58,9230.08,9222.07,9230.08,71
2026-08-10T13:00:00+00:00,9230.08,9230.59,9226.59,9229.09,39
2026-08-10T13:05:00+00:00,9229.09,9229.09,9225.57,9227.08,38
2026-08-10T13:10:00+00:00,9227.08,9228.09,9223.08,9223.08,24
2026-08-10T13:15:00+00:00,9223.08,9225.58,9223.08,9224.08,40
2026-08-10T13:20:00+00:00,9224.08,9227.09,9222.57,9223.09,49
2026-08-10T13:25:00+00:00,9223.09,9224.09,9221.07,9224.09,71
2026-08-10T13:30:00+00:00,9224.09,9224.09,9214.07,9220.59,276
2026-08-10T13:35:00+00:00,9220.59,9228.08,9219.58,9228.08,119
2026-08-10T13:40:00+00:00,9228.08,9228.59,9218.08,9219.07,106
2026-08-10T13:45:00+00:00,9219.07,9221.57,9215.57,9219.57,122
2026-08-10T13:50:00+00:00,9219.57,9222.09,9210.57,9214.59,142
2026-08-10T13:55:00+00:00,9214.59,9214.59,9208.08,9209.07,75
2026-08-10T14:00:00+00:00,9209.07,9215.08,9208.07,9213.09,108
2026-08-10T14:05:00+00:00,9213.09,9215.08,9209.07,9210.07,81
2026-08-10T14:10:00+00:00,9210.07,9214.58,9209.09,9213.59,84
2026-08-10T14:15:00+00:00,9213.59,9214.58,9211.07,9213.57,88
2026-08-10T14:20:00+00:00,9213.57,9215.09,9212.07,9214.59,34
2026-08-10T14:25:00+00:00,9214.59,9221.09,9214.07,9220.57,48
2026-08-10T14:30:00+00:00,9220.57,9223.58,9219.58,9223.09,32
2026-08-10T14:35:00+00:00,9223.09,9223.09,9218.07,9218.08,97
2026-08-10T14:40:00+00:00,9218.08,9223.07,9216.58,9220.08,55
2026-08-10T14:45:00+00:00,9220.08,9223.09,9219.07,9220.09,101
2026-08-10T14:50:00+00:00,9220.09,9222.09,9218.07,9218.07,69
2026-08-10T14:55:00+00:00,9218.07,9219.09,9215.59,9218.57,95
2026-08-10T15:00:00+00:00,9218.57,9221.08,9216.07,9218.59,72
2026-08-10T15:05:00+00:00,9218.59,9219.58,9216.57,9217.09,34
2026-08-10T15:10:00+00:00,9217.09,9222.08,9216.57,9221.07,65
2026-08-10T15:15:00+00:00,9221.07,9225.59,9221.07,9223.58,66
2026-08-10T15:20:00+00:00,9223.58,9227.08,9223.07,9224.58,66
2026-08-10T15:25:00+00:00,9224.58,9228.09,9222.07,9227.07,81
2026-08-10T15:30:00+00:00,9227.07,9229.09,9223.07,9223.07,111
2026-08-10T15:35:00+00:00,9223.07,9225.59,9222.08,9223.57,51
2026-08-10T15:40:00+00:00,9223.57,9227.08,9223.07,9227.08,42
2026-08-10T15:45:00+00:00,9227.08,9229.09,9225.07,9228.07,64
2026-08-10T15:50:00+00:00,9228.07,9236.07,9228.07,9234.09,43
2026-08-10T15:55:00+00:00,9234.09,9235.09,9232.08,9235.09,53.42081447963801
2026-08-10T16:00:00+00:00,9235.09,9235.09,9230.08,9230.08,31
2026-08-10T16:05:00+00:00,9230.08,9233.57,9230.08,9233.08,28
2026-08-10T16:10:00+00:00,9233.08,9233.09,9230.09,9231.08,26
2026-08-10T16:15:00+00:00,9231.08,9231.09,9228.57,9230.57,35
2026-08-10T16:20:00+00:00,9230.57,9232.09,9230.09,9232.08,37
2026-08-10T16:25:00+00:00,9232.08,9233.57,9231.09,9232.58,28
2026-08-10T16:30:00+00:00,9232.58,9233.08,9222.08,9228.58,156
2026-08-10T16:35:00+00:00,9228.58,9232.08,9228.58,9230.09,43
2026-08-10T16:40:00+00:00,9230.09,9230.09,9226.08,9227.58,58
2026-08-10T16:45:00+00:00,9227.58,9229.09,9226.57,9228.59,48
2026-08-10T16:50:00+00:00,9228.59,9229.09,9228.07,9229.07,49
2026-08-10T16:55:00+00:00,9229.07,9230.09,9228.08,9230.07,52
2026-08-10T17:00:00+00:00,9230.07,9230.08,9227.07,9227.09,46
2026-08-10T17:05:00+00:00,9227.09,9227.58,9225.08,9226.57,37
2026-08-10T17:10:00+00:00,9226.57,9228.08,9224.58,9225.58,24
2026-08-10T17:15:00+00:00,9225.58,9226.09,9225.08,9226.09,15
2026-08-10T17:20:00+00:00,9226.09,9227.09,9224.57,9224.57,42
2026-08-10T17:25:00+00:00,9224.57,9226.09,9224.07,9225.59,32
2026-08-10T17:30:00+00:00,9225.59,9228.09,9225.09,9227.07,40
2026-08-10T17:35:00+00:00,9227.07,9227.59,9225.07,9226.08,22
2026-08-10T17:40:00+00:00,9226.08,9228.09,9225.57,9226.08,29
2026-08-10T17:45:00+00:00,9226.08,9228.09,9224.57,9227.08,30
2026-08-10T17:50:00+00:00,9227.08,9227.59,9226.09,9227.09,30
2026-08-10T17:55:00+00:00,9227.09,9228.09,9226.07,9228.07,37
2026-08-10T18:00:00+00:00,9228.07,9230.09,9226.09,9230.09,34
2026-08-10T18:05:00+00:00,9230.09,9230.09,9228.59,9229.08,18
2026-08-10T18:10:00+00:00,9229.08,9230.09,9227.07,9227.07,19
2026-08-10T18:15:00+00:00,9227.07,9228.08,9226.07,9226.07,29
2026-08-10T18:20:00+00:00,9226.07,9227.09,9225.07,9227.08,24
2026-08-10T18:25:00+00:00,9227.08,9228.09,9226.08,9228.09,16
2026-08-10T18:30:00+00:00,9228.09,9229.09,9225.09,9228.07,50
2026-08-10T18:35:00+00:00,9228.07,9229.08,9227.08,9229.08,12
2026-08-10T18:40:00+00:00,9229.08,9231.08,9229.07,9231.08,24.748576078112286
2026-08-10T18:45:00+00:00,9231.08,9231.59,9230.07,9230.09,10
2026-08-10T18:50:00+00:00,9230.09,9231.09,9230.07,9230.08,8
2026-08-10T18:55:00+00:00,9230.08,9231.09,9229.57,9231.07,17.654813529921945
2026-08-10T19:00:00+00:00,9231.07,9231.09,9228.57,9230.58,29.209322779243625
2026-08-10T19:05:00+00:00,9230.58,9233.09,9230.58,9233.07,14
2026-08-10T19:10:00+00:00,9233.07,9233.58,9232.07,9233.09,14
2026-08-10T19:15:00+00:00,9233.09,9234.09,9232.07,9234.08,31
2026-08-10T19:20:00+00:00,9234.08,9237.09,9234.07,9236.58,15
2026-08-10T19:25:00+00:00,9236.58,9236.58,9233.57,9234.09,34
2026-08-10T19:30:00+00:00,9234.09,9235.08,9232.07,9234.57,31
2026-08-10T19:35:00+00:00,9234.57,9237.09,9233.58,9237.09,15
2026-08-10T19:40:00+00:00,9237.09,9239.08,9236.58,9237.09,13
2026-08-10T19:45:00+00:00,9237.09,9238.09,9236.08,9237.09,22
2026-08-10T19:50:00+00:00,9237.09,9237.09,9234.07,9235.08,35
2026-08-10T19:55:00+00:00,9235.08,9236.08,9231.08,9234.58,58
2026-08-10T20:00:00+00:00,9234.58,9235.58,9234.07,9234.07,19
2026-08-10T20:05:00+00:00,9234.07,9235.09,9233.59,9235.09,8
2026-08-10T20:10:00+00:00,9235.09,9235.09,9233.57,9233.57,7
2026-08-10T20:15:00+00:00,9233.57,9233.58,9232.58,9232.58,7
2026-08-10T20:20:00+00:00,9232.58,9233.58,9232.57,9233.58,14
2026-08-10T20:25:00+00:00,9233.58,9234.09,9233.07,9234.07,10
2026-08-10T20:30:00+00:00,9234.07,9234.58,9234.07,9234.09,4
2026-08-10T20:35:00+00:00,9234.09,9234.09,9233.07,9233.07,6
2026-08-10T20:40:00+00:00,9233.07,9233.09,9233.07,9233.08,6
2026-08-10T20:45:00+00:00,9233.08,9233.59,9233.07,9233.07,11
2026-08-10T20:50:00+00:00,9233.07,9234.08,9232.09,9234.07,10
2026-08-10T20:55:00+00:00,9234.07,9237.87,9234.07,9237.87,11
2026-08-10T23:00:00+00:00,9233.61,9233.61,9231.61,9231.61,14.789574661343337
2026-08-10T23:05:00+00:00,9231.61,9233.61,9230.61,9233.61,20.636184206593953
2026-08-10T23:10:00+00:00,9233.61,9233.61,9232.61,9233.61,9.406036685585967
2026-08-10T23:15:00+00:00,9233.61,9233.61,9232.61,9232.61,13.10645423519001
2026-08-10T23:20:00+00:00,9232.61,9232.61,9228.61,9229.61,25.384276664614685
2026-08-10T23:25:00+00:00,9229.61,9231.61,9229.61,9230.61,12.1665152529282
2026-08-10T23:30:00+00:00,9230.61,9230.61,9225.61,9226.61,28.043598799048457
2026-08-10T23:35:00+00:00,9226.61,9234.61,9226.61,9234.61,15.738754425627617
2026-08-10T23:40:00+00:00,9234.61,9237.61,9234.61,9236.61,15.815291148119815
2026-08-10T23:45:00+00:00,9236.61,9237.61,9226.61,9231.61,132.67209893488592
2026-08-10T23:50:00+00:00,9231.61,9233.11,9205.039999999999,9205.039999999999,85.4655172413793
2026-08-10T23:55:00+00:00,9205.039999999999,9221.53,9202.52,9221.02,102
2026-08-11T00:00:00+00:00,9221.02,9240.93,9220.94,9236.44,531
2026-08-11T00:05:00+00:00,9236.44,9237.44,9225.93,9231.94,314
2026-08-11T00:10:00+00:00,9231.94,9233.93,9223.93,9231.44,227
2026-08-11T00:15:00+00:00,9231.44,9231.94,9224.42,9224.93,201
2026-08-11T00:20:00+00:00,9224.93,9229.93,9222.92,9226.44,157
2026-08-11T00:25:00+00:00,9226.44,9235.44,9223.93,9232.94,122
2026-08-11T00:30:00+00:00,9232.94,9241.94,9230.94,9239.93,159
2026-08-11T00:35:00+00:00,9239.93,9242.42,9237.92,9238.44,97
2026-08-11T00:40:00+00:00,9238.44,9249.93,9236.94,9248.93,121
2026-08-11T00:45:00+00:00,9248.93,9251.93,9244.92,9246.42,94
2026-08-11T00:50:00+00:00,9246.42,9249.44,9236.93,9237.43,73
2026-08-11T00:55:00+00:00,9237.43,9241.94,9236.92,9241.94,70
2026-08-11T01:00:00+00:00,9241.94,9243.94,9238.42,9242.43,145
2026-08-11T01:05:00+00:00,9242.43,9244.94,9241.92,9243.94,94
2026-08-11T01:10:00+00:00,9243.94,9246.94,9241.42,9242.92,71
2026-08-11T01:15:00+00:00,9242.92,9246.93,9241.94,9243.92,59
2026-08-11T01:20:00+00:00,9243.92,9250.42,9242.93,9250.42,91
2026-08-11T01:25:00+00:00,9250.42,9250.94,9244.92,9248.44,81
2026-08-11T01:30:00+00:00,9248.44,9254.44,9248.44,9252.44,76
2026-08-11T01:35:00+00:00,9252.44,9253.94,9247.93,9248.92,67
2026-08-11T01:40:00+00:00,9248.92,9248.93,9242.92,9243.42,74
2026-08-11T01:45:00+00:00,9243.42,9245.43,9239.93,9245.43,80
2026-08-11T01:50:00+00:00,9245.43,9247.94,9242.92,9247.93,72
2026-08-11T01:55:00+00:00,9247.93,9248.94,9243.92,9243.92,61
2026-08-11T02:00:00+00:00,9243.92,9244.94,9235.93,9241.94,98
2026-08-11T02:05:00+00:00,9241.94,9241.94,9236.92,9238.42,64
2026-08-11T02:10:00+00:00,9238.42,9242.94,9238.42,9239.93,103
2026-08-11T02:15:00+00:00,9239.93,9241.93,9237.94,9241.43,51
2026-08-11T02:20:00+00:00,9241.43,9241.43,9236.42,9237.94,39
2026-08-11T02:25:00+00:00,9237.94,9249.42,9236.92,9248.92,50
2026-08-11T02:30:00+00:00,9248.92,9254.94,9248.92,9254.94,50
2026-08-11T02:35:00+00:00,9254.94,9255.94,9249.92,9250.94,80
2026-08-11T02:40:00+00:00,9250.94,9255.92,9250.94,9254.93,40
2026-08-11T02:45:00+00:00,9254.93,9254.93,9248.94,9248.94,30
2026-08-11T02:50:00+00:00,9248.94,9252.44,9247.94,9249.92,50
2026-08-11T02:55:00+00:00,9249.92,9250.44,9246.92,9246.92,34
2026-08-11T03:00:00+00:00,9246.92,9251.44,9246.92,9250.93,28
2026-08-11T03:05:00+00:00,9250.93,9252.93,9249.93,9249.93,30
2026-08-11T03:10:00+00:00,9249.93,9252.92,9248.92,9249.43,34
2026-08-11T03:15:00+00:00,9249.43,9251.94,9248.94,9251.42,30
2026-08-11T03:20:00+00:00,9251.42,9258.43,9250.94,9257.94,43
2026-08-11T03:25:00+00:00,9257.94,9260.42,9256.93,9257.92,48
2026-08-11T03:30:00+00:00,9257.92,9258.93,9252.44,9252.94,55
2026-08-11T03:35:00+00:00,9252.94,9253.94,9252.44,9253.93,34
2026-08-11T03:40:00+00:00,9253.93,9254.44,9249.92,9249.92,25
2026-08-11T03:45:00+00:00,9249.92,9253.44,9248.92,9253.42,20
2026-08-11T03:50:00+00:00,9253.42,9253.44,9249.43,9249.94,26
2026-08-11T03:55:00+00:00,9249.94,9251.44,9246.92,9246.92,33
2026-08-11T04:00:00+00:00,9246.92,9251.94,9246.92,9249.93,42
2026-08-11T04:05:00+00:00,9249.93,9249.94,9246.92,9247.94,64
2026-08-11T04:10:00+00:00,9247.94,9252.94,9247.92,9251.93,25
2026-08-11T04:15:00+00:00,9251.93,9252.94,9250.42,9250.42,35
2026-08-11T04:20:00+00:00,9250.42,9255.43,9250.42,9255.42,29
2026-08-11T04:25:00+00:00,9255.42,9256.92,9247.92,9248.93,139
2026-08-11T04:30:00+00:00,9248.93,9280.94,9248.42,9265.93,621
2026-08-11T04:35:00+00:00,9265.93,9267.43,9255.93,9263.44,175
2026-08-11T04:40:00+00:00,9263.44,9268.93,9259.44,9265.94,111
2026-08-11T04:45:00+00:00,9265.94,9271.44,9265.42,9269.93,85
2026-08-11T04:50:00+00:00,9269.93,9271.44,9262.44,9262.44,68
2026-08-11T04:55:00+00:00,9262.44,9264.93,9261.42,9261.42,30
2026-08-11T05:00:00+00:00,9261.42,9261.94,9254.94,9257.44,55
2026-08-11T05:05:00+00:00,9257.44,9257.44,9251.94,9254.93,83
2026-08-11T05:10:00+00:00,9254.93,9255.94,9252.43,9255.44,49
2026-08-11T05:15:00+00:00,9255.44,9258.44,9254.92,9256.93,50
2026-08-11T05:20:00+00:00,9256.93,9260.42,9254.92,9258.42,62
2026-08-11T05:25:00+00:00,9258.42,9262.92,9257.93,9260.44,69
2026-08-11T05:30:00+00:00,9260.44,9260.94,9252.92,9258.93,92
2026-08-11T05:35:00+00:00,9258.93,9259.94,9256.92,9257.94,61
2026-08-11T05:40:00+00:00,9257.94,9259.94,9253.93,9253.93,66
2026-08-11T05:45:00+00:00,9253.93,9253.93,9246.92,9248.94,62
2026-08-11T05:50:00+00:00,9248.94,9250.44,9241.92,9241.92,121
2026-08-11T05:55:00+00:00,9241.92,9246.44,9238.93,9244.94,141
2026-08-11T06:00:00+00:00,9244.94,9244.94,9236.03,9240.039999999999,142
2026-08-11T06:05:00+00:00,9240.039999999999,9247.539999999999,9240.039999999999,9242.539999999999,107
2026-08-11T06:10:00+00:00,9242.539999999999,9249.52,9241.53,9242.03,113
2026-08-11T06:15:00+00:00,9242.03,9242.03,9237.52,9237.52,22
2026-08-11T06:20:00+00:00,9237.52,9238.53,9234.52,9234.53,107
2026-08-11T06:25:00+00:00,9234.53,9237.32,9232.03,9236.34,66
2026-08-11T07:10:00+00:00,9244.1,9244.3,9231.78,9231.78,120
2026-08-11T07:15:00+00:00,9231.78,9233.3,9229.29,9231.28,76
2026-08-11T07:20:00+00:00,9231.28,9231.78,9226.28,9227.29,94
2026-08-11T07:25:00+00:00,9227.29,9230.8,9225.28,9227.79,68
2026-08-11T07:30:00+00:00,9227.79,9236.3,9227.79,9236.3,93
2026-08-11T07:35:00+00:00,9236.3,9241.28,9236.29,9238.29,42
2026-08-11T07:40:00+00:00,9238.29,9238.8,9236.29,9237.78,52
2026-08-11T07:45:00+00:00,9237.78,9237.8,9233.78,9234.28,70
2026-08-11T07:50:00+00:00,9234.28,9237.3,9233.79,9234.3,46
2026-08-11T07:55:00+00:00,9234.3,9237.29,9234.29,9236.28,32
2026-08-11T08:00:00+00:00,9236.28,9243.3,9235.28,9241.28,103
2026-08-11T08:05:00+00:00,9241.28,9241.28,9234.28,9234.8,87
2026-08-11T08:10:00+00:00,9234.8,9237.29,9230.79,9231.28,64
2026-08-11T08:15:00+00:00,9231.28,9236.29,9229.78,9232.78,68
2026-08-11T08:20:00+00:00,9232.78,9234.8,9229.8,9230.79,94
2026-08-11T08:25:00+00:00,9230.79,9233.29,9230.3,9231.3,80
2026-08-11T08:30:00+00:00,9231.3,9238.28,9231.28,9236.3,75
2026-08-11T08:35:00+00:00,9236.3,9240.8,9236.3,9239.29,46
2026-08-11T08:40:00+00:00,9239.29,9245.28,9239.28,9244.28,61
2026-08-11T08:45:00+00:00,9244.28,9245.79,9241.28,9242.79,38
2026-08-11T08:50:00+00:00,9242.79,9244.28,9241.78,9241.78,43
2026-08-11T08:55:00+00:00,9241.78,9241.8,9236.28,9236.3,40
2026-08-11T09:00:00+00:00,9236.3,9242.3,9234.28,9242.3,48
2026-08-11T09:05:00+00:00,9242.3,9242.8,9234.78,9234.78,71
2026-08-11T09:10:00+00:00,9234.78,9236.79,9234.78,9236.79,48
2026-08-11T09:15:00+00:00,9236.79,9241.28,9236.3,9240.29,39
2026-08-11T09:20:00+00:00,9240.29,9243.79,9240.29,9240.78,48
2026-08-11T09:25:00+00:00,9240.78,9240.8,9236.78,9237.28,54
2026-08-11T09:30:00+00:00,9237.28,9242.3,9237.28,9240.3,64
2026-08-11T09:35:00+00:00,9240.3,9241.3,9238.79,9240.29,38
2026-08-11T09:40:00+00:00,9240.29,9243.3,9239.78,9240.29,43
2026-08-11T09:45:00+00:00,9240.29,9242.3,9240.29,9241.3,60
2026-08-11T09:50:00+00:00,9241.3,9244.8,9239.3,9242.79,52
2026-08-11T09:55:00+00:00,9242.79,9243.8,9241.78,9242.3,40
2026-08-11T10:00:00+00:00,9242.3,9243.8,9239.29,9240.78,61
2026-08-11T10:05:00+00:00,9240.78,9242.8,9239.78,9242.28,54
2026-08-11T10:10:00+00:00,9242.28,9245.3,9242.28,9242.29,47
2026-08-11T10:15:00+00:00,9242.29,9245.8,9242.29,9245.29,33
2026-08-11T10:20:00+00:00,9245.29,9250.3,9244.79,9248.8,125
2026-08-11T10:25:00+00:00,9248.8,9252.8,9248.28,9248.79,133
2026-08-11T10:30:00+00:00,9248.79,9250.3,9248.28,9250.28,75
2026-08-11T10:35:00+00:00,9250.28,9250.78,9248.28,9248.28,52
2026-08-11T10:40:00+00:00,9248.28,9250.8,9248.28,9250.8,32
2026-08-11T10:45:00+00:00,9250.8,9252.8,9249.78,9252.8,35
2026-08-11T10:50:00+00:00,9252.8,9252.8,9251.28,9251.28,33
2026-08-11T10:55:00+00:00,9251.28,9251.28,9248.28,9249.8,28
2026-08-11T11:00:00+00:00,9249.8,9266.29,9247.78,9263.3,644
2026-08-11T11:05:00+00:00,9263.3,9263.8,9256.79,9261.29,193
2026-08-11T11:10:00+00:00,9261.29,9264.3,9261.28,9262.79,103
2026-08-11T11:15:00+00:00,9262.79,9264.28,9260.28,9260.8,92
2026-08-11T11:20:00+00:00,9260.8,9261.8,9256.79,9257.29,60
2026-08-11T11:25:00+00:00,9257.29,9260.8,9256.78,9260.79,53
2026-08-11T11:30:00+00:00,9260.79,9262.8,9259.28,9261.78,51
2026-08-11T11:35:00+00:00,9261.78,9264.3,9261.3,9263.28,47
2026-08-11T11:40:00+00:00,9263.28,9263.8,9262.29,9263.3,43
2026-08-11T11:45:00+00:00,9263.3,9263.8,9262.28,9263.79,60
2026-08-11T11:50:00+00:00,9263.79,9265.28,9262.78,9265.28,27
2026-08-11T11:55:00+00:00,9265.28,9265.3,9261.28,9261.79,38
2026-08-11T12:00:00+00:00,9261.79,9261.79,9257.28,9258.8,56
2026-08-11T12:05:00+00:00,9258.8,9262.8,9257.28,9260.78,69
2026-08-11T12:10:00+00:00,9260.78,9261.8,9256.28,9257.3,73.75574523965857
2026-08-11T12:15:00+00:00,9257.3,9257.78,9252.3,9253.28,40
2026-08-11T12:20:00+00:00,9253.28,9253.29,9241.3,9242.8,181
2026-08-11T12:25:00+00:00,9242.8,9244.79,9241.78,9242.78,56
2026-08-11T12:30:00+00:00,9242.78,9244.3,9240.29,9242.29,92
2026-08-11T12:35:00+00:00,9242.29,9248.3,9242.29,9246.28,98
2026-08-11T12:40:00+00:00,9246.28,9247.3,9244.28,9246.3,60
2026-08-11T12:45:00+00:00,9246.3,9246.3,9242.29,9242.79,77
2026-08-11T12:50:00+00:00,9242.79,9243.3,9237.78,9238.3,68
2026-08-11T12:55:00+00:00,9238.3,9239.28,9237.28,9237.78,24
2026-08-11T13:00:00+00:00,9237.78,9246.3,9237.78,9241.29,73
2026-08-11T13:05:00+00:00,9241.29,9243.3,9239.29,9239.29,41
2026-08-11T13:10:00+00:00,9239.29,9239.3,9235.28,9237.79,85
2026-08-11T13:15:00+00:00,9237.79,9238.78,9235.29,9236.8,81
2026-08-11T13:20:00+00:00,9236.8,9239.8,9235.29,9239.3,50
2026-08-11T13:25:00+00:00,9239.3,9245.79,9239.3,9243.28,81
2026-08-11T13:30:00+00:00,9243.28,9248.3,9240.28,9240.78,188
2026-08-11T13:35:00+00:00,9240.78,9251.3,9237.78,9245.28,148
2026-08-11T13:40:00+00:00,9245.28,9253.79,9244.28,9251.28,121
2026-08-11T13:45:00+00:00,9251.28,9258.3,9250.28,9250.78,200
2026-08-11T13:50:00+00:00,9250.78,9252.3,9248.29,9248.78,108
2026-08-11T13:55:00+00:00,9248.78,9252.8,9247.28,9247.78,128
2026-08-11T14:00:00+00:00,9247.78,9251.28,9239.78,9241.29,147
2026-08-11T14:05:00+00:00,9241.29,9243.3,9238.78,9241.79,103
2026-08-11T14:10:00+00:00,9241.79,9242.3,9237.28,9239.3,85
2026-08-11T14:15:00+00:00,9239.3,9240.3,9236.79,9237.8,88
2026-08-11T14:20:00+00:00,9237.8,9242.29,9236.28,9237.79,81
2026-08-11T14:25:00+00:00,9237.79,9239.8,9236.28,9237.3,73
2026-08-11T14:30:00+00:00,9237.3,9237.3,9232.8,9234.28,101
2026-08-11T14:35:00+00:00,9234.28,9239.3,9234.28,9236.3,76
2026-08-11T14:40:00+00:00,9236.3,9236.78,9233.28,9234.3,93
2026-08-11T14:45:00+00:00,9234.3,9240.3,9234.28,9238.3,115
2026-08-11T14:50:00+00:00,9238.3,9238.3,9235.28,9237.3,90
2026-08-11T14:55:00+00:00,9237.3,9238.3,9234.28,9235.3,84
2026-08-11T15:00:00+00:00,9235.3,9240.29,9235.3,9238.29,68
2026-08-11T15:05:00+00:00,9238.29,9238.29,9231.78,9233.29,59
2026-08-11T15:10:00+00:00,9233.29,9236.29,9232.8,9233.28,59
2026-08-11T15:15:00+00:00,9233.28,9233.3,9226.28,9227.78,111
2026-08-11T15:20:00+00:00,9227.78,9232.3,9226.28,9226.3,71
2026-08-11T15:25:00+00:00,9226.3,9227.8,9224.29,9225.8,95
2026-08-11T15:30:00+00:00,9225.8,9227.29,9218.28,9219.3,194
2026-08-11T15:35:00+00:00,9219.3,9222.29,9217.3,9218.28,143
2026-08-11T15:40:00+00:00,9218.28,9219.28,9215.79,9217.28,83
2026-08-11T15:45:00+00:00,9217.28,9219.8,9217.28,9218.29,69
2026-08-11T15:50:00+00:00,9218.29,9219.3,9215.78,9215.79,41
2026-08-11T15:55:00+00:00,9215.79,9219.8,9215.79,9218.28,55
2026-08-11T16:00:00+00:00,9218.28,9223.8,9217.3,9222.3,72
2026-08-11T16:05:00+00:00,9222.3,9224.3,9222.29,9223.28,49
2026-08-11T16:10:00+00:00,9223.28,9224.29,9221.3,9221.8,33
2026-08-11T16:15:00+00:00,9221.8,9224.3,9220.8,9220.8,45
2026-08-11T16:20:00+00:00,9220.8,9223.3,9218.79,9219.28,34
2026-08-11T16:25:00+00:00,9219.28,9220.3,9218.28,9220.28,62
2026-08-11T16:30:00+00:00,9220.28,9220.28,9216.28,9217.29,44
2026-08-11T16:35:00+00:00,9217.29,9219.8,9216.78,9218.28,33
2026-08-11T16:40:00+00:00,9218.28,9218.3,9216.29,9218.29,32
2026-08-11T16:45:00+00:00,9218.29,9218.29,9216.28,9217.79,63
2026-08-11T16:50:00+00:00,9217.79,9218.3,9216.28,9217.79,26
2026-08-11T16:55:00+00:00,9217.79,9218.28,9215.28,9215.3,30
2026-08-11T17:00:00+00:00,9215.3,9217.3,9214.28,9215.28,43
2026-08-11T17:05:00+00:00,9215.28,9218.28,9215.28,9215.29,40
2026-08-11T17:10:00+00:00,9215.29,9216.29,9212.79,9213.28,56
2026-08-11T17:15:00+00:00,9213.28,9214.78,9212.28,9213.29,36
2026-08-11T17:20:00+00:00,9213.29,9215.29,9210.29,9212.28,66
2026-08-11T17:25:00+00:00,9212.28,9213.3,9209.28,9210.8,47
2026-08-11T17:30:00+00:00,9210.8,9210.8,9208.28,9209.28,29
2026-08-11T17:35:00+00:00,9209.28,9210.3,9207.29,9207.8,43
2026-08-11T17:40:00+00:00,9207.8,9209.3,9207.28,9209.28,28
2026-08-11T17:45:00+00:00,9209.28,9209.3,9207.8,9208.3,35
2026-08-11T17:50:00+00:00,9208.3,9209.29,9207.28,9207.3,36
2026-08-11T17:55:00+00:00,9207.3,9207.3,9204.8,9205.79,47
2026-08-11T18:00:00+00:00,9205.79,9205.79,9201.28,9201.8,44
2026-08-11T18:05:00+00:00,9201.8,9202.3,9199.28,9199.79,50
2026-08-11T18:10:00+00:00,9199.79,9201.29,9199.3,9200.29,30
2026-08-11T18:15:00+00:00,9200.29,9202.3,9199.79,9201.79,52
2026-08-11T18:20:00+00:00,9201.79,9202.29,9198.28,9200.29,48
2026-08-11T18:25:00+00:00,9200.29,9200.8,9195.8,9196.78,67
2026-08-11T18:30:00+00:00,9196.78,9202.3,9196.78,9201.8,53
2026-08-11T18:35:00+00:00,9201.8,9204.3,9201.28,9202.3,50
2026-08-11T18:40:00+00:00,9202.3,9202.3,9199.28,9200.28,46
2026-08-11T18:45:00+00:00,9200.28,9203.3,9200.28,9201.3,50
2026-08-11T18:50:00+00:00,9201.3,9201.8,9200.79,9201.3,24
2026-08-11T18:55:00+00:00,9201.3,9202.28,9200.28,9200.3,57
2026-08-11T19:00:00+00:00,9200.3,9205.3,9199.78,9204.28,50
2026-08-11T19:05:00+00:00,9204.28,9204.29,9202.28,9203.78,42
2026-08-11T19:10:00+00:00,9203.78,9207.8,9203.28,9206.3,28
2026-08-11T19:15:00+00:00,9206.3,9207.3,9205.28,9207.29,20
2026-08-11T19:20:00+00:00,9207.29,9208.79,9206.28,9208.79,39
2026-08-11T19:25:00+00:00,9208.79,9208.79,9206.78,9207.79,22
2026-08-11T19:30:00+00:00,9207.79,9208.3,9206.29,9208.28,30
2026-08-11T19:35:00+00:00,9208.28,9209.3,9206.79,9208.3,36
2026-08-11T19:40:00+00:00,9208.3,9209.28,9207.3,9207.3,20.793103448275865
2026-08-11T19:45:00+00:00,9207.3,9210.3,9206.8,9209.3,49
2026-08-11T19:50:00+00:00,9209.3,9209.3,9205.28,9207.79,68
2026-08-11T19:55:00+00:00,9207.79,9208.8,9205.28,9207.29,77
2026-08-11T20:00:00+00:00,9207.29,9208.3,9205.28,9205.28,50
2026-08-11T20:05:00+00:00,9205.28,9206.3,9205.28,9206.28,16
2026-08-11T20:10:00+00:00,9206.28,9206.3,9205.3,9205.79,16.233753637245393
2026-08-11T20:15:00+00:00,9206.79,9207.3,9206.28,9207.28,8
2026-08-11T20:20:00+00:00,9207.28,9208.29,9207.28,9208.29,9
2026-08-11T20:25:00+00:00,9208.29,9209.29,9208.28,9209.29,10
2026-08-11T20:30:00+00:00,9209.29,9209.3,9208.78,9208.79,9
2026-08-11T20:35:00+00:00,9208.79,9208.8,9208.28,9208.8,4
2026-08-11T20:40:00+00:00,9208.8,9208.8,9208.28,9208.3,4
2026-08-11T20:45:00+00:00,9208.3,9208.3,9207.28,9207.28,6
2026-08-11T20:50:00+00:00,9207.28,9207.29,9204.28,9204.8,20
2026-08-11T20:55:00+00:00,9204.8,9210.09,9203.29,9210.09,17
2026-08-11T23:00:00+00:00,9214.91,9215.91,9212.91,9214.91,25.414334947677307
2026-08-11T23:05:00+00:00,9214.91,9215.91,9213.91,9214.91,27.469683593102044
2026-08-11T23:10:00+00:00,9214.91,9215.91,9213.91,9213.91,17.28896278681392
2026-08-11T23:15:00+00:00,9213.91,9214.91,9212.91,9212.91,34.68586706353864
2026-08-11T23:20:00+00:00,9212.91,9214.91,9211.91,9213.91,19.3746920777144
2026-08-11T23:25:00+00:00,9213.91,9214.91,9212.91,9213.91,21.565506875624237
2026-08-11T23:30:00+00:00,9213.91,9213.91,9209.91,9210.91,36.42967182413993
2026-08-11T23:35:00+00:00,9210.91,9211.91,9207.91,9207.91,33.23562118788512
2026-08-11T23:40:00+00:00,9207.91,9212.91,9207.91,9212.91,27.885390038568936
2026-08-11T23:45:00+00:00,9212.91,9217.91,9203.91,9204.91,177.58167393011936
2026-08-11T23:50:00+00:00,9204.91,9206.35,9199.34,9203.36,70.96013289036544
2026-08-11T23:55:00+00:00,9203.36,9205.86,9201.35,9203.85,95
2026-08-12T00:00:00+00:00,9203.85,9210.26,9189.24,9192.75,615
2026-08-12T00:05:00+00:00,9192.75,9202.76,9188.74,9201.76,394
2026-08-12T00:10:00+00:00,9201.76,9206.76,9195.24,9205.25,353
2026-08-12T00:15:00+00:00,9205.25,9212.26,9201.76,9210.25,250
2026-08-12T00:20:00+00:00,9210.25,9212.76,9205.75,9208.74,215
2026-08-12T00:25:00+00:00,9208.74,9210.76,9204.24,9209.26,167
2026-08-12T00:30:00+00:00,9209.26,9217.75,9207.76,9215.26,163
2026-08-12T00:35:00+00:00,9215.26,9223.25,9212.75,9222.26,191
2026-08-12T00:40:00+00:00,9222.26,9222.76,9216.74,9216.74,98
2026-08-12T00:45:00+00:00,9216.74,9218.26,9203.25,9205.74,135
2026-08-12T00:50:00+00:00,9205.74,9205.76,9198.24,9198.24,78
2026-08-12T00:55:00+00:00,9198.24,9203.75,9197.74,9198.24,157
2026-08-12T01:00:00+00:00,9198.24,9204.76,9197.74,9201.74,107
2026-08-12T01:05:00+00:00,9201.74,9207.26,9200.24,9201.25,107
2026-08-12T01:10:00+00:00,9201.25,9203.75,9196.74,9196.74,107
2026-08-12T01:15:00+00:00,9196.74,9200.76,9194.24,9194.25,94
2026-08-12T01:20:00+00:00,9194.25,9199.25,9193.24,9194.76,86
2026-08-12T01:25:00+00:00,9194.76,9198.75,9192.24,9193.76,75
2026-08-12T01:30:00+00:00,9193.76,9196.74,9192.74,9193.74,51
2026-08-12T01:35:00+00:00,9193.74,9196.24,9190.75,9190.75,55
2026-08-12T01:40:00+00:00,9190.75,9193.76,9189.74,9192.26,79
2026-08-12T01:45:00+00:00,9192.26,9193.76,9190.26,9191.76,78
2026-08-12T01:50:00+00:00,9191.76,9194.76,9189.75,9191.75,83
2026-08-12T01:55:00+00:00,9191.75,9191.76,9187.74,9191.25,78
2026-08-12T02:00:00+00:00,9191.25,9193.26,9188.75,9191.76,93
2026-08-12T02:05:00+00:00,9191.76,9192.75,9187.76,9190.25,75
2026-08-12T02:10:00+00:00,9190.25,9194.76,9190.25,9191.24,47
2026-08-12T02:15:00+00:00,9191.24,9194.76,9191.24,9194.74,47
2026-08-12T02:20:00+00:00,9194.74,9197.26,9187.76,9189.25,81
2026-08-12T02:25:00+00:00,9189.25,9194.75,9188.75,9191.74,48
2026-08-12T02:30:00+00:00,9191.74,9192.74,9188.24,9188.26,64
2026-08-12T02:35:00+00:00,9188.26,9190.25,9186.74,9190.25,42
2026-08-12T02:40:00+00:00,9190.25,9192.25,9189.24,9189.76,44
2026-08-12T02:45:00+00:00,9189.76,9190.75,9184.74,9185.74,60
2026-08-12T02:50:00+00:00,9185.74,9186.76,9183.74,9184.74,53
2026-08-12T02:55:00+00:00,9184.74,9186.75,9181.74,9184.26,66
2026-08-12T03:00:00+00:00,9184.26,9186.76,9181.75,9183.75,68
2026-08-12T03:05:00+00:00,9183.75,9183.75,9180.26,9180.74,47
2026-08-12T03:10:00+00:00,9180.74,9184.76,9180.24,9180.26,47
2026-08-12T03:15:00+00:00,9180.26,9182.26,9177.74,9177.74,54.5712319339298
2026-08-12T03:20:00+00:00,9177.74,9180.76,9177.74,9180.26,38
2026-08-12T03:25:00+00:00,9180.26,9183.74,9179.24,9181.74,57
2026-08-12T03:30:00+00:00,9181.74,9184.76,9178.74,9181.75,60
2026-08-12T03:35:00+00:00,9181.75,9183.76,9179.75,9179.75,25
2026-08-12T03:40:00+00:00,9179.75,9182.74,9178.74,9179.25,40
2026-08-12T03:45:00+00:00,9179.25,9181.75,9178.24,9178.24,25
2026-08-12T03:50:00+00:00,9178.24,9179.76,9176.75,9178.25,29
2026-08-12T03:55:00+00:00,9178.25,9180.76,9178.25,9179.24,40
2026-08-12T04:00:00+00:00,9179.24,9184.75,9179.24,9184.24,45
2026-08-12T04:05:00+00:00,9184.24,9184.75,9181.75,9182.74,43
2026-08-12T04:10:00+00:00,9182.74,9190.76,9181.75,9189.75,46
2026-08-12T04:15:00+00:00,9189.75,9191.76,9188.26,9188.26,41
2026-08-12T04:20:00+00:00,9188.26,9191.76,9187.24,9187.24,38
2026-08-12T04:25:00+00:00,9187.24,9187.76,9184.75,9186.75,37
2026-08-12T04:30:00+00:00,9186.75,9188.75,9184.75,9185.74,47
2026-08-12T04:35:00+00:00,9185.74,9186.26,9184.74,9185.24,17
2026-08-12T04:40:00+00:00,9185.24,9187.25,9183.75,9187.25,42
2026-08-12T04:45:00+00:00,9187.25,9192.26,9186.75,9191.74,50
2026-08-12T04:50:00+00:00,9191.74,9193.75,9191.74,9193.26,20
2026-08-12T04:55:00+00:00,9193.26,9195.76,9193.24,9194.75,27
2026-08-12T05:00:00+00:00,9194.75,9195.76,9192.24,9193.24,44
2026-08-12T05:05:00+00:00,9193.24,9194.76,9192.24,9194.25,49
2026-08-12T05:10:00+00:00,9194.25,9195.76,9192.74,9192.74,28
2026-08-12T05:15:00+00:00,9192.74,9194.26,9192.74,9193.76,14
2026-08-12T05:20:00+00:00,9193.76,9195.26,9190.24,9195.26,27
2026-08-12T05:25:00+00:00,9195.26,9195.76,9193.74,9194.24,28
2026-08-12T05:30:00+00:00,9194.24,9196.74,9193.24,9193.75,31
2026-08-12T05:35:00+00:00,9193.75,9196.76,9191.75,9195.74,30
2026-08-12T05:40:00+00:00,9195.74,9195.76,9194.74,9195.24,27
2026-08-12T05:45:00+00:00,9195.24,9195.75,9193.74,9193.76,43
2026-08-12T05:50:00+00:00,9193.76,9197.74,9193.75,9196.74,34
2026-08-12T05:55:00+00:00,9196.74,9198.75,9195.24,9195.25,52
2026-08-12T06:00:00+00:00,9195.25,9195.25,9190.34,9192.85,55
2026-08-12T06:05:00+00:00,9192.85,9195.85,9190.34,9193.34,87
2026-08-12T06:10:00+00:00,9193.34,9196.36,9192.85,9194.35,47
2026-08-12T06:15:00+00:00,9194.35,9196.86,9193.85,9196.86,25.580392156862743
2026-08-12T06:20:00+00:00,9196.86,9197.35,9194.34,9195.84,47
2026-08-12T06:25:00+00:00,9195.84,9207.14,9195.84,9206.64,68
2026-08-12T07:10:00+00:00,9212.82,9222.03,9211.52,9211.52,114
2026-08-12T07:15:00+00:00,9211.52,9216.02,9209.53,9216.02,65
2026-08-12T07:20:00+00:00,9216.02,9216.54,9211.53,9211.53,66
2026-08-12T07:25:00+00:00,9211.53,9211.53,9203.52,9204.52,52
2026-08-12T07:30:00+00:00,9204.52,9207.04,9202.52,9206.53,66
2026-08-12T07:35:00+00:00,9206.53,9209.53,9205.52,9209.52,43
2026-08-12T07:40:00+00:00,9209.52,9211.04,9207.53,9209.52,57
2026-08-12T07:45:00+00:00,9209.52,9211.54,9206.52,9209.53,55
2026-08-12T07:50:00+00:00,9209.53,9211.04,9208.53,9209.03,54
2026-08-12T07:55:00+00:00,9209.03,9209.03,9203.52,9207.52,55
2026-08-12T08:00:00+00:00,9207.52,9208.04,9205.02,9206.03,114
2026-08-12T08:05:00+00:00,9206.03,9206.54,9200.02,9200.53,69
2026-08-12T08:10:00+00:00,9200.53,9204.03,9200.53,9203.52,54
2026-08-12T08:15:00+00:00,9203.52,9205.52,9201.52,9204.54,49
2026-08-12T08:20:00+00:00,9204.54,9206.52,9204.02,9205.52,38
2026-08-12T08:25:00+00:00,9205.52,9206.53,9202.54,9204.54,55
2026-08-12T08:30:00+00:00,9204.54,9204.54,9198.52,9198.53,59
2026-08-12T08:35:00+00:00,9198.53,9200.04,9197.53,9200.02,43
2026-08-12T08:40:00+00:00,9200.02,9201.53,9199.52,9200.53,35
2026-08-12T08:45:00+00:00,9200.53,9200.53,9198.52,9198.52,42
2026-08-12T08:50:00+00:00,9198.52,9201.54,9198.03,9200.53,35
2026-08-12T08:55:00+00:00,9200.53,9200.53,9197.52,9198.52,33
2026-08-12T09:00:00+00:00,9198.52,9204.04,9198.52,9203.04,41
2026-08-12T09:05:00+00:00,9203.04,9203.04,9198.52,9198.52,21
2026-08-12T09:10:00+00:00,9198.52,9201.52,9198.52,9201.52,45
2026-08-12T09:15:00+00:00,9201.52,9203.52,9200.52,9201.54,78
2026-08-12T09:20:00+00:00,9201.54,9213.54,9200.53,9211.53,320
2026-08-12T09:25:00+00:00,9211.53,9212.04,9204.52,9204.54,139
2026-08-12T09:30:00+00:00,9204.54,9208.04,9203.53,9206.52,82
2026-08-12T09:35:00+00:00,9206.52,9214.03,9205.54,9211.52,58
2026-08-12T09:40:00+00:00,9211.52,9211.52,9207.53,9207.53,73
2026-08-12T09:45:00+00:00,9207.53,9209.54,9205.53,9208.52,123
2026-08-12T09:50:00+00:00,9208.52,9214.04,9202.53,9202.53,158
2026-08-12T09:55:00+00:00,9202.53,9205.03,9201.52,9205.03,48
2026-08-12T10:00:00+00:00,9205.03,9208.54,9203.52,9208.53,53
2026-08-12T10:05:00+00:00,9208.53,9213.04,9208.53,9212.52,31
2026-08-12T10:10:00+00:00,9212.52,9213.53,9211.52,9211.52,20
2026-08-12T10:15:00+00:00,9211.52,9212.54,9211.52,9212.54,16.135283363802557
2026-08-12T10:20:00+00:00,9212.54,9213.53,9211.52,9212.54,29.508226691042047
2026-08-12T10:25:00+00:00,9212.54,9212.54,9210.03,9210.54,29
2026-08-12T10:30:00+00:00,9210.54,9213.53,9209.53,9212.54,34
2026-08-12T10:35:00+00:00,9212.54,9214.04,9212.52,9214.04,22
2026-08-12T10:40:00+00:00,9214.04,9216.52,9213.52,9216.52,22
2026-08-12T10:45:00+00:00,9216.52,9218.52,9207.04,9210.54,134
2026-08-12T10:50:00+00:00,9210.54,9213.53,9208.52,9213.53,116
2026-08-12T10:55:00+00:00,9213.53,9216.53,9212.53,9216.52,34
2026-08-12T11:00:00+00:00,9216.52,9219.03,9216.02,9218.52,35
2026-08-12T11:05:00+00:00,9218.52,9219.03,9216.52,9217.54,62
2026-08-12T11:10:00+00:00,9217.54,9219.53,9212.03,9212.53,50
2026-08-12T11:15:00+00:00,9212.53,9213.04,9211.52,9212.52,33
2026-08-12T11:20:00+00:00,9212.52,9214.54,9211.52,9214.54,34
2026-08-12T11:25:00+00:00,9214.54,9217.54,9214.52,9217.02,34
2026-08-12T11:30:00+00:00,9217.02,9218.54,9215.52,9216.53,41
2026-08-12T11:35:00+00:00,9216.53,9217.04,9213.02,9215.52,45
2026-08-12T11:40:00+00:00,9215.52,9218.54,9214.52,9218.54,45
2026-08-12T11:45:00+00:00,9218.54,9218.54,9215.52,9215.52,42
2026-08-12T11:50:00+00:00,9215.52,9218.02,9215.52,9217.54,21.682550805886475
2026-08-12T11:55:00+00:00,9217.54,9218.54,9215.53,9215.54,33
2026-08-12T12:00:00+00:00,9215.54,9216.04,9212.53,9212.53,41
2026-08-12T12:05:00+00:00,9212.53,9212.53,9208.52,9208.54,43
2026-08-12T12:10:00+00:00,9208.54,9211.03,9208.54,9210.04,22
2026-08-12T12:15:00+00:00,9210.04,9210.54,9206.52,9208.03,35
2026-08-12T12:20:00+00:00,9208.03,9208.54,9205.03,9205.52,48
2026-08-12T12:25:00+00:00,9205.52,9215.84,9203.52,9215.82,168
2026-08-12T12:30:00+00:00,9215.82,9217.54,9196.82,9214.03,708
2026-08-12T12:35:00+00:00,9214.03,9214.54,9205.52,9209.03,261
2026-08-12T12:40:00+00:00,9209.03,9210.54,9205.53,9208.04,182
2026-08-12T12:45:00+00:00,9208.04,9209.53,9203.52,9207.02,159
2026-08-12T12:50:00+00:00,9207.02,9210.54,9205.52,9206.54,102
2026-08-12T12:55:00+00:00,9206.54,9209.54,9205.54,9209.54,87
2026-08-12T13:00:00+00:00,9209.54,9210.54,9206.52,9207.53,157
2026-08-12T13:05:00+00:00,9207.53,9208.04,9200.02,9201.54,86
2026-08-12T13:10:00+00:00,9201.54,9204.03,9197.02,9197.53,110
2026-08-12T13:15:00+00:00,9197.53,9202.52,9196.52,9201.04,59
2026-08-12T13:20:00+00:00,9201.04,9204.54,9200.02,9200.53,62
2026-08-12T13:25:00+00:00,9200.53,9202.54,9200.02,9200.53,58
2026-08-12T13:30:00+00:00,9200.53,9203.04,9192.52,9197.53,281
2026-08-12T13:35:00+00:00,9197.53,9201.02,9191.02,9192.02,205
2026-08-12T13:40:00+00:00,9192.02,9197.54,9188.53,9194.52,152
2026-08-12T13:45:00+00:00,9194.52,9199.04,9192.52,9198.54,116
2026-08-12T13:50:00+00:00,9198.54,9202.53,9198.02,9200.54,112
2026-08-12T13:55:00+00:00,9200.54,9200.54,9191.02,9191.02,96
2026-08-12T14:00:00+00:00,9191.02,9195.04,9187.52,9193.04,157
2026-08-12T14:05:00+00:00,9193.04,9193.54,9185.53,9185.54,101
2026-08-12T14:10:00+00:00,9185.54,9188.04,9184.02,9184.54,90
2026-08-12T14:15:00+00:00,9184.54,9186.54,9183.54,9184.53,51
2026-08-12T14:20:00+00:00,9184.53,9188.54,9183.03,9187.54,86
2026-08-12T14:25:00+00:00,9187.54,9188.03,9181.53,9182.52,77
2026-08-12T14:30:00+00:00,9182.52,9187.54,9171.84,9180.53,364
2026-08-12T14:35:00+00:00,9180.53,9186.54,9180.02,9184.52,124
2026-08-12T14:40:00+00:00,9184.52,9188.54,9184.52,9188.52,88
2026-08-12T14:45:00+00:00,9188.52,9190.54,9181.02,9183.54,81
2026-08-12T14:50:00+00:00,9183.54,9183.54,9179.54,9179.54,93
2026-08-12T14:55:00+00:00,9179.54,9181.53,9178.52,9181.04,71
2026-08-12T15:00:00+00:00,9181.04,9181.04,9177.52,9177.52,96
2026-08-12T15:05:00+00:00,9177.52,9180.52,9176.53,9179.52,86
2026-08-12T15:10:00+00:00,9179.52,9181.53,9178.52,9179.53,94
2026-08-12T15:15:00+00:00,9179.53,9182.03,9178.52,9179.53,42
2026-08-12T15:20:00+00:00,9179.53,9180.04,9177.53,9179.54,61
2026-08-12T15:25:00+00:00,9179.54,9183.54,9176.52,9183.54,60
2026-08-12T15:30:00+00:00,9183.54,9183.54,9177.02,9181.04,139
2026-08-12T15:35:00+00:00,9181.04,9183.54,9178.54,9178.54,52
2026-08-12T15:40:00+00:00,9178.54,9182.52,9177.52,9181.04,62
2026-08-12T15:45:00+00:00,9181.04,9182.52,9178.52,9180.54,44
2026-08-12T15:50:00+00:00,9180.54,9180.54,9177.54,9178.52,34
2026-08-12T15:55:00+00:00,9178.52,9180.54,9177.52,9180.03,37
2026-08-12T16:00:00+00:00,9180.03,9185.53,9180.03,9182.53,54
2026-08-12T16:05:00+00:00,9182.53,9183.54,9179.54,9181.52,60.1875
2026-08-12T16:10:00+00:00,9181.52,9184.52,9180.02,9184.02,40
2026-08-12T16:15:00+00:00,9184.02,9186.52,9184.02,9185.52,36
2026-08-12T16:20:00+00:00,9185.52,9187.03,9184.53,9185.02,25
2026-08-12T16:25:00+00:00,9185.02,9185.54,9183.52,9184.54,38
2026-08-12T16:30:00+00:00,9184.54,9184.54,9181.02,9181.02,36
2026-08-12T16:35:00+00:00,9181.02,9182.52,9180.53,9181.53,22
2026-08-12T16:40:00+00:00,9181.53,9183.04,9181.52,9182.52,32
2026-08-12T16:45:00+00:00,9182.52,9184.54,9182.04,9182.52,52
2026-08-12T16:50:00+00:00,9182.52,9184.54,9181.52,9182.54,54
2026-08-12T16:55:00+00:00,9182.54,9183.54,9181.52,9183.54,30
2026-08-12T17:00:00+00:00,9183.54,9184.54,9182.52,9183.53,30
2026-08-12T17:05:00+00:00,9183.53,9187.54,9183.53,9186.52,28
2026-08-12T17:10:00+00:00,9186.52,9187.04,9185.52,9187.03,31
2026-08-12T17:15:00+00:00,9187.03,9187.54,9184.02,9184.54,31
2026-08-12T17:20:00+00:00,9184.54,9185.54,9184.02,9185.54,36
2026-08-12T17:25:00+00:00,9185.54,9187.54,9185.53,9185.53,25.84924078091106
2026-08-12T17:30:00+00:00,9185.53,9185.54,9184.52,9184.52,49
2026-08-12T17:35:00+00:00,9184.52,9185.04,9183.52,9184.53,13
2026-08-12T17:40:00+00:00,9184.53,9186.02,9183.52,9185.52,28.0412432755529
2026-08-12T17:45:00+00:00,9185.52,9185.54,9184.52,9185.52,28
2026-08-12T17:50:00+00:00,9185.52,9187.04,9183.02,9183.54,26
2026-08-12T17:55:00+00:00,9183.54,9185.54,9183.52,9184.53,21
2026-08-12T18:00:00+00:00,9184.53,9186.54,9183.52,9185.54,57
2026-08-12T18:05:00+00:00,9185.54,9186.54,9185.52,9186.53,19
2026-08-12T18:10:00+00:00,9186.53,9188.53,9186.53,9187.54,16.92755905511811
2026-08-12T18:15:00+00:00,9187.54,9188.54,9187.02,9187.53,19
2026-08-12T18:20:00+00:00,9187.53,9189.53,9186.53,9189.53,23.871751886001675
2026-08-12T18:25:00+00:00,9189.53,9191.54,9188.03,9188.04,39
2026-08-12T18:30:00+00:00,9188.04,9189.04,9187.53,9188.52,36
2026-08-12T18:35:00+00:00,9188.52,9191.52,9188.52,9190.53,15
2026-08-12T18:40:00+00:00,9190.53,9192.02,9190.52,9192.02,11
2026-08-12T18:45:00+00:00,9192.02,9192.54,9191.52,9192.53,11
2026-08-12T18:50:00+00:00,9192.53,9193.53,9191.54,9192.54,13.495479097921352
2026-08-12T18:55:00+00:00,9192.54,9192.54,9189.52,9190.03,25
2026-08-12T19:00:00+00:00,9190.03,9194.04,9190.03,9194.03,20
2026-08-12T19:05:00+00:00,9194.03,9195.54,9194.03,9194.54,38
2026-08-12T19:10:00+00:00,9194.54,9196.02,9194.54,9195.53,16
2026-08-12T19:15:00+00:00,9195.53,9196.53,9194.52,9195.04,33.889908815515064
2026-08-12T19:20:00+00:00,9195.04,9195.04,9193.52,9193.54,32
2026-08-12T19:25:00+00:00,9193.54,9196.53,9193.52,9195.52,18.42857142857143
2026-08-12T19:30:00+00:00,9195.52,9197.53,9195.52,9196.53,23
2026-08-12T19:35:00+00:00,9196.53,9198.53,9196.53,9197.52,27
2026-08-12T19:40:00+00:00,9197.52,9198.52,9195.03,9196.52,34
2026-08-12T19:45:00+00:00,9196.52,9197.52,9194.52,9195.54,28
2026-08-12T19:50:00+00:00,9195.54,9195.54,9193.03,9194.02,72.48191214470285
2026-08-12T19:55:00+00:00,9194.02,9196.04,9190.52,9195.53,142.55592105263156
2026-08-12T20:00:00+00:00,9195.53,9197.04,9194.02,9195.52,52
2026-08-12T20:05:00+00:00,9195.52,9197.04,9195.52,9195.53,65
2026-08-12T20:10:00+00:00,9195.53,9196.04,9193.52,9194.04,24
2026-08-12T20:15:00+00:00,9194.04,9194.04,9192.02,9192.03,11
2026-08-12T20:20:00+00:00,9192.03,9192.03,9191.03,9191.03,8
2026-08-12T20:25:00+00:00,9191.03,9191.54,9190.52,9190.52,12.666666666666666
2026-08-12T20:30:00+00:00,9190.52,9191.04,9190.52,9190.54,14.802612542897517
2026-08-12T20:35:00+00:00,9190.54,9191.03,9190.02,9190.54,10
2026-08-12T20:40:00+00:00,9190.54,9191.04,9190.54,9191.04,8.85960444033355
2026-08-12T20:45:00+00:00,9191.04,9191.04,9189.02,9189.02,9.586720867208673
2026-08-12T20:50:00+00:00,9189.02,9190.03,9188.02,9188.04,14
2026-08-12T20:55:00+00:00,9188.04,9198.82,9188.03,9198.33,13.801413571150997
2026-08-12T23:00:00+00:00,9187.41,9190.41,9187.41,9189.41,27.009796220454177
2026-08-12T23:05:00+00:00,9189.41,9189.41,9188.41,9188.41,20.834504285101378
2026-08-12T23:10:00+00:00,9188.41,9188.41,9186.41,9186.41,25.6275464032144
2026-08-12T23:15:00+00:00,9186.41,9186.41,9185.41,9185.41,19.403388941864062
2026-08-12T23:20:00+00:00,9185.41,9186.41,9184.41,9184.41,24.31269249402854
2026-08-12T23:25:00+00:00,9184.41,9184.41,9182.41,9182.41,21.473324054737446
2026-08-12T23:30:00+00:00,9182.41,9184.41,9173.41,9180.41,76.71977169158491
2026-08-12T23:35:00+00:00,9180.41,9181.41,9178.41,9178.41,25.98303977945994
2026-08-12T23:40:00+00:00,9178.41,9178.41,9174.41,9178.41,56.96336421603289
2026-08-12T23:45:00+00:00,9178.41,9181.41,9167.41,9167.41,147.51702939279755
2026-08-12T23:50:00+00:00,9167.41,9167.91,9149.99,9153.49,97.73170731707317
2026-08-12T23:55:00+00:00,9153.49,9161.51,9153.01,9160.5,94
2026-08-13T00:00:00+00:00,9160.5,9173.41,9160.5,9166.91,489
2026-08-13T00:05:00+00:00,9166.91,9166.91,9151.91,9153.39,325
2026-08-13T00:10:00+00:00,9153.39,9156.89,9143.4,9143.9,340
2026-08-13T00:15:00+00:00,9143.9,9146.4,9140.4,9143.39,181
2026-08-13T00:20:00+00:00,9143.39,9157.91,9139.91,9157.91,146
2026-08-13T00:25:00+00:00,9157.91,9162.89,9156.91,9159.39,143
2026-08-13T00:30:00+00:00,9159.39,9164.91,9156.89,9159.9,169
2026-08-13T00:35:00+00:00,9159.9,9162.91,9155.39,9156.9,144
2026-08-13T00:40:00+00:00,9156.9,9156.9,9150.9,9151.9,63
2026-08-13T00:45:00+00:00,9151.9,9151.9,9143.9,9145.4,90
2026-08-13T00:50:00+00:00,9145.4,9145.9,9137.4,9140.9,75
2026-08-13T00:55:00+00:00,9140.9,9142.41,9135.89,9138.39,118
2026-08-13T01:00:00+00:00,9138.39,9139.89,9126.39,9126.39,193
2026-08-13T01:05:00+00:00,9126.39,9126.91,9120.89,9123.89,135
2026-08-13T01:10:00+00:00,9123.89,9126.9,9111.89,9112.41,126
2026-08-13T01:15:00+00:00,9112.41,9118.91,9109.39,9117.41,160
2026-08-13T01:20:00+00:00,9117.41,9124.41,9116.4,9123.91,100
2026-08-13T01:25:00+00:00,9123.91,9125.91,9118.91,9124.9,108
2026-08-13T01:30:00+00:00,9124.9,9136.9,9123.4,9134.91,107
2026-08-13T01:35:00+00:00,9134.91,9136.91,9126.89,9129.41,104
2026-08-13T01:40:00+00:00,9129.41,9129.9,9124.9,9126.91,61
2026-08-13T01:45:00+00:00,9126.91,9131.91,9125.89,9130.9,131
2026-08-13T01:50:00+00:00,9130.9,9135.91,9129.89,9133.9,95
2026-08-13T01:55:00+00:00,9133.9,9136.41,9127.9,9127.9,58
2026-08-13T02:00:00+00:00,9127.9,9134.41,9127.39,9134.41,50
2026-08-13T02:05:00+00:00,9134.41,9136.91,9131.9,9134.91,51
2026-08-13T02:10:00+00:00,9134.91,9138.41,9134.4,9134.91,22
2026-08-13T02:15:00+00:00,9134.91,9138.91,9133.9,9133.9,57
2026-08-13T02:20:00+00:00,9133.9,9135.89,9127.89,9127.89,72
2026-08-13T02:25:00+00:00,9127.89,9130.41,9124.39,9124.41,66
2026-08-13T02:30:00+00:00,9124.41,9124.9,9119.9,9119.9,69
2026-08-13T02:35:00+00:00,9119.9,9128.91,9119.89,9126.89,93
2026-08-13T02:40:00+00:00,9126.89,9128.91,9125.39,9127.91,77
2026-08-13T02:45:00+00:00,9127.91,9130.41,9125.4,9130.41,36
2026-08-13T02:50:00+00:00,9130.41,9131.89,9128.89,9128.89,48
2026-08-13T02:55:00+00:00,9128.89,9129.9,9126.89,9128.4,44
2026-08-13T03:00:00+00:00,9128.4,9131.9,9124.39,9130.9,61
2026-08-13T03:05:00+00:00,9130.9,9130.9,9126.39,9126.89,33
2026-08-13T03:10:00+00:00,9126.89,9130.89,9125.9,9128.91,42
2026-08-13T03:15:00+00:00,9128.91,9131.4,9127.9,9127.9,33
2026-08-13T03:20:00+00:00,9127.9,9129.4,9126.9,9126.91,41
2026-08-13T03:25:00+00:00,9126.91,9130.91,9126.89,9129.91,53
2026-08-13T03:30:00+00:00,9129.91,9131.91,9127.9,9131.91,81
2026-08-13T03:35:00+00:00,9131.91,9133.9,9129.89,9132.89,36
2026-08-13T03:40:00+00:00,9132.89,9137.41,9132.89,9137.39,46
2026-08-13T03:45:00+00:00,9137.39,9139.91,9136.89,9137.91,44
2026-08-13T03:50:00+00:00,9137.91,9140.91,9136.39,9138.41,35
2026-08-13T03:55:00+00:00,9138.41,9144.89,9137.89,9144.89,26
2026-08-13T04:00:00+00:00,9144.89,9151.4,9144.39,9150.91,65
2026-08-13T04:05:00+00:00,9150.91,9151.4,9142.9,9143.89,66
2026-08-13T04:10:00+00:00,9143.89,9147.91,9143.89,9147.4,54
2026-08-13T04:15:00+00:00,9147.4,9149.41,9143.89,9147.9,72
2026-08-13T04:20:00+00:00,9147.9,9147.9,9141.89,9141.91,63
2026-08-13T04:25:00+00:00,9141.91,9144.91,9141.4,9144.4,38
2026-08-13T04:30:00+00:00,9144.4,9144.41,9139.9,9139.9,57
2026-08-13T04:35:00+00:00,9139.9,9139.91,9135.9,9135.9,55
2026-08-13T04:40:00+00:00,9135.9,9138.4,9134.39,9137.89,47
2026-08-13T04:45:00+00:00,9137.89,9141.91,9136.89,9141.4,42
2026-08-13T04:50:00+00:00,9141.4,9142.91,9139.89,9140.9,58
2026-08-13T04:55:00+00:00,9140.9,9142.91,9140.89,9141.89,38
2026-08-13T05:00:00+00:00,9141.89,9147.91,9141.89,9147.91,48
2026-08-13T05:05:00+00:00,9147.91,9153.91,9147.91,9153.89,35
2026-08-13T05:10:00+00:00,9153.89,9156.91,9153.89,9155.89,43
2026-08-13T05:15:00+00:00,9155.89,9157.41,9154.89,9156.89,61
2026-08-13T05:20:00+00:00,9156.89,9158.91,9154.89,9158.91,43
2026-08-13T05:25:00+00:00,9158.91,9164.9,9158.91,9164.9,36
2026-08-13T05:30:00+00:00,9164.9,9164.9,9156.89,9158.89,60
2026-08-13T05:35:00+00:00,9158.89,9162.4,9158.89,9162.4,56
2026-08-13T05:40:00+00:00,9162.4,9163.4,9159.41,9159.9,43
2026-08-13T05:45:00+00:00,9159.9,9163.91,9158.9,9163.91,31
2026-08-13T05:50:00+00:00,9163.91,9166.91,9161.9,9165.39,40
2026-08-13T05:55:00+00:00,9165.39,9166.9,9163.91,9163.91,31
2026-08-13T06:00:00+00:00,9163.91,9163.91,9156.49,9158.5,104
2026-08-13T06:05:00+00:00,9158.5,9166.5,9157.49,9165.51,140
2026-08-13T06:10:00+00:00,9165.51,9166.49,9161,9161,79
2026-08-13T06:15:00+00:00,9161,9164.01,9160.49,9161.51,62
2026-08-13T06:20:00+00:00,9161.51,9161.51,9159.49,9159.49,43
2026-08-13T06:25:00+00:00,9159.49,9161.81,9156.49,9160.81,73
2026-08-13T07:10:00+00:00,9189.73,9193.43,9178.43,9179.43,122
2026-08-13T07:15:00+00:00,9179.43,9180.93,9175.41,9176.42,87
2026-08-13T07:20:00+00:00,9176.42,9177.43,9175.41,9177.42,47
2026-08-13T07:25:00+00:00,9177.42,9177.43,9174.43,9176.41,51
2026-08-13T07:30:00+00:00,9176.41,9179.41,9174.91,9179.41,30
2026-08-13T07:35:00+00:00,9179.41,9182.43,9179.41,9181.43,38
2026-08-13T07:40:00+00:00,9181.43,9184.92,9180.41,9184.43,37
2026-08-13T07:45:00+00:00,9184.43,9185.43,9179.93,9182.43,57
2026-08-13T07:50:00+00:00,9182.43,9184.42,9180.43,9180.43,47.261971830985914
2026-08-13T07:55:00+00:00,9180.43,9180.43,9175.41,9175.41,40
2026-08-13T08:00:00+00:00,9175.41,9180.41,9172.41,9177.43,106
2026-08-13T08:05:00+00:00,9177.43,9181.93,9177.42,9179.42,67
2026-08-13T08:10:00+00:00,9179.42,9184.41,9178.91,9183.41,69
2026-08-13T08:15:00+00:00,9183.41,9184.91,9182.41,9182.93,65
2026-08-13T08:20:00+00:00,9182.93,9186.93,9182.41,9185.41,58
2026-08-13T08:25:00+00:00,9185.41,9188.43,9185.41,9188.43,41
2026-08-13T08:30:00+00:00,9188.43,9191.43,9187.41,9190.91,52
2026-08-13T08:35:00+00:00,9190.91,9191.93,9188.92,9189.42,44
2026-08-13T08:40:00+00:00,9189.42,9191.93,9188.41,9191.91,20
2026-08-13T08:45:00+00:00,9191.91,9192.43,9190.42,9191.92,31
2026-08-13T08:50:00+00:00,9191.92,9194.93,9191.92,9192.93,14
2026-08-13T08:55:00+00:00,9192.93,9195.92,9192.93,9194.91,21.9527665317139
2026-08-13T09:00:00+00:00,9194.91,9194.93,9191.41,9191.91,52
2026-08-13T09:05:00+00:00,9191.91,9192.43,9189.41,9189.41,39
2026-08-13T09:10:00+00:00,9189.41,9193.43,9189.41,9192.43,37
2026-08-13T09:15:00+00:00,9192.43,9193.41,9189.43,9191.93,54
2026-08-13T09:20:00+00:00,9191.93,9192.92,9191.41,9192.41,27
2026-08-13T09:25:00+00:00,9192.41,9193.43,9191.41,9191.42,23
2026-08-13T09:30:00+00:00,9191.42,9192.43,9191.41,9191.43,35
2026-08-13T09:35:00+00:00,9191.43,9192.93,9191.41,9191.41,22
2026-08-13T09:40:00+00:00,9191.41,9192.42,9190.91,9192.42,21
2026-08-13T09:45:00+00:00,9192.42,9192.42,9188.42,9188.42,24.429285714285715
2026-08-13T09:50:00+00:00,9188.42,9190.41,9188.42,9189.93,28
2026-08-13T09:55:00+00:00,9189.93,9191.43,9189.91,9189.91,22
2026-08-13T10:00:00+00:00,9189.91,9190.43,9184.43,9184.43,30
2026-08-13T10:05:00+00:00,9184.43,9186.43,9184.42,9186.43,22
2026-08-13T10:10:00+00:00,9186.43,9186.43,9184.41,9186.41,22.0355960018084
2026-08-13T10:15:00+00:00,9186.41,9191.43,9186.41,9191.41,18.717339667458432
2026-08-13T10:20:00+00:00,9191.41,9194.43,9191.41,9192.41,28
2026-08-13T10:25:00+00:00,9192.41,9194.43,9190.41,9191.41,29
2026-08-13T10:30:00+00:00,9191.41,9193.93,9190.41,9191.42,31
2026-08-13T10:35:00+00:00,9191.42,9193.41,9191.41,9192.41,12
2026-08-13T10:40:00+00:00,9192.41,9194.93,9191.43,9194.93,21
2026-08-13T10:45:00+00:00,9194.93,9196.93,9193.91,9196.92,23
2026-08-13T10:50:00+00:00,9196.92,9197.42,9195.41,9195.92,22
2026-08-13T10:55:00+00:00,9195.92,9197.41,9194.42,9196.92,21
2026-08-13T11:00:00+00:00,9196.92,9201.41,9196.92,9197.41,44
2026-08-13T11:05:00+00:00,9197.41,9198.92,9197.41,9197.41,18
2026-08-13T11:10:00+00:00,9197.41,9199.93,9197.41,9198.93,32
2026-08-13T11:15:00+00:00,9198.93,9199.43,9197.43,9198.42,26
2026-08-13T11:20:00+00:00,9198.42,9198.43,9196.91,9196.92,16
2026-08-13T11:25:00+00:00,9196.92,9197.42,9191.91,9191.92,30
2026-08-13T11:30:00+00:00,9191.92,9192.42,9188.41,9189.41,39
2026-08-13T11:35:00+00:00,9189.41,9191.93,9188.91,9189.43,26
2026-08-13T11:40:00+00:00,9189.43,9190.93,9187.43,9190.93,17
2026-08-13T11:45:00+00:00,9190.93,9191.42,9186.42,9186.42,33
2026-08-13T11:50:00+00:00,9186.42,9186.42,9184.43,9184.92,17
2026-08-13T11:55:00+00:00,9184.92,9185.43,9182.42,9182.93,28
2026-08-13T12:00:00+00:00,9182.93,9184.42,9182.41,9182.93,54
2026-08-13T12:05:00+00:00,9182.93,9186.42,9182.42,9184.43,55
2026-08-13T12:10:00+00:00,9184.43,9184.43,9178.92,9179.41,55
2026-08-13T12:15:00+00:00,9179.41,9180.93,9177.41,9177.93,53
2026-08-13T12:20:00+00:00,9177.93,9180.41,9177.93,9178.41,28
2026-08-13T12:25:00+00:00,9178.41,9179.43,9177.41,9178.42,21.392260356560424
2026-08-13T12:30:00+00:00,9178.42,9187.93,9173.92,9182.93,333
2026-08-13T12:35:00+00:00,9182.93,9184.91,9178.43,9181.93,80
2026-08-13T12:40:00+00:00,9181.93,9181.93,9176.42,9179.43,71
2026-08-13T12:45:00+00:00,9179.43,9180.93,9176.91,9178.93,62
2026-08-13T12:50:00+00:00,9178.93,9180.41,9174.42,9175.43,70
2026-08-13T12:55:00+00:00,9175.43,9175.43,9172.91,9175.41,39
2026-08-13T13:00:00+00:00,9175.41,9180.43,9174.91,9178.41,89
2026-08-13T13:05:00+00:00,9178.41,9182.41,9176.91,9176.91,71
2026-08-13T13:10:00+00:00,9176.91,9180.43,9176.91,9179.41,58
2026-08-13T13:15:00+00:00,9179.41,9180.43,9179.41,9180.42,20
2026-08-13T13:20:00+00:00,9180.42,9182.93,9179.41,9179.41,47
2026-08-13T13:25:00+00:00,9179.41,9182.43,9178.91,9181.91,50
2026-08-13T13:30:00+00:00,9181.91,9188.43,9176.41,9176.43,254
2026-08-13T13:35:00+00:00,9176.43,9181.93,9176.41,9181.93,227
2026-08-13T13:40:00+00:00,9181.93,9181.93,9175.41,9177.93,148
2026-08-13T13:45:00+00:00,9177.93,9178.43,9170.91,9172.42,110
2026-08-13T13:50:00+00:00,9172.42,9176.41,9169.91,9174.43,129
2026-08-13T13:55:00+00:00,9174.43,9176.43,9165.43,9166.93,128
2026-08-13T14:00:00+00:00,9166.93,9175.42,9166.93,9172.92,161
2026-08-13T14:05:00+00:00,9172.92,9174.43,9166.43,9166.93,86
2026-08-13T14:10:00+00:00,9166.93,9167.93,9164.91,9165.91,73
2026-08-13T14:15:00+00:00,9165.91,9167.43,9160.42,9165.92,107
2026-08-13T14:20:00+00:00,9165.92,9170.41,9164.92,9169.43,99
2026-08-13T14:25:00+00:00,9169.43,9172.92,9168.41,9171.41,59
2026-08-13T14:30:00+00:00,9171.41,9172.42,9165.91,9172.42,95
2026-08-13T14:35:00+00:00,9172.42,9177.41,9170.43,9172.41,68
2026-08-13T14:40:00+00:00,9172.41,9172.93,9169.92,9170.43,68
2026-08-13T14:45:00+00:00,9170.43,9170.43,9166.93,9167.42,74
2026-08-13T14:50:00+00:00,9167.42,9171.43,9167.41,9168.43,88
2026-08-13T14:55:00+00:00,9168.43,9171.43,9166.93,9169.42,48
2026-08-13T15:00:00+00:00,9169.42,9171.93,9167.41,9168.42,103
2026-08-13T15:05:00+00:00,9168.42,9168.93,9158.42,9159.92,92
2026-08-13T15:10:00+00:00,9159.92,9160.43,9154.41,9154.93,81
2026-08-13T15:15:00+00:00,9154.93,9155.91,9151.91,9155.41,89
2026-08-13T15:20:00+00:00,9155.41,9156.43,9152.41,9155.92,122
2026-08-13T15:25:00+00:00,9155.92,9155.92,9149.41,9151.41,187
2026-08-13T15:30:00+00:00,9151.41,9155.43,9148.92,9154.91,202
2026-08-13T15:35:00+00:00,9154.91,9160.91,9153.91,9160.91,87
2026-08-13T15:40:00+00:00,9160.91,9163.42,9158.91,9158.92,72
2026-08-13T15:45:00+00:00,9158.92,9158.92,9156.41,9158.43,69
2026-08-13T15:50:00+00:00,9158.43,9159.43,9152.91,9153.43,97
2026-08-13T15:55:00+00:00,9153.43,9154.43,9150.43,9151.41,51
2026-08-13T16:00:00+00:00,9151.41,9153.93,9150.42,9151.42,64
2026-08-13T16:05:00+00:00,9151.42,9154.43,9150.92,9153.42,48
2026-08-13T16:10:00+00:00,9153.42,9154.41,9148.41,9148.42,37
2026-08-13T16:15:00+00:00,9148.42,9151.41,9148.42,9148.91,42
2026-08-13T16:20:00+00:00,9148.91,9153.42,9148.42,9152.93,46
2026-08-13T16:25:00+00:00,9152.93,9156.41,9152.93,9156.41,37
2026-08-13T16:30:00+00:00,9156.41,9157.43,9155.42,9157.42,42
2026-08-13T16:35:00+00:00,9157.42,9157.43,9154.41,9155.41,45
2026-08-13T16:40:00+00:00,9155.41,9156.93,9153.91,9154.41,31
2026-08-13T16:45:00+00:00,9154.41,9156.41,9154.41,9155.43,20
2026-08-13T16:50:00+00:00,9155.43,9157.41,9153.91,9156.91,37
2026-08-13T16:55:00+00:00,9156.91,9159.43,9156.42,9158.41,34
2026-08-13T17:00:00+00:00,9158.41,9160.42,9156.41,9157.42,33
2026-08-13T17:05:00+00:00,9157.42,9160.42,9156.91,9158.41,40
2026-08-13T17:10:00+00:00,9158.41,9158.43,9157.42,9157.42,19
2026-08-13T17:15:00+00:00,9157.42,9159.42,9156.93,9157.93,24.581960104076323
2026-08-13T17:20:00+00:00,9157.93,9159.41,9157.41,9159.41,28
2026-08-13T17:25:00+00:00,9159.41,9159.42,9156.41,9156.42,19
2026-08-13T17:30:00+00:00,9156.42,9157.43,9154.43,9155.42,21
2026-08-13T17:35:00+00:00,9155.42,9155.43,9152.92,9154.43,35
2026-08-13T17:40:00+00:00,9154.43,9155.42,9153.41,9153.43,32
2026-08-13T17:45:00+00:00,9153.43,9155.43,9153.43,9155.42,21.02835696413678
2026-08-13T17:50:00+00:00,9155.42,9156.42,9154.41,9155.42,16.65018807092961
2026-08-13T17:55:00+00:00,9155.42,9155.92,9151.92,9152.41,28
2026-08-13T18:00:00+00:00,9152.41,9154.42,9152.41,9153.92,39
2026-08-13T18:05:00+00:00,9153.92,9155.43,9153.92,9155.43,24
2026-08-13T18:10:00+00:00,9155.43,9158.41,9154.41,9156.92,26
2026-08-13T18:15:00+00:00,9156.92,9157.42,9154.43,9155.92,41
2026-08-13T18:20:00+00:00,9155.92,9155.93,9153.43,9154.42,33
2026-08-13T18:25:00+00:00,9154.42,9157.43,9153.92,9156.42,31.72696704774714
2026-08-13T18:30:00+00:00,9156.42,9158.42,9156.42,9157.92,23
2026-08-13T18:35:00+00:00,9157.92,9159.42,9156.42,9159.42,27
2026-08-13T18:40:00+00:00,9159.42,9159.42,9156.41,9157.43,26
2026-08-13T18:45:00+00:00,9157.43,9157.43,9156.42,9156.42,22
2026-08-13T18:50:00+00:00,9156.42,9157.43,9155.93,9157.41,30.877470355731226
2026-08-13T18:55:00+00:00,9157.41,9157.43,9154.41,9154.41,34.72803347280335
2026-08-13T19:00:00+00:00,9154.41,9155.42,9153.41,9155.42,19
2026-08-13T19:05:00+00:00,9155.42,9156.43,9153.41,9153.41,33
2026-08-13T19:10:00+00:00,9153.41,9154.42,9149.91,9150.43,39
2026-08-13T19:15:00+00:00,9150.43,9152.93,9149.91,9150.42,31
2026-08-13T19:20:00+00:00,9150.42,9151.43,9149.91,9150.42,26
2026-08-13T19:25:00+00:00,9150.42,9151.42,9148.41,9148.43,15
2026-08-13T19:30:00+00:00,9148.43,9150.91,9148.41,9150.42,22
2026-08-13T19:35:00+00:00,9150.42,9151.42,9149.42,9150.42,21
2026-08-13T19:40:00+00:00,9150.42,9150.93,9148.93,9148.93,13
2026-08-13T19:45:00+00:00,9148.93,9151.43,9148.93,9151.41,18
2026-08-13T19:50:00+00:00,9151.41,9151.41,9148.41,9148.42,30
2026-08-13T19:55:00+00:00,9148.42,9150.43,9146.41,9149.41,75
2026-08-13T20:00:00+00:00,9149.41,9155.42,9148.91,9154.91,58
2026-08-13T20:05:00+00:00,9154.91,9155.42,9151.42,9151.92,17.213914849428868
2026-08-13T20:10:00+00:00,9151.92,9151.93,9150.92,9151.91,15.434322033898304
2026-08-13T20:15:00+00:00,9151.91,9151.93,9150.41,9150.93,13.50198748967308
2026-08-13T20:20:00+00:00,9150.93,9151.43,9150.41,9151.43,12.788319891591808
2026-08-13T20:25:00+00:00,9151.43,9151.93,9150.43,9151.43,12
2026-08-13T20:30:00+00:00,9151.43,9152.41,9150.91,9151.92,13.458286985539488
2026-08-13T20:35:00+00:00,9151.92,9151.93,9151.92,9151.93,8.398070605621115
2026-08-13T20:40:00+00:00,9151.93,9153.42,9151.92,9153.41,10.458757062146892
2026-08-13T20:45:00+00:00,9153.41,9153.93,9153.41,9153.93,8
2026-08-13T20:50:00+00:00,9153.93,9154.43,9153.41,9153.91,9.454865181711607
2026-08-13T20:55:00+00:00,9153.91,9154.23,9149.73,9152.73,18.425730994152048
2026-08-13T23:00:00+00:00,9142.51,9144.51,9142.51,9144.51,10.922418486313303
2026-08-13T23:05:00+00:00,9144.51,9149.51,9144.51,9149.51,15.869535964509144
2026-08-13T23:10:00+00:00,9149.51,9152.51,9149.51,9152.51,18.313251516571224
2026-08-13T23:15:00+00:00,9152.51,9153.51,9151.51,9151.51,14.713818223136581
2026-08-13T23:20:00+00:00,9151.51,9152.51,9149.51,9152.51,24.803484996734635
2026-08-13T23:25:00+00:00,9152.51,9155.51,9152.51,9154.51,27.163022941587187
2026-08-13T23:30:00+00:00,9154.51,9156.51,9153.51,9155.51,26.994188335677485
2026-08-13T23:35:00+00:00,9155.51,9158.51,9155.51,9156.51,34.26300898499451
2026-08-13T23:40:00+00:00,9156.51,9160.51,9156.51,9159.51,59.18393501765034
2026-08-13T23:45:00+00:00,9159.51,9164.95,9148.51,9158.51,202.74117831396214
2026-08-13T23:50:00+00:00,9158.51,9158.51,9145.18,9151.19,77.9656771799629
2026-08-13T23:55:00+00:00,9151.19,9154.2,9142.2,9142.7,141
2026-08-14T00:00:00+00:00,9142.7,9146.58,9121.1,9131.1,549
2026-08-14T00:05:00+00:00,9131.1,9131.6,9120.59,9127.09,330
2026-08-14T00:10:00+00:00,9127.09,9139.08,9125.58,9135.58,329
2026-08-14T00:15:00+00:00,9135.58,9143.59,9130.59,9134.59,277
2026-08-14T00:20:00+00:00,9134.59,9138.6,9127.58,9132.08,212
2026-08-14T00:25:00+00:00,9132.08,9135.09,9126.58,9127.1,188
2026-08-14T00:30:00+00:00,9127.1,9133.6,9123.58,9131.6,197
2026-08-14T00:35:00+00:00,9131.6,9133.08,9119.58,9124.58,181
2026-08-14T00:40:00+00:00,9124.58,9124.58,9115.1,9116.58,164
2026-08-14T00:45:00+00:00,9116.58,9126.6,9112.09,9125.1,131
2026-08-14T00:50:00+00:00,9125.1,9126.6,9119.59,9124.58,134
2026-08-14T00:55:00+00:00,9124.58,9125.09,9119.58,9122.59,106
2026-08-14T01:00:00+00:00,9122.59,9126.08,9118.59,9125.09,97
2026-08-14T01:05:00+00:00,9125.09,9133.59,9125.09,9131.58,105
2026-08-14T01:10:00+00:00,9131.58,9131.58,9126.08,9127.1,99
2026-08-14T01:15:00+00:00,9127.1,9138.6,9127.1,9132.58,108
2026-08-14T01:20:00+00:00,9132.58,9139.08,9128.6,9128.6,120
2026-08-14T01:25:00+00:00,9128.6,9137.09,9128.6,9137.09,104
2026-08-14T01:30:00+00:00,9137.09,9140.58,9134.09,9134.09,135
2026-08-14T01:35:00+00:00,9134.09,9141.6,9134.09,9135.59,88
2026-08-14T01:40:00+00:00,9135.59,9137.09,9130.58,9133.59,77
2026-08-14T01:45:00+00:00,9133.59,9135.1,9131.1,9132.59,67
2026-08-14T01:50:00+00:00,9132.59,9135.09,9131.08,9132.59,53
2026-08-14T01:55:00+00:00,9132.59,9133.6,9129.58,9129.59,79
2026-08-14T02:00:00+00:00,9129.59,9134.6,9124.59,9130.6,90
2026-08-14T02:05:00+00:00,9130.6,9132.09,9128.59,9130.1,81
2026-08-14T02:10:00+00:00,9130.1,9132.1,9125.09,9125.09,57
2026-08-14T02:15:00+00:00,9125.09,9128.1,9123.58,9127.58,50
2026-08-14T02:20:00+00:00,9127.58,9132.59,9127.58,9131.59,62
2026-08-14T02:25:00+00:00,9131.59,9131.59,9128.09,9129.58,51
2026-08-14T02:30:00+00:00,9129.58,9131.6,9125.09,9126.09,61
2026-08-14T02:35:00+00:00,9126.09,9127.1,9123.59,9123.59,54
2026-08-14T02:40:00+00:00,9123.59,9124.6,9122.08,9124.1,40
2026-08-14T02:45:00+00:00,9124.1,9126.6,9122.6,9125.08,67
2026-08-14T02:50:00+00:00,9125.08,9126.6,9119.08,9119.09,49
2026-08-14T02:55:00+00:00,9119.09,9119.6,9115.08,9115.6,51.08740575258308
2026-08-14T03:00:00+00:00,9115.6,9118.1,9115.58,9117.58,32
2026-08-14T03:05:00+00:00,9117.58,9117.58,9113.58,9113.58,50
2026-08-14T03:10:00+00:00,9113.58,9116.09,9111.59,9114.6,57
2026-08-14T03:15:00+00:00,9114.6,9118.6,9113.58,9117.09,31
2026-08-14T03:20:00+00:00,9117.09,9123.1,9116.59,9120.59,48
2026-08-14T03:25:00+00:00,9120.59,9120.6,9115.6,9115.6,39
2026-08-14T03:30:00+00:00,9115.6,9118.58,9115.6,9116.08,38
2026-08-14T03:35:00+00:00,9116.08,9117.1,9115.08,9115.59,37
2026-08-14T03:40:00+00:00,9115.59,9118.59,9115.58,9115.6,28
2026-08-14T03:45:00+00:00,9115.6,9115.6,9110.58,9110.58,38
2026-08-14T03:50:00+00:00,9110.58,9111.6,9109.58,9110.58,42
2026-08-14T03:55:00+00:00,9110.58,9112.6,9106.59,9107.09,47
2026-08-14T04:00:00+00:00,9107.09,9110.1,9105.59,9109.59,53
2026-08-14T04:05:00+00:00,9109.59,9113.6,9109.59,9112.59,33
2026-08-14T04:10:00+00:00,9112.59,9113.58,9110.6,9110.6,28
2026-08-14T04:15:00+00:00,9110.6,9111.1,9106.6,9106.6,18
2026-08-14T04:20:00+00:00,9106.6,9107.59,9103.58,9103.6,43
2026-08-14T04:25:00+00:00,9103.6,9103.6,9097.58,9098.6,45
2026-08-14T04:30:00+00:00,9098.6,9101.1,9098.6,9100.08,41
2026-08-14T04:35:00+00:00,9100.08,9103.59,9095.59,9103.59,50
2026-08-14T04:40:00+00:00,9103.59,9105.1,9098.08,9099.59,51
2026-08-14T04:45:00+00:00,9099.59,9102.58,9099.58,9101.59,37
2026-08-14T04:50:00+00:00,9101.59,9101.59,9097.58,9098.59,35
2026-08-14T04:55:00+00:00,9098.59,9099.1,9096.08,9097.59,43
2026-08-14T05:00:00+00:00,9097.59,9098.58,9096.09,9098.58,32
2026-08-14T05:05:00+00:00,9098.58,9100.1,9097.58,9099.6,60
2026-08-14T05:10:00+00:00,9099.6,9103.6,9099.6,9103.6,33
2026-08-14T05:15:00+00:00,9103.6,9106.1,9102.59,9105.59,39
2026-08-14T05:20:00+00:00,9105.59,9108.58,9105.59,9107.08,33.26013513513514
2026-08-14T05:25:00+00:00,9107.08,9108.59,9105.58,9108.09,25
2026-08-14T05:30:00+00:00,9108.09,9108.59,9105.6,9107.6,28
2026-08-14T05:35:00+00:00,9107.6,9110.59,9107.59,9108.09,39
2026-08-14T05:40:00+00:00,9108.09,9108.1,9105.09,9106.6,45
2026-08-14T05:45:00+00:00,9106.6,9107.59,9104.09,9104.59,27
2026-08-14T05:50:00+00:00,9104.59,9110.1,9104.59,9109.6,44
2026-08-14T05:55:00+00:00,9109.6,9109.6,9107.6,9108.59,42
2026-08-14T06:00:00+00:00,9108.59,9108.59,9101.19,9105.69,84
2026-08-14T06:05:00+00:00,9105.69,9113.18,9104.7,9113.18,105
2026-08-14T06:10:00+00:00,9113.18,9113.7,9107.18,9110.19,86
2026-08-14T06:15:00+00:00,9110.19,9111.2,9109.2,9109.7,29
2026-08-14T06:20:00+00:00,9109.7,9111.2,9108.68,9111.2,43
2026-08-14T06:25:00+00:00,9111.2,9113.5,9106.18,9113,69
2026-08-14T07:10:00+00:00,9106.22,9106.22,9085.41,9087.41,85
2026-08-14T07:15:00+00:00,9087.41,9088.92,9083.41,9084.41,61
2026-08-14T07:20:00+00:00,9084.41,9091.41,9081.41,9091.41,61
2026-08-14T07:25:00+00:00,9091.41,9091.41,9085.4,9086.41,58
2026-08-14T07:30:00+00:00,9086.41,9088.41,9086.4,9087.4,47
2026-08-14T07:35:00+00:00,9087.4,9090.4,9086.41,9087.4,53
2026-08-14T07:40:00+00:00,9087.4,9089.91,9086.91,9089.91,41
2026-08-14T07:45:00+00:00,9089.91,9091.42,9087.4,9088.42,55
2026-08-14T07:50:00+00:00,9088.42,9091.42,9087.91,9089.42,58
2026-08-14T07:55:00+00:00,9089.42,9092.9,9088.4,9090.42,32
2026-08-14T08:00:00+00:00,9090.42,9093.41,9086.4,9086.4,106
2026-08-14T08:05:00+00:00,9086.4,9087.42,9083.4,9087.42,47
2026-08-14T08:10:00+00:00,9087.42,9087.42,9085.4,9087.4,50
2026-08-14T08:15:00+00:00,9087.4,9089.91,9086.4,9086.4,40
2026-08-14T08:20:00+00:00,9086.4,9087.91,9083.9,9086.4,28
2026-08-14T08:25:00+00:00,9086.4,9091.4,9086.4,9090.42,70
2026-08-14T08:30:00+00:00,9090.42,9091.9,9088.4,9090.41,77
2026-08-14T08:35:00+00:00,9090.41,9093.42,9089.42,9093.41,46
2026-08-14T08:40:00+00:00,9093.41,9093.42,9091.41,9092.4,36
2026-08-14T08:45:00+00:00,9092.4,9092.92,9091.41,9091.42,34
2026-08-14T08:50:00+00:00,9091.42,9094.92,9091.42,9094.42,20
2026-08-14T08:55:00+00:00,9094.42,9095.42,9091.4,9091.4,41
2026-08-14T09:00:00+00:00,9091.4,9093.42,9090.4,9093.42,41
2026-08-14T09:05:00+00:00,9093.42,9095.41,9092.42,9094.41,36
2026-08-14T09:10:00+00:00,9094.41,9096.41,9094.41,9094.9,38
2026-08-14T09:15:00+00:00,9094.9,9094.9,9092.9,9094.9,32
2026-08-14T09:20:00+00:00,9094.9,9097.9,9094.41,9097.9,33
2026-08-14T09:25:00+00:00,9097.9,9098.42,9094.41,9094.42,24
2026-08-14T09:30:00+00:00,9094.42,9096.41,9090.4,9090.4,56
2026-08-14T09:35:00+00:00,9090.4,9090.42,9087.4,9087.4,30
2026-08-14T09:40:00+00:00,9087.4,9093.42,9087.4,9093.42,44
2026-08-14T09:45:00+00:00,9093.42,9095.42,9092.4,9092.4,30
2026-08-14T09:50:00+00:00,9092.4,9092.9,9090.92,9092.9,34
2026-08-14T09:55:00+00:00,9092.9,9092.9,9089.4,9090.42,32
2026-08-14T10:00:00+00:00,9090.42,9097.9,9090.42,9097.9,52
2026-08-14T10:05:00+00:00,9097.9,9099.41,9097.42,9098.42,36
2026-08-14T10:10:00+00:00,9098.42,9099.42,9097.42,9098.9,34
2026-08-14T10:15:00+00:00,9098.9,9098.9,9094.41,9094.42,28
2026-08-14T10:20:00+00:00,9094.42,9095.42,9092.41,9094.9,27.189969604863222
2026-08-14T10:25:00+00:00,9094.9,9095.41,9092.4,9093.91,18
2026-08-14T10:30:00+00:00,9093.91,9094.41,9091.9,9093.9,34
2026-08-14T10:35:00+00:00,9093.9,9095.9,9092.41,9095.9,23
2026-08-14T10:40:00+00:00,9095.9,9096.42,9094.4,9095.42,33
2026-08-14T10:45:00+00:00,9095.42,9095.42,9092.91,9092.92,17
2026-08-14T10:50:00+00:00,9092.92,9094.91,9092.92,9094.42,22
2026-08-14T10:55:00+00:00,9094.42,9094.42,9092.4,9093.42,36
2026-08-14T11:00:00+00:00,9093.42,9093.42,9087.4,9087.9,56
2026-08-14T11:05:00+00:00,9087.9,9088.41,9084.41,9084.91,38
2026-08-14T11:10:00+00:00,9084.91,9084.91,9082.4,9083.42,31.930971843778384
2026-08-14T11:15:00+00:00,9083.42,9087.42,9083.4,9087.42,17
2026-08-14T11:20:00+00:00,9087.42,9092.42,9087.42,9092.4,43
2026-08-14T11:25:00+00:00,9092.4,9093.92,9091.4,9091.4,15
2026-08-14T11:30:00+00:00,9091.4,9093.92,9091.4,9093.42,14
2026-08-14T11:35:00+00:00,9093.42,9096.42,9093.42,9095.41,41
2026-08-14T11:40:00+00:00,9095.41,9096.41,9094.41,9096.4,35
2026-08-14T11:45:00+00:00,9096.4,9096.42,9093.4,9093.91,47
2026-08-14T11:50:00+00:00,9093.91,9094.9,9089.9,9090.4,33
2026-08-14T11:55:00+00:00,9090.4,9092.92,9089.9,9092.42,46
2026-08-14T12:00:00+00:00,9092.42,9094.42,9090.91,9090.91,47
2026-08-14T12:05:00+00:00,9090.91,9093.42,9090.9,9090.9,48
2026-08-14T12:10:00+00:00,9090.9,9094.42,9085.9,9094.41,78
2026-08-14T12:15:00+00:00,9094.41,9098.42,9092.41,9098.42,39
2026-08-14T12:20:00+00:00,9098.42,9098.91,9092.9,9095.4,46
2026-08-14T12:25:00+00:00,9095.4,9100.4,9094.92,9100.4,29
2026-08-14T12:30:00+00:00,9100.4,9102.41,9096.9,9098.41,149
2026-08-14T12:35:00+00:00,9098.41,9098.92,9095.41,9096.41,41
2026-08-14T12:40:00+00:00,9096.41,9096.42,9094.4,9095.9,44
2026-08-14T12:45:00+00:00,9095.9,9096.42,9092.41,9095.91,53
2026-08-14T12:50:00+00:00,9095.91,9097.41,9095.41,9095.92,32
2026-08-14T12:55:00+00:00,9095.92,9096.92,9094.92,9094.92,36
2026-08-14T13:00:00+00:00,9094.92,9095.9,9093.41,9095.42,49
2026-08-14T13:05:00+00:00,9095.42,9095.42,9091.4,9093.4,33
2026-08-14T13:10:00+00:00,9093.4,9093.92,9089.41,9089.41,51
2026-08-14T13:15:00+00:00,9089.41,9092.91,9088.91,9092.41,56
2026-08-14T13:20:00+00:00,9092.41,9093.9,9089.92,9093.9,60
2026-08-14T13:25:00+00:00,9093.9,9095.91,9093.42,9094.4,55
2026-08-14T13:30:00+00:00,9094.4,9095.41,9088.92,9094.9,214
2026-08-14T13:35:00+00:00,9094.9,9098.42,9094.4,9095.41,99
2026-08-14T13:40:00+00:00,9095.41,9096.42,9091.4,9095.42,98
2026-08-14T13:45:00+00:00,9095.42,9097.41,9088.92,9090.4,125
2026-08-14T13:50:00+00:00,9090.4,9093.91,9089.42,9091.91,88
2026-08-14T13:55:00+00:00,9091.91,9094.4,9090.4,9092.42,70
2026-08-14T14:00:00+00:00,9092.42,9093.92,9087.4,9092.42,90
2026-08-14T14:05:00+00:00,9092.42,9092.42,9087.4,9090.42,56
2026-08-14T14:10:00+00:00,9090.42,9091.42,9087.4,9087.42,63
2026-08-14T14:15:00+00:00,9087.42,9088.41,9083.91,9084.4,40
2026-08-14T14:20:00+00:00,9084.4,9087.42,9083.41,9085.92,95
2026-08-14T14:25:00+00:00,9085.92,9088.42,9085.9,9087.41,112
2026-08-14T14:30:00+00:00,9087.41,9088.92,9079.4,9079.4,123
2026-08-14T14:35:00+00:00,9079.4,9082.42,9078.4,9082.4,89
2026-08-14T14:40:00+00:00,9082.4,9082.4,9076.41,9077.41,61
2026-08-14T14:45:00+00:00,9077.41,9078.42,9075.9,9076.4,39
2026-08-14T14:50:00+00:00,9076.4,9076.42,9071.4,9072.4,44
2026-08-14T14:55:00+00:00,9072.4,9073.91,9071.41,9073.41,33
2026-08-14T15:00:00+00:00,9073.41,9078.4,9072.9,9076.91,60
2026-08-14T15:05:00+00:00,9076.91,9076.91,9069.92,9070.4,29
2026-08-14T15:10:00+00:00,9070.4,9075.92,9069.9,9074.92,64
2026-08-14T15:15:00+00:00,9074.92,9075.42,9071.4,9071.92,96
2026-08-14T15:20:00+00:00,9071.92,9072.92,9068.9,9069.91,44
2026-08-14T15:25:00+00:00,9069.91,9070.91,9066.41,9070.91,110
2026-08-14T15:30:00+00:00,9070.91,9071.42,9063.4,9064.9,119
2026-08-14T15:35:00+00:00,9064.9,9065.41,9061.9,9061.92,84
2026-08-14T15:40:00+00:00,9061.92,9062.92,9060.9,9062.4,75
2026-08-14T15:45:00+00:00,9062.4,9066.42,9062.4,9063.9,38
2026-08-14T15:50:00+00:00,9063.9,9065.92,9062.91,9065.41,61
2026-08-14T15:55:00+00:00,9065.41,9065.92,9063.41,9065.42,44
2026-08-14T16:00:00+00:00,9065.42,9069.4,9065.42,9067.4,44
2026-08-14T16:05:00+00:00,9067.4,9067.91,9063.9,9064.41,57
2026-08-14T16:10:00+00:00,9064.41,9064.42,9062.42,9064.42,43
2026-08-14T16:15:00+00:00,9064.42,9068.42,9064.42,9068.42,25
2026-08-14T16:20:00+00:00,9068.42,9069.92,9066.4,9067.42,17
2026-08-14T16:25:00+00:00,9067.42,9067.92,9065.41,9067.4,30.129609346476816
2026-08-14T16:30:00+00:00,9067.4,9067.42,9064.41,9065.9,36
2026-08-14T16:35:00+00:00,9065.9,9069.42,9065.4,9068.41,32
2026-08-14T16:40:00+00:00,9068.41,9068.41,9064.42,9065.4,22
2026-08-14T16:45:00+00:00,9065.4,9066.41,9063.9,9066.41,24
2026-08-14T16:50:00+00:00,9066.41,9066.41,9064.4,9065.92,32.36763005780347
2026-08-14T16:55:00+00:00,9065.92,9066.42,9064.4,9064.42,35
2026-08-14T17:00:00+00:00,9064.42,9066.41,9063.4,9065.91,62
2026-08-14T17:05:00+00:00,9065.91,9066.41,9064.41,9065.9,26
2026-08-14T17:10:00+00:00,9065.9,9066.4,9063.9,9065.42,56
2026-08-14T17:15:00+00:00,9065.42,9066.42,9064.42,9065.91,22
2026-08-14T17:20:00+00:00,9065.91,9067.4,9064.91,9065.42,28
2026-08-14T17:25:00+00:00,9065.42,9066.42,9064.42,9065.42,28.504282655246254
2026-08-14T17:30:00+00:00,9065.42,9067.42,9065.41,9066.4,29
2026-08-14T17:35:00+00:00,9066.4,9066.4,9062.91,9063.4,28
2026-08-14T17:40:00+00:00,9063.4,9066.41,9063.4,9065.4,32
2026-08-14T17:45:00+00:00,9065.4,9065.91,9063.4,9063.92,19.73427866831073
2026-08-14T17:50:00+00:00,9063.92,9065.42,9063.42,9065.4,12
2026-08-14T17:55:00+00:00,9065.4,9065.91,9064.4,9064.41,18
2026-08-14T18:00:00+00:00,9064.41,9065.42,9063.4,9064.9,27
2026-08-14T18:05:00+00:00,9064.9,9067.42,9064.4,9066.91,25
2026-08-14T18:10:00+00:00,9066.91,9067.42,9065.4,9066.4,28
2026-08-14T18:15:00+00:00,9066.4,9067.42,9066.4,9067.41,14
2026-08-14T18:20:00+00:00,9067.41,9067.92,9066.42,9067.41,17.81192660550459
2026-08-14T18:25:00+00:00,9067.41,9068.4,9067.4,9068.4,7
2026-08-14T18:30:00+00:00,9068.4,9071.42,9067.9,9071.4,33
2026-08-14T18:35:00+00:00,9071.4,9075.41,9070.41,9072.92,35
2026-08-14T18:40:00+00:00,9072.92,9072.92,9068.92,9068.92,34
2026-08-14T18:45:00+00:00,9068.92,9071.42,9068.41,9070.9,32
2026-08-14T18:50:00+00:00,9070.9,9073.41,9070.41,9072.91,25
2026-08-14T18:55:00+00:00,9072.91,9074.41,9072.42,9074.4,31.585267406659938
2026-08-14T19:00:00+00:00,9074.4,9074.92,9072.4,9072.9,36
2026-08-14T19:05:00+00:00,9072.9,9075.41,9072.41,9075.41,24
2026-08-14T19:10:00+00:00,9075.41,9076.42,9072.4,9072.4,20
2026-08-14T19:15:00+00:00,9072.4,9074.4,9071.9,9073.4,22
2026-08-14T19:20:00+00:00,9073.4,9076.41,9073.4,9076.4,22
2026-08-14T19:25:00+00:00,9076.4,9079.41,9076.4,9077.41,22
2026-08-14T19:30:00+00:00,9077.41,9079.41,9076.9,9079.41,16.60445387062566
2026-08-14T19:35:00+00:00,9079.41,9080.42,9079.4,9080.42,9
2026-08-14T19:40:00+00:00,9080.42,9080.92,9076.9,9076.9,15
2026-08-14T19:45:00+00:00,9076.9,9077.42,9075.41,9077.4,34
2026-08-14T19:50:00+00:00,9077.4,9077.42,9073.42,9073.42,45
2026-08-14T19:55:00+00:00,9073.42,9078.41,9071.91,9077.9,68
2026-08-14T20:00:00+00:00,9077.9,9082.4,9075.91,9080.9,29
2026-08-14T20:05:00+00:00,9080.9,9081.42,9076.41,9076.41,24.04747162022704
2026-08-14T20:10:00+00:00,9076.41,9076.91,9075.4,9076.42,11
2026-08-14T20:15:00+00:00,9076.42,9076.92,9075.9,9076.92,12
2026-08-14T20:20:00+00:00,9076.92,9076.92,9075.4,9075.91,10
2026-08-14T20:25:00+00:00,9075.91,9075.91,9075.9,9075.9,7.8578020322773225
2026-08-14T20:30:00+00:00,9075.9,9076.92,9075.9,9076.9,10.126931567328919
2026-08-14T20:35:00+00:00,9076.9,9076.91,9076.4,9076.41,10.225913621262459
2026-08-14T20:40:00+00:00,9076.41,9076.92,9074.41,9074.41,9
2026-08-16T23:50:00+00:00,9073.41,9086.05,9073.41,9084.53,41
2026-08-16T23:55:00+00:00,9084.53,9087.04,9080.53,9081.03,56
2026-08-17T00:00:00+00:00,9081.03,9094.93,9079.44,9079.93,367
2026-08-17T00:05:00+00:00,9079.93,9086.95,9077.43,9077.93,215
2026-08-17T00:10:00+00:00,9077.93,9084.44,9077.43,9081.43,177
2026-08-17T00:15:00+00:00,9081.43,9082.44,9075.43,9076.94,210
2026-08-17T00:20:00+00:00,9076.94,9082.43,9075.93,9079.93,100
2026-08-17T00:25:00+00:00,9079.93,9094.43,9079.45,9094.43,124
2026-08-17T00:30:00+00:00,9094.43,9094.43,9087.43,9087.45,106
2026-08-17T00:35:00+00:00,9087.45,9089.95,9085.43,9085.44,82
2026-08-17T00:40:00+00:00,9085.44,9086.95,9081.43,9082.93,114
2026-08-17T00:45:00+00:00,9082.93,9086.95,9079.44,9081.44,123
2026-08-17T00:50:00+00:00,9081.44,9083.44,9080.43,9082.44,73
2026-08-17T00:55:00+00:00,9082.44,9086.44,9080.45,9080.95,80
2026-08-17T01:00:00+00:00,9080.95,9086.43,9080.93,9081.93,99
2026-08-17T01:05:00+00:00,9081.93,9092.43,9079.45,9089.43,109
2026-08-17T01:10:00+00:00,9089.43,9092.45,9087.43,9090.44,68
2026-08-17T01:15:00+00:00,9090.44,9096.45,9086.95,9094.95,80
2026-08-17T01:20:00+00:00,9094.95,9094.95,9088.44,9091.45,87
2026-08-17T01:25:00+00:00,9091.45,9099.45,9090.94,9099.45,109
2026-08-17T01:30:00+00:00,9099.45,9104.45,9097.93,9097.93,78
2026-08-17T01:35:00+00:00,9097.93,9108.44,9097.93,9107.43,131
2026-08-17T01:40:00+00:00,9107.43,9107.45,9102.45,9104.93,114
2026-08-17T01:45:00+00:00,9104.93,9105.45,9096.43,9096.43,83
2026-08-17T01:50:00+00:00,9096.43,9096.43,9090.43,9091.93,132
2026-08-17T01:55:00+00:00,9091.93,9093.43,9089.93,9089.94,51
2026-08-17T02:00:00+00:00,9089.94,9091.45,9087.43,9088.45,81
2026-08-17T02:05:00+00:00,9088.45,9089.45,9082.93,9083.95,91
2026-08-17T02:10:00+00:00,9083.95,9088.94,9083.94,9085.94,35
2026-08-17T02:15:00+00:00,9085.94,9090.94,9085.94,9090.43,39
2026-08-17T02:20:00+00:00,9090.43,9091.43,9086.95,9087.43,50
2026-08-17T02:25:00+00:00,9087.43,9089.94,9084.93,9089.94,69
2026-08-17T02:30:00+00:00,9089.94,9089.95,9086.43,9086.45,55
2026-08-17T02:35:00+00:00,9086.45,9090.45,9086.45,9087.43,55
2026-08-17T02:40:00+00:00,9087.43,9087.44,9082.93,9084.44,49.383430474604495
2026-08-17T02:45:00+00:00,9084.44,9087.94,9083.45,9086.95,65
2026-08-17T02:50:00+00:00,9086.95,9093.45,9086.95,9089.45,44
2026-08-17T02:55:00+00:00,9089.45,9089.45,9080.44,9080.44,44
2026-08-17T03:00:00+00:00,9080.44,9087.44,9080.43,9084.93,46
2026-08-17T03:05:00+00:00,9084.93,9087.95,9084.45,9086.95,30
2026-08-17T03:10:00+00:00,9086.95,9086.95,9083.45,9084.44,47
2026-08-17T03:15:00+00:00,9084.44,9084.44,9077.94,9078.93,45
2026-08-17T03:20:00+00:00,9078.93,9082.44,9077.44,9082.44,60
2026-08-17T03:25:00+00:00,9082.44,9083.43,9079.43,9080.94,39
2026-08-17T03:30:00+00:00,9080.94,9081.95,9078.44,9081.45,49
2026-08-17T03:35:00+00:00,9081.45,9081.93,9079.43,9080.95,54
2026-08-17T03:40:00+00:00,9080.95,9080.95,9078.43,9080.44,40
2026-08-17T03:45:00+00:00,9080.44,9080.45,9076.93,9078.43,43
2026-08-17T03:50:00+00:00,9078.43,9081.94,9078.43,9081.44,45.82160392798691
2026-08-17T03:55:00+00:00,9081.44,9081.94,9077.94,9078.43,54
2026-08-17T04:00:00+00:00,9078.43,9082.94,9078.43,9081.93,74
2026-08-17T04:05:00+00:00,9081.93,9082.45,9076.45,9077.43,48
2026-08-17T04:10:00+00:00,9077.43,9080.93,9077.43,9079.44,36
2026-08-17T04:15:00+00:00,9079.44,9079.45,9076.94,9077.93,25
2026-08-17T04:20:00+00:00,9077.93,9079.44,9075.45,9075.95,40
2026-08-17T04:25:00+00:00,9075.95,9076.95,9072.43,9072.44,22.99630996309963
2026-08-17T04:30:00+00:00,9072.44,9072.44,9066.44,9066.44,38
2026-08-17T04:35:00+00:00,9066.44,9066.44,9063.44,9064.93,49
2026-08-17T04:40:00+00:00,9064.93,9065.45,9063.44,9064.45,46
2026-08-17T04:45:00+00:00,9064.45,9065.94,9063.43,9063.45,60
2026-08-17T04:50:00+00:00,9063.45,9067.44,9062.45,9066.94,62.584717607973424
2026-08-17T04:55:00+00:00,9066.94,9067.45,9064.43,9064.45,31
2026-08-17T05:00:00+00:00,9064.45,9067.95,9064.43,9067.43,75
2026-08-17T05:05:00+00:00,9067.43,9072.45,9066.44,9070.43,56
2026-08-17T05:10:00+00:00,9070.43,9071.44,9068.43,9068.95,52
2026-08-17T05:15:00+00:00,9068.95,9069.44,9065.43,9065.44,56
2026-08-17T05:20:00+00:00,9065.44,9068.43,9063.45,9065.44,41
2026-08-17T05:25:00+00:00,9065.44,9069.44,9064.43,9065.44,47
2026-08-17T05:30:00+00:00,9065.44,9068.95,9064.43,9068.94,51
2026-08-17T05:35:00+00:00,9068.94,9069.43,9066.43,9067.45,50
2026-08-17T05:40:00+00:00,9067.45,9068.45,9064.43,9065.45,63
2026-08-17T05:45:00+00:00,9065.45,9066.43,9062.44,9063.94,50
2026-08-17T05:50:00+00:00,9063.94,9063.94,9060.94,9061.45,36
2026-08-17T05:55:00+00:00,9061.45,9063.93,9061.43,9062.44,41
2026-08-17T06:00:00+00:00,9062.44,9069.04,9058.03,9068.03,153
2026-08-17T06:05:00+00:00,9068.03,9069.04,9061.03,9067.55,161
2026-08-17T06:10:00+00:00,9067.55,9070.54,9066.54,9069.03,104
2026-08-17T06:15:00+00:00,9069.03,9070.04,9064.03,9064.05,57
2026-08-17T06:20:00+00:00,9064.05,9067.05,9063.05,9067.04,53
2026-08-17T06:25:00+00:00,9067.04,9071.53,9067.04,9071.35,57
2026-08-17T07:10:00+00:00,9072.35,9072.35,9059.05,9059.05,84
2026-08-17T07:15:00+00:00,9059.05,9059.05,9052.53,9057.03,49
2026-08-17T07:20:00+00:00,9057.03,9057.54,9048.05,9048.53,50
2026-08-17T07:25:00+00:00,9048.53,9055.55,9046.05,9055.55,64
2026-08-17T07:30:00+00:00,9055.55,9060.03,9054.05,9060.03,57
2026-08-17T07:35:00+00:00,9060.03,9063.53,9058.03,9063.03,57
2026-08-17T07:40:00+00:00,9063.03,9064.04,9061.03,9062.04,29
2026-08-17T07:45:00+00:00,9062.04,9065.05,9061.04,9064.04,26
2026-08-17T07:50:00+00:00,9064.04,9065.04,9058.03,9058.03,37
2026-08-17T07:55:00+00:00,9058.03,9058.04,9055.54,9058.04,36
2026-08-17T08:00:00+00:00,9058.04,9061.03,9051.05,9051.05,73
2026-08-17T08:05:00+00:00,9051.05,9052.55,9050.05,9052.54,44
2026-08-17T08:10:00+00:00,9052.54,9058.05,9052.03,9058.05,42
2026-08-17T08:15:00+00:00,9058.05,9058.05,9052.54,9052.54,51
2026-08-17T08:20:00+00:00,9052.54,9055.03,9052.04,9052.53,39
2026-08-17T08:25:00+00:00,9052.53,9053.05,9052.03,9053.04,17
2026-08-17T08:30:00+00:00,9053.04,9055.53,9050.55,9051.05,25
2026-08-17T08:35:00+00:00,9051.05,9052.55,9049.55,9052.04,29
2026-08-17T08:40:00+00:00,9052.04,9052.04,9048.05,9049.04,28
2026-08-17T08:45:00+00:00,9049.04,9050.04,9045.03,9045.55,28
2026-08-17T08:50:00+00:00,9045.55,9046.05,9043.03,9046.05,49
2026-08-17T08:55:00+00:00,9046.05,9050.03,9046.05,9048.03,25
2026-08-17T09:00:00+00:00,9048.03,9048.54,9045.03,9045.04,42
2026-08-17T09:05:00+00:00,9045.04,9046.55,9044.54,9046.55,17
2026-08-17T09:10:00+00:00,9046.55,9047.05,9043.53,9046.04,33
2026-08-17T09:15:00+00:00,9046.04,9047.05,9043.03,9044.03,37
2026-08-17T09:20:00+00:00,9044.03,9046.04,9043.55,9043.55,17
2026-08-17T09:25:00+00:00,9043.55,9046.04,9043.05,9046.04,21
2026-08-17T09:30:00+00:00,9046.04,9047.05,9044.03,9045.03,16
2026-08-17T09:35:00+00:00,9045.03,9045.55,9040.04,9041.03,32
2026-08-17T09:40:00+00:00,9041.03,9044.04,9041.03,9043.05,17.81758241758242
2026-08-17T09:45:00+00:00,9043.05,9043.55,9039.03,9039.03,37
2026-08-17T09:50:00+00:00,9039.03,9040.05,9037.04,9037.54,17
2026-08-17T09:55:00+00:00,9037.54,9038.05,9036.04,9037.03,25
2026-08-17T10:00:00+00:00,9037.03,9041.05,9036.53,9041.04,42
2026-08-17T10:05:00+00:00,9041.04,9045.54,9041.04,9042.04,24
2026-08-17T10:10:00+00:00,9042.04,9042.55,9040.53,9041.03,35
2026-08-17T10:15:00+00:00,9041.03,9045.53,9041.03,9041.53,49
2026-08-17T10:20:00+00:00,9041.53,9044.05,9041.53,9043.54,39
2026-08-17T10:25:00+00:00,9043.54,9058.55,9040.04,9058.03,179
2026-08-17T10:30:00+00:00,9058.03,9058.54,9042.05,9042.05,274
2026-08-17T10:35:00+00:00,9042.05,9045.05,9041.04,9044.53,47
2026-08-17T10:40:00+00:00,9044.53,9048.05,9044.53,9046.05,36
2026-08-17T10:45:00+00:00,9046.05,9048.03,9042.54,9044.03,33
2026-08-17T10:50:00+00:00,9044.03,9046.05,9044.03,9044.04,57
2026-08-17T10:55:00+00:00,9044.04,9045.05,9043.03,9044.03,42
2026-08-17T11:00:00+00:00,9044.03,9044.05,9041.53,9043.03,59
2026-08-17T11:05:00+00:00,9043.03,9043.05,9039.53,9041.54,39
2026-08-17T11:10:00+00:00,9041.54,9041.54,9039.03,9039.04,24
2026-08-17T11:15:00+00:00,9039.04,9039.05,9035.53,9035.53,25
2026-08-17T11:20:00+00:00,9035.53,9042.53,9035.53,9042.04,40
2026-08-17T11:25:00+00:00,9042.04,9043.53,9041.04,9042.05,23
2026-08-17T11:30:00+00:00,9042.05,9045.03,9042.05,9043.04,34.66666666666667
2026-08-17T11:35:00+00:00,9043.04,9043.05,9041.04,9041.54,21
2026-08-17T11:40:00+00:00,9041.54,9041.54,9038.55,9040.05,33
2026-08-17T11:45:00+00:00,9040.05,9041.05,9036.54,9036.54,28
2026-08-17T11:50:00+00:00,9036.54,9037.55,9032.04,9032.55,37
2026-08-17T11:55:00+00:00,9032.55,9034.04,9032.04,9032.54,19
2026-08-17T12:00:00+00:00,9032.54,9035.05,9029.03,9029.55,49
2026-08-17T12:05:00+00:00,9029.55,9030.55,9026.04,9027.03,39
2026-08-17T12:10:00+00:00,9027.03,9027.53,9024.04,9024.55,31
2026-08-17T12:15:00+00:00,9024.55,9025.04,9021.03,9021.04,33
2026-08-17T12:20:00+00:00,9021.04,9021.04,9019.53,9019.53,28
2026-08-17T12:25:00+00:00,9019.53,9020.55,9010.05,9013.05,151
2026-08-17T12:30:00+00:00,9013.05,9015.05,9010.54,9014.54,95
2026-08-17T12:35:00+00:00,9014.54,9015.54,9011.53,9013.04,70
2026-08-17T12:40:00+00:00,9013.04,9014.05,9007.03,9008.54,53
2026-08-17T12:45:00+00:00,9008.54,9014.04,9005.03,9010.05,72
2026-08-17T12:50:00+00:00,9010.05,9012.03,9005.04,9006.03,87
2026-08-17T12:55:00+00:00,9006.03,9011.03,9005.03,9009.55,37
2026-08-17T13:00:00+00:00,9009.55,9013.04,9008.03,9010.53,54
2026-08-17T13:05:00+00:00,9010.53,9013.05,9010.53,9013.05,28
2026-08-17T13:10:00+00:00,9013.05,9014.53,9010.53,9010.53,33
2026-08-17T13:15:00+00:00,9010.53,9015.05,9010.03,9014.04,26
2026-08-17T13:20:00+00:00,9014.04,9015.05,9009.53,9012.03,67.93968023255815
2026-08-17T13:25:00+00:00,9012.03,9014.53,9011.53,9013.54,71
2026-08-17T13:30:00+00:00,9013.54,9025.03,9012.05,9022.54,154
2026-08-17T13:35:00+00:00,9022.54,9027.55,9021.53,9027.03,136
2026-08-17T13:40:00+00:00,9027.03,9033.05,9027.03,9027.55,66
2026-08-17T13:45:00+00:00,9027.55,9036.04,9025.53,9035.04,116
2026-08-17T13:50:00+00:00,9035.04,9040.05,9035.04,9039.53,95
2026-08-17T13:55:00+00:00,9039.53,9043.05,9039.03,9043.05,94
2026-08-17T14:00:00+00:00,9043.05,9043.05,9038.03,9043.03,70
2026-08-17T14:05:00+00:00,9043.03,9043.05,9038.03,9039.03,70
2026-08-17T14:10:00+00:00,9039.03,9041.03,9038.03,9039.05,58
2026-08-17T14:15:00+00:00,9039.05,9043.55,9038.54,9043.04,53
2026-08-17T14:20:00+00:00,9043.04,9043.55,9031.55,9034.03,51
2026-08-17T14:25:00+00:00,9034.03,9035.55,9030.53,9031.05,42
2026-08-17T14:30:00+00:00,9031.05,9039.54,9031.05,9039.53,39
2026-08-17T14:35:00+00:00,9039.53,9040.54,9030.05,9031.54,87
2026-08-17T14:40:00+00:00,9031.54,9033.05,9031.05,9031.05,27
2026-08-17T14:45:00+00:00,9031.05,9032.05,9028.55,9030.04,50
2026-08-17T14:50:00+00:00,9030.04,9031.54,9027.05,9028.03,48
2026-08-17T14:55:00+00:00,9028.03,9028.05,9025.53,9027.04,29
2026-08-17T15:00:00+00:00,9027.04,9034.05,9027.03,9034.03,67
2026-08-17T15:05:00+00:00,9034.03,9034.03,9025.05,9025.54,103
2026-08-17T15:10:00+00:00,9025.54,9027.55,9024.53,9026.03,37
2026-08-17T15:15:00+00:00,9026.03,9027.05,9023.04,9025.55,55
2026-08-17T15:20:00+00:00,9025.55,9029.55,9025.53,9029.55,56
2026-08-17T15:25:00+00:00,9029.55,9033.05,9028.54,9032.04,29
2026-08-17T15:30:00+00:00,9032.04,9033.04,9028.54,9029.03,49
2026-08-17T15:35:00+00:00,9029.03,9032.05,9028.53,9032.05,41
2026-08-17T15:40:00+00:00,9032.05,9036.05,9031.53,9035.05,38
2026-08-17T15:45:00+00:00,9035.05,9035.05,9030.03,9033.54,31
2026-08-17T15:50:00+00:00,9033.54,9035.53,9033.03,9034.53,12
2026-08-17T15:55:00+00:00,9034.53,9035.03,9032.03,9034.53,18
2026-08-17T16:00:00+00:00,9034.53,9036.05,9033.53,9036.04,29
2026-08-17T16:05:00+00:00,9036.04,9036.04,9033.04,9035.05,21.740884783665532
2026-08-17T16:10:00+00:00,9035.05,9037.05,9034.03,9036.03,24
2026-08-17T16:15:00+00:00,9036.03,9037.05,9035.53,9036.53,22
2026-08-17T16:20:00+00:00,9036.53,9037.05,9034.54,9034.55,20
2026-08-17T16:25:00+00:00,9034.55,9035.05,9031.03,9031.04,40
2026-08-17T16:30:00+00:00,9031.04,9031.05,9029.03,9029.05,8
2026-08-17T16:35:00+00:00,9029.05,9029.55,9029.03,9029.04,8
2026-08-17T16:40:00+00:00,9029.04,9030.04,9027.03,9028.03,24.17074388417374
2026-08-17T16:45:00+00:00,9028.03,9028.03,9025.05,9027.03,21
2026-08-17T16:50:00+00:00,9027.03,9029.04,9027.03,9029.04,23
2026-08-17T16:55:00+00:00,9029.04,9031.03,9027.05,9029.05,27.343572241183164
2026-08-17T17:00:00+00:00,9029.05,9030.05,9027.04,9027.54,23
2026-08-17T17:05:00+00:00,9027.54,9028.05,9027.03,9027.03,13.233418367346939
2026-08-17T17:10:00+00:00,9027.03,9029.05,9027.03,9028.53,17.71345029239766
2026-08-17T17:15:00+00:00,9028.53,9030.05,9027.04,9028.04,29
2026-08-17T17:20:00+00:00,9028.04,9029.04,9023.03,9024.04,55
2026-08-17T17:25:00+00:00,9024.04,9025.04,9022.04,9024.04,33
2026-08-17T17:30:00+00:00,9024.04,9026.05,9021.04,9024.55,57
2026-08-17T17:35:00+00:00,9024.55,9025.03,9019.53,9019.53,59
2026-08-17T17:40:00+00:00,9019.53,9026.55,9019.53,9026.55,51
2026-08-17T17:45:00+00:00,9026.55,9028.04,9026.03,9026.04,16
2026-08-17T17:50:00+00:00,9026.04,9026.05,9024.53,9025.04,15
2026-08-17T17:55:00+00:00,9025.04,9025.55,9024.04,9024.05,28
2026-08-17T18:00:00+00:00,9024.05,9025.05,9021.54,9024.03,47
2026-08-17T18:05:00+00:00,9024.03,9024.53,9022.03,9024.03,28
2026-08-17T18:10:00+00:00,9024.03,9027.05,9023.03,9026.53,41
2026-08-17T18:15:00+00:00,9026.53,9028.05,9026.53,9028.03,30
2026-08-17T18:20:00+00:00,9028.03,9028.03,9025.03,9027.05,48
2026-08-17T18:25:00+00:00,9027.05,9028.05,9026.04,9028.05,30
2026-08-17T18:30:00+00:00,9028.05,9028.05,9025.03,9025.03,36
2026-08-17T18:35:00+00:00,9025.03,9027.05,9025.03,9026.04,30
2026-08-17T18:40:00+00:00,9026.04,9027.04,9023.03,9023.03,15
2026-08-17T18:45:00+00:00,9023.03,9024.05,9021.05,9023.54,24
2026-08-17T18:50:00+00:00,9023.54,9024.54,9022.04,9022.54,22
2026-08-17T18:55:00+00:00,9022.54,9023.03,9022.03,9022.55,11
2026-08-17T19:00:00+00:00,9022.55,9024.04,9020.05,9020.55,34
2026-08-17T19:05:00+00:00,9020.55,9023.05,9019.54,9020.55,35
2026-08-17T19:10:00+00:00,9020.55,9025.05,9019.03,9025.05,44
2026-08-17T19:15:00+00:00,9025.05,9028.03,9023.03,9027.03,20
2026-08-17T19:20:00+00:00,9027.03,9027.55,9022.55,9025.05,22
2026-08-17T19:25:00+00:00,9025.05,9028.53,9025.05,9027.55,28
2026-08-17T19:30:00+00:00,9027.55,9028.05,9024.55,9025.53,51
2026-08-17T19:35:00+00:00,9025.53,9029.55,9025.53,9029.04,25
2026-08-17T19:40:00+00:00,9029.04,9032.05,9028.04,9028.53,29
2026-08-17T19:45:00+00:00,9028.53,9033.04,9028.03,9033.03,32
2026-08-17T19:50:00+00:00,9033.03,9033.03,9026.03,9029.54,54
2026-08-17T19:55:00+00:00,9029.54,9033.03,9027.03,9031.03,68
2026-08-17T20:00:00+00:00,9031.03,9032.04,9029.04,9030.03,30
2026-08-17T20:05:00+00:00,9030.03,9030.04,9029.04,9029.55,12
2026-08-17T20:10:00+00:00,9029.55,9030.55,9029.55,9030.53,7
2026-08-17T20:15:00+00:00,9030.53,9032.05,9030.53,9032.03,7
2026-08-17T20:20:00+00:00,9032.03,9032.55,9032.03,9032.04,5
2026-08-17T20:25:00+00:00,9032.04,9032.04,9031.04,9031.54,5
2026-08-17T20:30:00+00:00,9031.54,9031.55,9031.53,9031.53,4
2026-08-17T20:35:00+00:00,9031.53,9031.55,9029.03,9029.03,23
2026-08-17T20:40:00+00:00,9029.03,9032.04,9029.03,9030.55,16
2026-08-17T20:45:00+00:00,9030.55,9031.55,9030.53,9031.55,8
2026-08-17T20:50:00+00:00,9031.55,9032.05,9030.05,9031.03,13
2026-08-17T20:55:00+00:00,9031.03,9032.83,9031.03,9032.83,18
2026-08-17T23:00:00+00:00,9032.81,9032.81,9029.81,9029.81,17.940043473918355
2026-08-17T23:05:00+00:00,9029.81,9030.81,9028.81,9029.81,26.65118613890219
2026-08-17T23:10:00+00:00,9029.81,9029.81,9028.81,9029.81,9.994430446781593
2026-08-17T23:15:00+00:00,9029.81,9029.81,9027.81,9029.81,18.854002398599743
2026-08-17T23:20:00+00:00,9029.81,9029.81,9027.81,9029.81,11.849604937775286
2026-08-17T23:25:00+00:00,9029.81,9031.81,9028.81,9030.81,33.57874767613559
2026-08-17T23:30:00+00:00,9030.81,9039.81,9030.81,9038.81,50.206595689050545
2026-08-17T23:35:00+00:00,9038.81,9040.81,9037.81,9040.81,37.86763662632461
2026-08-17T23:40:00+00:00,9040.81,9040.81,9037.81,9039.81,33.484934030467514
2026-08-17T23:45:00+00:00,9039.81,9053.81,9027.81,9050.59,244.23665680983532
2026-08-17T23:50:00+00:00,9050.59,9065.58,9041.57,9062.58,219.340206185567
2026-08-17T23:55:00+00:00,9062.58,9073.58,9062.58,9071.57,153
2026-08-18T00:00:00+00:00,9071.57,9086.48,9068.49,9074.47,562
2026-08-18T00:05:00+00:00,9074.47,9078.98,9060.49,9078.98,380
2026-08-18T00:10:00+00:00,9078.98,9089.48,9078.49,9087.49,361
2026-08-18T00:15:00+00:00,9087.49,9092.48,9084.48,9091.47,309
2026-08-18T00:20:00+00:00,9091.47,9096.47,9088.47,9091.48,163
2026-08-18T00:25:00+00:00,9091.48,9092.48,9086.47,9086.48,199
2026-08-18T00:30:00+00:00,9086.48,9086.48,9079.48,9083.98,206
2026-08-18T00:35:00+00:00,9083.98,9088.48,9077.48,9087.47,158
2026-08-18T00:40:00+00:00,9087.47,9087.98,9082.47,9082.47,169
2026-08-18T00:45:00+00:00,9082.47,9083.99,9077.98,9081.48,132
2026-08-18T00:50:00+00:00,9081.48,9083.97,9076.97,9077.47,78
2026-08-18T00:55:00+00:00,9077.47,9086.49,9077.47,9085.49,92
2026-08-18T01:00:00+00:00,9085.49,9101.49,9084.98,9101.49,121
2026-08-18T01:05:00+00:00,9101.49,9108.49,9096.47,9096.99,183
2026-08-18T01:10:00+00:00,9096.99,9109.48,9095.97,9106.48,176
2026-08-18T01:15:00+00:00,9106.48,9114.47,9104.48,9111.97,142
2026-08-18T01:20:00+00:00,9111.97,9112.99,9104.97,9112.97,135
2026-08-18T01:25:00+00:00,9112.97,9112.97,9105.49,9106.47,159
2026-08-18T01:30:00+00:00,9106.47,9108.48,9100.47,9101.99,115
2026-08-18T01:35:00+00:00,9101.99,9107.49,9100.47,9103.99,106
2026-08-18T01:40:00+00:00,9103.99,9104.99,9095.47,9095.47,148
2026-08-18T01:45:00+00:00,9095.47,9095.47,9089.47,9089.99,94
2026-08-18T01:50:00+00:00,9089.99,9091.49,9085.48,9091.49,135
2026-08-18T01:55:00+00:00,9091.49,9104.48,9091.48,9100.97,138
2026-08-18T02:00:00+00:00,9100.97,9101.99,9093.48,9093.49,142
2026-08-18T02:05:00+00:00,9093.49,9100.98,9090.47,9100.47,103
2026-08-18T02:10:00+00:00,9100.47,9101.49,9096.49,9098.47,117
2026-08-18T02:15:00+00:00,9098.47,9098.47,9094.47,9097.49,99
2026-08-18T02:20:00+00:00,9097.49,9098.99,9094.48,9098.47,68
2026-08-18T02:25:00+00:00,9098.47,9098.48,9091.49,9091.49,78
2026-08-18T02:30:00+00:00,9091.49,9095.47,9088.99,9091.99,62
2026-08-18T02:35:00+00:00,9091.99,9100.47,9091.99,9098.49,73
2026-08-18T02:40:00+00:00,9098.49,9098.49,9089.97,9090.49,54
2026-08-18T02:45:00+00:00,9090.49,9094.99,9089.97,9093.99,80
2026-08-18T02:50:00+00:00,9093.99,9096.48,9092.97,9095.48,58
2026-08-18T02:55:00+00:00,9095.48,9097.48,9094.98,9096.48,31
2026-08-18T03:00:00+00:00,9096.48,9099.49,9094.49,9096.49,58
2026-08-18T03:05:00+00:00,9096.49,9101.48,9096.48,9099.97,59
2026-08-18T03:10:00+00:00,9099.97,9102.48,9097.98,9102.48,48
2026-08-18T03:15:00+00:00,9102.48,9103.48,9099.48,9099.48,41
2026-08-18T03:20:00+00:00,9099.48,9100.49,9093.47,9093.98,75
2026-08-18T03:25:00+00:00,9093.98,9096.99,9092.97,9095.49,44
2026-08-18T03:30:00+00:00,9095.49,9095.49,9091.47,9094.97,113
2026-08-18T03:35:00+00:00,9094.97,9100.49,9094.97,9099.99,52
2026-08-18T03:40:00+00:00,9099.99,9099.99,9090.97,9090.97,66
2026-08-18T03:45:00+00:00,9090.97,9090.97,9082.47,9082.47,43
2026-08-18T03:50:00+00:00,9082.47,9084.99,9079.47,9083.99,55
2026-08-18T03:55:00+00:00,9083.99,9085.99,9081.97,9085.99,50
2026-08-18T04:00:00+00:00,9085.99,9086.49,9081.48,9081.48,71
2026-08-18T04:05:00+00:00,9081.48,9085.47,9081.47,9084.97,44
2026-08-18T04:10:00+00:00,9084.97,9085.49,9080.47,9080.99,39
2026-08-18T04:15:00+00:00,9080.99,9088.49,9080.99,9085.47,54
2026-08-18T04:20:00+00:00,9085.47,9086.49,9082.97,9084.47,37
2026-08-18T04:25:00+00:00,9084.47,9086.48,9083.98,9085.99,37
2026-08-18T04:30:00+00:00,9085.99,9088.49,9083.47,9083.97,47
2026-08-18T04:35:00+00:00,9083.97,9086.99,9083.97,9085.99,41
2026-08-18T04:40:00+00:00,9085.99,9086.49,9084.49,9084.99,36
2026-08-18T04:45:00+00:00,9084.99,9087.49,9084.47,9087.49,56
2026-08-18T04:50:00+00:00,9087.49,9090.97,9087.47,9087.97,21
2026-08-18T04:55:00+00:00,9087.97,9089.48,9087.47,9089.47,42
2026-08-18T05:00:00+00:00,9089.47,9089.47,9083.48,9084.97,48
2026-08-18T05:05:00+00:00,9084.97,9090.48,9084.47,9089.49,77
2026-08-18T05:10:00+00:00,9089.49,9092.48,9086.49,9092.47,53
2026-08-18T05:15:00+00:00,9092.47,9092.49,9088.49,9088.97,38
2026-08-18T05:20:00+00:00,9088.97,9091.49,9088.97,9089.98,54
2026-08-18T05:25:00+00:00,9089.98,9093.98,9089.98,9092.98,26
2026-08-18T05:30:00+00:00,9092.98,9093.98,9089.47,9093.97,48
2026-08-18T05:35:00+00:00,9093.97,9093.97,9091.98,9091.98,33
2026-08-18T05:40:00+00:00,9091.98,9094.49,9091.49,9093.48,39
2026-08-18T05:45:00+00:00,9093.48,9095.48,9092.47,9094.98,48
2026-08-18T05:50:00+00:00,9094.98,9096.49,9093.49,9093.49,34
2026-08-18T05:55:00+00:00,9093.49,9094.49,9084.47,9084.47,57
2026-08-18T06:00:00+00:00,9084.47,9084.47,9077.09,9078.09,97
2026-08-18T06:05:00+00:00,9078.09,9079.09,9073.07,9076.57,112
2026-08-18T06:10:00+00:00,9076.57,9078.59,9074.08,9078.59,133
2026-08-18T06:15:00+00:00,9078.59,9078.59,9070.07,9070.09,53
2026-08-18T06:20:00+00:00,9070.09,9074.59,9070.09,9072.08,89
2026-08-18T06:25:00+00:00,9072.08,9073.39,9068.59,9073.39,87
2026-08-18T07:10:00+00:00,9059.63,9061.32,9044.62,9058.82,195
2026-08-18T07:15:00+00:00,9058.82,9058.83,9052.31,9052.83,74
2026-08-18T07:20:00+00:00,9052.83,9057.83,9052.31,9057.33,32
2026-08-18T07:25:00+00:00,9057.33,9061.81,9054.32,9055.82,53
2026-08-18T07:30:00+00:00,9055.82,9058.83,9050.31,9050.31,83
2026-08-18T07:35:00+00:00,9050.31,9056.33,9050.31,9055.31,30
2026-08-18T07:40:00+00:00,9055.31,9055.33,9046.81,9047.82,55
2026-08-18T07:45:00+00:00,9047.82,9049.33,9045.33,9048.33,41
2026-08-18T07:50:00+00:00,9048.33,9048.83,9042.83,9044.32,42
2026-08-18T07:55:00+00:00,9044.32,9044.32,9039.31,9040.31,29
2026-08-18T08:00:00+00:00,9040.31,9041.33,9035.31,9035.33,85
2026-08-18T08:05:00+00:00,9035.33,9035.82,9031.31,9034.82,108
2026-08-18T08:10:00+00:00,9034.82,9041.33,9032.31,9039.83,111
2026-08-18T08:15:00+00:00,9039.83,9042.83,9039.83,9041.82,49
2026-08-18T08:20:00+00:00,9041.82,9041.82,9034.81,9038.31,62
2026-08-18T08:25:00+00:00,9038.31,9042.32,9038.31,9041.82,58
2026-08-18T08:30:00+00:00,9041.82,9044.83,9040.33,9043.33,108
2026-08-18T08:35:00+00:00,9043.33,9048.82,9043.33,9048.32,55
2026-08-18T08:40:00+00:00,9048.32,9049.32,9047.33,9048.33,39
2026-08-18T08:45:00+00:00,9048.33,9048.33,9043.31,9043.33,65
2026-08-18T08:50:00+00:00,9043.33,9049.83,9042.81,9049.83,48
2026-08-18T08:55:00+00:00,9049.83,9051.82,9048.33,9051.82,39
2026-08-18T09:00:00+00:00,9051.82,9053.32,9049.33,9051.31,71
2026-08-18T09:05:00+00:00,9051.31,9051.32,9046.33,9046.83,47
2026-08-18T09:10:00+00:00,9046.83,9050.82,9046.82,9050.31,45
2026-08-18T09:15:00+00:00,9050.31,9051.33,9048.83,9050.31,55
2026-08-18T09:20:00+00:00,9050.31,9055.83,9050.31,9053.81,41
2026-08-18T09:25:00+00:00,9053.81,9056.31,9053.32,9054.32,55
2026-08-18T09:30:00+00:00,9054.32,9057.33,9053.82,9057.33,45
2026-08-18T09:35:00+00:00,9057.33,9063.83,9057.31,9059.32,70
2026-08-18T09:40:00+00:00,9059.32,9059.32,9053.81,9059.32,56
2026-08-18T09:45:00+00:00,9059.32,9059.33,9055.32,9059.32,55
2026-08-18T09:50:00+00:00,9059.32,9061.33,9057.31,9061.33,60
2026-08-18T09:55:00+00:00,9061.33,9064.33,9061.31,9063.33,74.32532637075718
2026-08-18T10:00:00+00:00,9063.33,9064.81,9061.33,9062.32,62
2026-08-18T10:05:00+00:00,9062.32,9066.32,9060.31,9065.33,43
2026-08-18T10:10:00+00:00,9065.33,9065.82,9060.32,9061.32,43
2026-08-18T10:15:00+00:00,9061.32,9061.83,9059.33,9059.33,22
2026-08-18T10:20:00+00:00,9059.33,9060.32,9056.82,9057.32,36
2026-08-18T10:25:00+00:00,9057.32,9059.33,9056.81,9059.31,19
2026-08-18T10:30:00+00:00,9059.31,9059.82,9058.31,9058.82,32.568627450980394
2026-08-18T10:35:00+00:00,9058.82,9060.32,9058.32,9059.82,34
2026-08-18T10:40:00+00:00,9059.82,9059.82,9056.82,9057.33,47
2026-08-18T10:45:00+00:00,9057.33,9058.33,9056.33,9056.81,30
2026-08-18T10:50:00+00:00,9056.81,9060.33,9056.81,9058.33,24
2026-08-18T10:55:00+00:00,9058.33,9060.32,9058.32,9059.33,12
2026-08-18T11:00:00+00:00,9059.33,9061.83,9057.82,9061.33,61
2026-08-18T11:05:00+00:00,9061.33,9063.33,9059.81,9061.82,35
2026-08-18T11:10:00+00:00,9061.82,9062.33,9060.31,9060.33,38
2026-08-18T11:15:00+00:00,9060.33,9063.32,9059.83,9060.31,17
2026-08-18T11:20:00+00:00,9060.31,9062.83,9060.31,9060.82,29
2026-08-18T11:25:00+00:00,9060.82,9060.83,9058.82,9060.81,24
2026-08-18T11:30:00+00:00,9060.81,9060.81,9054.83,9057.31,32
2026-08-18T11:35:00+00:00,9057.31,9059.83,9057.31,9059.32,33
2026-08-18T11:40:00+00:00,9059.32,9062.83,9056.81,9062.82,34
2026-08-18T11:45:00+00:00,9062.82,9063.32,9061.81,9061.82,32
2026-08-18T11:50:00+00:00,9061.82,9062.32,9060.31,9060.31,44
2026-08-18T11:55:00+00:00,9060.31,9063.33,9060.31,9062.33,26
2026-08-18T12:00:00+00:00,9062.33,9065.83,9059.31,9065.81,78
2026-08-18T12:05:00+00:00,9065.81,9066.33,9061.82,9063.31,65
2026-08-18T12:10:00+00:00,9063.31,9065.33,9062.32,9065.33,32
2026-08-18T12:15:00+00:00,9065.33,9066.31,9063.31,9065.83,28
2026-08-18T12:20:00+00:00,9065.83,9071.33,9065.83,9066.33,76
2026-08-18T12:25:00+00:00,9066.33,9066.83,9064.31,9065.83,38
2026-08-18T12:30:00+00:00,9065.83,9067.81,9064.31,9064.32,47
2026-08-18T12:35:00+00:00,9064.32,9065.33,9061.81,9063.33,24
2026-08-18T12:40:00+00:00,9063.33,9064.81,9061.82,9064.81,17
2026-08-18T12:45:00+00:00,9064.81,9068.81,9063.32,9066.33,35
2026-08-18T12:50:00+00:00,9066.33,9067.33,9064.31,9064.31,20
2026-08-18T12:55:00+00:00,9064.31,9069.83,9063.31,9069.83,20
2026-08-18T13:00:00+00:00,9069.83,9071.31,9063.83,9065.31,66
2026-08-18T13:05:00+00:00,9065.31,9065.31,9063.31,9064.33,24
2026-08-18T13:10:00+00:00,9064.33,9064.33,9060.81,9061.33,19
2026-08-18T13:15:00+00:00,9061.33,9061.33,9056.82,9057.33,40
2026-08-18T13:20:00+00:00,9057.33,9060.32,9057.33,9058.32,31
2026-08-18T13:25:00+00:00,9058.32,9063.81,9057.31,9063.32,70
2026-08-18T13:30:00+00:00,9063.32,9071.31,9058.31,9066.32,273
2026-08-18T13:35:00+00:00,9066.32,9073.81,9064.32,9073.32,186
2026-08-18T13:40:00+00:00,9073.32,9074.32,9067.32,9067.32,102
2026-08-18T13:45:00+00:00,9067.32,9068.31,9062.31,9062.31,118
2026-08-18T13:50:00+00:00,9062.31,9062.83,9055.31,9057.81,85
2026-08-18T13:55:00+00:00,9057.81,9058.33,9054.83,9055.31,48
2026-08-18T14:00:00+00:00,9055.31,9064.32,9055.31,9060.81,83
2026-08-18T14:05:00+00:00,9060.81,9061.32,9055.81,9056.32,70
2026-08-18T14:10:00+00:00,9056.32,9056.32,9049.82,9052.32,82
2026-08-18T14:15:00+00:00,9052.32,9058.32,9051.33,9056.32,80
2026-08-18T14:20:00+00:00,9056.32,9060.33,9055.82,9059.32,54
2026-08-18T14:25:00+00:00,9059.32,9064.33,9058.83,9061.31,65
2026-08-18T14:30:00+00:00,9061.31,9062.83,9058.32,9058.32,72
2026-08-18T14:35:00+00:00,9058.32,9059.31,9053.81,9053.82,70
2026-08-18T14:40:00+00:00,9053.82,9054.33,9048.32,9048.32,71
2026-08-18T14:45:00+00:00,9048.32,9052.33,9048.32,9052.31,53
2026-08-18T14:50:00+00:00,9052.31,9055.31,9043.31,9043.83,105
2026-08-18T14:55:00+00:00,9043.83,9045.83,9037.31,9038.33,124
2026-08-18T15:00:00+00:00,9038.33,9044.83,9036.31,9044.32,148
2026-08-18T15:05:00+00:00,9044.32,9048.31,9038.82,9038.82,75
2026-08-18T15:10:00+00:00,9038.82,9041.31,9038.32,9038.81,55
2026-08-18T15:15:00+00:00,9038.81,9039.83,9035.83,9035.83,53
2026-08-18T15:20:00+00:00,9035.83,9038.33,9035.31,9036.32,62
2026-08-18T15:25:00+00:00,9036.32,9043.32,9034.31,9040.81,98
2026-08-18T15:30:00+00:00,9040.81,9040.83,9035.33,9037.31,123
2026-08-18T15:35:00+00:00,9037.31,9041.31,9035.31,9041.31,67
2026-08-18T15:40:00+00:00,9041.31,9044.33,9039.33,9042.81,62.023446222553034
2026-08-18T15:45:00+00:00,9042.81,9044.82,9042.31,9044.82,35
2026-08-18T15:50:00+00:00,9044.82,9050.33,9044.31,9049.82,54
2026-08-18T15:55:00+00:00,9049.82,9049.82,9047.83,9049.32,30
2026-08-18T16:00:00+00:00,9049.32,9049.32,9044.82,9044.82,43
2026-08-18T16:05:00+00:00,9044.82,9047.32,9043.81,9046.82,52
2026-08-18T16:10:00+00:00,9046.82,9049.31,9046.31,9047.83,29
2026-08-18T16:15:00+00:00,9047.83,9049.31,9047.33,9048.32,37
2026-08-18T16:20:00+00:00,9048.32,9051.32,9048.32,9050.31,39
2026-08-18T16:25:00+00:00,9050.31,9052.33,9047.81,9047.81,34
2026-08-18T16:30:00+00:00,9047.81,9050.33,9047.81,9049.33,32
2026-08-18T16:35:00+00:00,9049.33,9052.83,9047.82,9052.83,42
2026-08-18T16:40:00+00:00,9052.83,9056.33,9052.31,9055.33,35
2026-08-18T16:45:00+00:00,9055.33,9055.33,9052.31,9052.83,45
2026-08-18T16:50:00+00:00,9052.83,9055.33,9051.81,9055.32,30
2026-08-18T16:55:00+00:00,9055.32,9055.32,9051.82,9051.82,15
2026-08-18T17:00:00+00:00,9051.82,9052.33,9050.81,9051.82,16
2026-08-18T17:05:00+00:00,9051.82,9053.81,9051.31,9053.81,24
2026-08-18T17:10:00+00:00,9053.81,9054.33,9052.81,9053.33,22
2026-08-18T17:15:00+00:00,9053.33,9053.33,9051.82,9052.33,9.53719677440247
2026-08-18T17:20:00+00:00,9052.33,9053.81,9051.32,9051.32,18
2026-08-18T17:25:00+00:00,9051.32,9053.32,9050.31,9052.33,12
2026-08-18T17:30:00+00:00,9052.33,9054.33,9051.82,9052.31,30
2026-08-18T17:35:00+00:00,9052.31,9053.83,9051.31,9053.81,16
2026-08-18T17:40:00+00:00,9053.81,9054.31,9052.31,9053.33,21
2026-08-18T17:45:00+00:00,9053.33,9053.33,9052.31,9052.31,9.268891687657431
2026-08-18T17:50:00+00:00,9052.31,9054.32,9051.81,9052.33,25
2026-08-18T17:55:00+00:00,9052.33,9053.32,9048.82,9048.82,16
2026-08-18T18:00:00+00:00,9048.82,9048.82,9046.31,9047.33,29
2026-08-18T18:05:00+00:00,9047.33,9048.33,9046.81,9047.81,44
2026-08-18T18:10:00+00:00,9047.81,9051.33,9046.82,9051.33,26
2026-08-18T18:15:00+00:00,9051.33,9053.82,9051.33,9053.33,21
2026-08-18T18:20:00+00:00,9053.33,9055.31,9053.31,9054.33,29.810147299509
2026-08-18T18:25:00+00:00,9054.33,9058.32,9053.81,9057.83,25
2026-08-18T18:30:00+00:00,9057.83,9058.32,9056.33,9057.33,15
2026-08-18T18:35:00+00:00,9057.33,9058.82,9057.31,9058.33,24
2026-08-18T18:40:00+00:00,9058.33,9058.33,9055.81,9055.81,12
2026-08-18T18:45:00+00:00,9055.81,9057.33,9055.31,9055.31,11.022573363431151
2026-08-18T18:50:00+00:00,9055.31,9055.31,9051.31,9051.83,22
2026-08-18T18:55:00+00:00,9051.83,9052.33,9051.31,9051.31,14.131313131313131
2026-08-18T19:00:00+00:00,9051.31,9052.33,9050.32,9051.33,36
2026-08-18T19:05:00+00:00,9051.33,9052.33,9049.32,9052.32,22
2026-08-18T19:10:00+00:00,9052.32,9053.33,9051.81,9052.83,18
2026-08-18T19:15:00+00:00,9052.83,9054.33,9052.31,9053.31,21.04808728259103
2026-08-18T19:20:00+00:00,9053.31,9054.33,9052.83,9054.33,29
2026-08-18T19:25:00+00:00,9054.33,9056.32,9054.31,9055.31,13.507225433526012
2026-08-18T19:30:00+00:00,9055.31,9057.33,9054.31,9054.33,19
2026-08-18T19:35:00+00:00,9054.33,9054.33,9052.83,9052.83,15
2026-08-18T19:40:00+00:00,9052.83,9052.83,9051.31,9051.33,8
2026-08-18T19:45:00+00:00,9051.33,9051.33,9046.32,9047.33,32.798232695139916
2026-08-18T19:50:00+00:00,9047.33,9048.31,9044.32,9045.83,51.74524158125915
2026-08-18T19:55:00+00:00,9045.83,9049.33,9041.81,9043.33,128
2026-08-18T20:00:00+00:00,9043.33,9045.32,9041.33,9042.81,26
2026-08-18T20:05:00+00:00,9042.81,9043.31,9041.31,9041.31,14
2026-08-18T20:10:00+00:00,9041.31,9041.32,9038.31,9040.32,16
2026-08-18T20:15:00+00:00,9041.32,9041.81,9041.31,9041.81,4
2026-08-18T20:20:00+00:00,9041.81,9041.82,9039.82,9040.31,12
2026-08-18T20:25:00+00:00,9040.31,9040.83,9039.83,9040.33,9
2026-08-18T20:30:00+00:00,9040.33,9041.32,9039.82,9041.32,7
2026-08-18T20:35:00+00:00,9041.32,9041.32,9040.31,9040.32,14
2026-08-18T20:40:00+00:00,9040.32,9040.32,9039.31,9039.32,5
2026-08-18T20:45:00+00:00,9039.32,9039.32,9036.31,9036.82,17
2026-08-18T20:50:00+00:00,9036.82,9036.83,9036.33,9036.8,8
2026-08-18T20:55:00+00:00,9036.8,9037.63,9035.32,9037.62,10
2026-08-18T23:00:00+00:00,9020.18,9023.18,9019.18,9021.18,25.901075473951238
2026-08-18T23:05:00+00:00,9021.18,9022.18,9019.18,9021.18,24.49196228870949
2026-08-18T23:10:00+00:00,9021.18,9021.18,9020.18,9021.18,28.888445306381914
2026-08-18T23:15:00+00:00,9021.18,9024.18,9020.18,9021.18,22.677416971971358
2026-08-18T23:20:00+00:00,9021.18,9027.18,9021.18,9023.18,34.53351666262175
2026-08-18T23:25:00+00:00,9023.18,9023.18,9020.18,9021.18,29.645943096878863
2026-08-18T23:30:00+00:00,9021.18,9025.18,9020.18,9025.18,45.948616051010255
2026-08-18T23:35:00+00:00,9025.18,9027.18,9023.18,9025.18,42.6485270483263
2026-08-18T23:40:00+00:00,9025.18,9031.18,9020.18,9021.18,50.107717034227846
2026-08-18T23:45:00+00:00,9021.18,9024.18,9015.18,9018.81,238.95847532792948
2026-08-18T23:50:00+00:00,9018.81,9023.46,9010.46,9015.47,112.93381592554292
2026-08-18T23:55:00+00:00,9015.47,9015.47,9003.96,9005.449999999999,67
2026-08-19T00:00:00+00:00,9005.449999999999,9010.369999999999,8992.849999999999,9006.369999999999,478
2026-08-19T00:05:00+00:00,9006.369999999999,9008.869999999999,8998.849999999999,9006.369999999999,345
2026-08-19T00:10:00+00:00,9006.369999999999,9019.849999999999,9004.359999999999,9013.359999999999,304
2026-08-19T00:15:00+00:00,9013.359999999999,9024.869999999999,9013.359999999999,9023.869999999999,187
2026-08-19T00:20:00+00:00,9023.869999999999,9026.849999999999,9018.859999999999,9022.349999999999,192
2026-08-19T00:25:00+00:00,9022.349999999999,9024.359999999999,9019.849999999999,9021.359999999999,137
2026-08-19T00:30:00+00:00,9021.359999999999,9026.859999999999,9018.859999999999,9024.369999999999,97
2026-08-19T00:35:00+00:00,9024.369999999999,9040.849999999999,9023.859999999999,9039.849999999999,144
2026-08-19T00:40:00+00:00,9039.849999999999,9042.359999999999,9035.859999999999,9036.859999999999,146
2026-08-19T00:45:00+00:00,9036.859999999999,9036.859999999999,9019.849999999999,9022.359999999999,135
2026-08-19T00:50:00+00:00,9022.359999999999,9026.359999999999,9019.359999999999,9024.869999999999,86
2026-08-19T00:55:00+00:00,9024.869999999999,9024.869999999999,9012.859999999999,9014.369999999999,142
2026-08-19T01:00:00+00:00,9014.369999999999,9020.869999999999,9012.349999999999,9020.869999999999,162
2026-08-19T01:05:00+00:00,9020.869999999999,9022.859999999999,9016.849999999999,9022.369999999999,123
2026-08-19T01:10:00+00:00,9022.369999999999,9024.869999999999,9020.349999999999,9024.369999999999,74
2026-08-19T01:15:00+00:00,9024.369999999999,9024.369999999999,9010.859999999999,9015.859999999999,164
2026-08-19T01:20:00+00:00,9015.859999999999,9020.369999999999,9013.359999999999,9017.849999999999,123
2026-08-19T01:25:00+00:00,9017.849999999999,9017.859999999999,9011.349999999999,9012.349999999999,72
2026-08-19T01:30:00+00:00,9012.349999999999,9014.349999999999,9009.869999999999,9010.349999999999,88
2026-08-19T01:35:00+00:00,9010.349999999999,9017.849999999999,9005.849999999999,9016.859999999999,70
2026-08-19T01:40:00+00:00,9016.859999999999,9019.369999999999,9014.869999999999,9017.349999999999,68
2026-08-19T01:45:00+00:00,9017.349999999999,9018.859999999999,9014.859999999999,9017.359999999999,57
2026-08-19T01:50:00+00:00,9017.359999999999,9021.849999999999,9013.859999999999,9020.869999999999,111
2026-08-19T01:55:00+00:00,9020.869999999999,9021.869999999999,9012.859999999999,9012.859999999999,121
2026-08-19T02:00:00+00:00,9012.859999999999,9016.369999999999,9010.369999999999,9014.849999999999,57
2026-08-19T02:05:00+00:00,9014.849999999999,9015.869999999999,9013.349999999999,9013.869999999999,46
2026-08-19T02:10:00+00:00,9013.869999999999,9016.359999999999,9010.849999999999,9013.869999999999,82
2026-08-19T02:15:00+00:00,9013.869999999999,9015.859999999999,9011.359999999999,9012.349999999999,102
2026-08-19T02:20:00+00:00,9012.349999999999,9013.869999999999,9009.859999999999,9013.869999999999,69
2026-08-19T02:25:00+00:00,9013.869999999999,9015.849999999999,9012.359999999999,9014.369999999999,49
2026-08-19T02:30:00+00:00,9014.369999999999,9014.369999999999,9005.849999999999,9006.849999999999,71
2026-08-19T02:35:00+00:00,9006.849999999999,9011.859999999999,9004.859999999999,9011.369999999999,81
2026-08-19T02:40:00+00:00,9011.369999999999,9021.349999999999,9011.349999999999,9016.859999999999,87
2026-08-19T02:45:00+00:00,9016.859999999999,9021.859999999999,9015.869999999999,9019.859999999999,75
2026-08-19T02:50:00+00:00,9019.859999999999,9019.859999999999,9011.859999999999,9011.859999999999,51
2026-08-19T02:55:00+00:00,9011.859999999999,9013.869999999999,9010.859999999999,9011.349999999999,62
2026-08-19T03:00:00+00:00,9011.349999999999,9012.849999999999,9002.849999999999,9005.869999999999,73
2026-08-19T03:05:00+00:00,9005.869999999999,9007.859999999999,9003.859999999999,9004.859999999999,75
2026-08-19T03:10:00+00:00,9004.859999999999,9010.869999999999,9004.849999999999,9008.859999999999,89
2026-08-19T03:15:00+00:00,9008.859999999999,9009.869999999999,9005.349999999999,9007.869999999999,54
2026-08-19T03:20:00+00:00,9007.869999999999,9010.859999999999,9007.349999999999,9010.859999999999,54
2026-08-19T03:25:00+00:00,9010.859999999999,9013.869999999999,9010.359999999999,9013.359999999999,50
2026-08-19T03:30:00+00:00,9013.359999999999,9016.349999999999,9011.859999999999,9015.349999999999,62
2026-08-19T03:35:00+00:00,9015.349999999999,9019.359999999999,9014.849999999999,9016.359999999999,34
2026-08-19T03:40:00+00:00,9016.359999999999,9017.869999999999,9015.849999999999,9017.369999999999,37
2026-08-19T03:45:00+00:00,9017.369999999999,9017.869999999999,9013.849999999999,9014.369999999999,77
2026-08-19T03:50:00+00:00,9014.369999999999,9017.849999999999,9013.359999999999,9013.369999999999,65
2026-08-19T03:55:00+00:00,9013.369999999999,9013.369999999999,9010.369999999999,9011.869999999999,33
2026-08-19T04:00:00+00:00,9011.869999999999,9016.869999999999,9011.849999999999,9015.859999999999,54
2026-08-19T04:05:00+00:00,9015.859999999999,9020.869999999999,9015.849999999999,9020.859999999999,31
2026-08-19T04:10:00+00:00,9020.859999999999,9024.869999999999,9020.859999999999,9023.849999999999,28
2026-08-19T04:15:00+00:00,9023.849999999999,9023.849999999999,9021.369999999999,9023.849999999999,38
2026-08-19T04:20:00+00:00,9023.849999999999,9023.849999999999,9015.859999999999,9016.349999999999,54
2026-08-19T04:25:00+00:00,9016.349999999999,9021.869999999999,9014.849999999999,9019.869999999999,61
2026-08-19T04:30:00+00:00,9019.869999999999,9019.869999999999,9013.849999999999,9017.349999999999,45
2026-08-19T04:35:00+00:00,9017.349999999999,9019.369999999999,9015.859999999999,9019.359999999999,29
2026-08-19T04:40:00+00:00,9019.359999999999,9028.869999999999,9018.849999999999,9028.369999999999,58.58527341635084
2026-08-19T04:45:00+00:00,9028.369999999999,9031.369999999999,9027.359999999999,9027.859999999999,40
2026-08-19T04:50:00+00:00,9027.859999999999,9028.869999999999,9026.849999999999,9028.349999999999,46
2026-08-19T04:55:00+00:00,9028.349999999999,9030.869999999999,9028.349999999999,9030.859999999999,36
2026-08-19T05:00:00+00:00,9030.859999999999,9035.869999999999,9030.859999999999,9034.849999999999,66
2026-08-19T05:05:00+00:00,9034.849999999999,9035.869999999999,9033.849999999999,9034.849999999999,63
2026-08-19T05:10:00+00:00,9034.849999999999,9035.859999999999,9028.869999999999,9030.349999999999,45
2026-08-19T05:15:00+00:00,9030.349999999999,9030.369999999999,9025.849999999999,9027.359999999999,53
2026-08-19T05:20:00+00:00,9027.359999999999,9028.369999999999,9025.849999999999,9027.359999999999,45
2026-08-19T05:25:00+00:00,9027.359999999999,9027.869999999999,9024.859999999999,9026.869999999999,40
2026-08-19T05:30:00+00:00,9026.869999999999,9029.869999999999,9025.849999999999,9027.849999999999,37
2026-08-19T05:35:00+00:00,9027.849999999999,9031.859999999999,9027.349999999999,9031.859999999999,25
2026-08-19T05:40:00+00:00,9031.859999999999,9031.859999999999,9025.849999999999,9027.369999999999,37
2026-08-19T05:45:00+00:00,9027.369999999999,9028.859999999999,9024.849999999999,9026.849999999999,55
2026-08-19T05:50:00+00:00,9026.849999999999,9030.869999999999,9025.849999999999,9026.359999999999,63
2026-08-19T05:55:00+00:00,9026.359999999999,9029.859999999999,9025.359999999999,9029.859999999999,31
2026-08-19T06:00:00+00:00,9029.859999999999,9032.47,9027.46,9029.949999999999,62
2026-08-19T06:05:00+00:00,9029.949999999999,9036.97,9028.449999999999,9036.449999999999,130
2026-08-19T06:10:00+00:00,9036.449999999999,9037.47,9029.46,9033.949999999999,82
2026-08-19T06:15:00+00:00,9033.949999999999,9037.449999999999,9033.949999999999,9034.96,96
2026-08-19T06:20:00+00:00,9034.96,9039.96,9034.949999999999,9037.46,51
2026-08-19T06:25:00+00:00,9037.46,9039.259999999998,9033.949999999999,9039.259999999998,66
2026-08-19T07:10:00+00:00,9057.07,9067.27,9057.07,9063.77,87
2026-08-19T07:15:00+00:00,9063.77,9064.26,9056.26,9058.27,59
2026-08-19T07:20:00+00:00,9058.27,9062.26,9058.27,9061.28,61
2026-08-19T07:25:00+00:00,9061.28,9063.78,9060.77,9062.28,63
2026-08-19T07:30:00+00:00,9062.28,9067.78,9062.28,9066.27,66
2026-08-19T07:35:00+00:00,9066.27,9066.27,9055.76,9055.78,53
2026-08-19T07:40:00+00:00,9055.78,9057.28,9054.27,9055.77,70
2026-08-19T07:45:00+00:00,9055.77,9056.77,9053.26,9053.26,54
2026-08-19T07:50:00+00:00,9053.26,9053.28,9050.28,9052.28,64
2026-08-19T07:55:00+00:00,9052.28,9057.27,9052.26,9055.76,43
2026-08-19T08:00:00+00:00,9055.76,9056.27,9052.76,9056.26,129
2026-08-19T08:05:00+00:00,9056.26,9056.27,9050.27,9050.27,59
2026-08-19T08:10:00+00:00,9050.27,9051.27,9045.76,9046.28,37.469746258946
2026-08-19T08:15:00+00:00,9046.28,9047.28,9045.26,9047.28,60
2026-08-19T08:20:00+00:00,9047.28,9049.26,9045.76,9048.28,21
2026-08-19T08:25:00+00:00,9048.28,9048.28,9045.26,9048.26,30
2026-08-19T08:30:00+00:00,9048.26,9048.26,9042.78,9043.27,48
2026-08-19T08:35:00+00:00,9043.27,9046.28,9042.27,9045.27,34
2026-08-19T08:40:00+00:00,9045.27,9045.78,9042.28,9042.77,24
2026-08-19T08:45:00+00:00,9042.77,9043.28,9040.77,9040.77,28
2026-08-19T08:50:00+00:00,9040.77,9041.28,9037.76,9037.76,42
2026-08-19T08:55:00+00:00,9037.76,9038.28,9036.26,9036.78,49
2026-08-19T09:00:00+00:00,9036.78,9040.28,9035.77,9040.28,52
2026-08-19T09:05:00+00:00,9040.28,9040.28,9036.26,9037.27,27
2026-08-19T09:10:00+00:00,9037.27,9038.27,9031.27,9031.27,38
2026-08-19T09:15:00+00:00,9031.27,9031.28,9026.76,9028.27,46
2026-08-19T09:20:00+00:00,9028.27,9034.27,9028.27,9033.26,26
2026-08-19T09:25:00+00:00,9033.26,9035.28,9033.26,9035.28,26
2026-08-19T09:30:00+00:00,9035.28,9037.28,9031.26,9032.26,36
2026-08-19T09:35:00+00:00,9032.26,9034.28,9031.26,9031.28,34
2026-08-19T09:40:00+00:00,9031.28,9035.28,9030.28,9030.28,31
2026-08-19T09:45:00+00:00,9030.28,9033.28,9029.27,9031.28,40
2026-08-19T09:50:00+00:00,9031.28,9031.28,9030.26,9030.77,26.070707070707073
2026-08-19T09:55:00+00:00,9030.77,9036.78,9030.77,9036.26,28
2026-08-19T10:00:00+00:00,9036.26,9039.26,9036.26,9038.26,22.07814661134163
2026-08-19T10:05:00+00:00,9038.26,9042.27,9037.76,9042.27,36.087646652864045
2026-08-19T10:10:00+00:00,9042.27,9042.27,9040.28,9040.28,46
2026-08-19T10:15:00+00:00,9040.28,9040.28,9036.26,9037.27,20
2026-08-19T10:20:00+00:00,9037.27,9037.78,9034.76,9036.27,34
2026-08-19T10:25:00+00:00,9036.27,9036.27,9033.27,9036.26,31
2026-08-19T10:30:00+00:00,9036.26,9036.77,9034.26,9035.28,31
2026-08-19T10:35:00+00:00,9035.28,9035.28,9032.27,9032.77,23
2026-08-19T10:40:00+00:00,9032.77,9038.26,9032.77,9037.27,25
2026-08-19T10:45:00+00:00,9037.27,9038.28,9036.28,9038.28,22
2026-08-19T10:50:00+00:00,9038.28,9038.28,9035.76,9038.27,25
2026-08-19T10:55:00+00:00,9038.27,9040.27,9037.27,9040.27,25
2026-08-19T11:00:00+00:00,9040.27,9049.27,9040.27,9048.77,52
2026-08-19T11:05:00+00:00,9048.77,9049.28,9044.26,9044.26,31.886363636363637
2026-08-19T11:10:00+00:00,9044.26,9046.27,9044.26,9044.76,26
2026-08-19T11:15:00+00:00,9044.76,9048.26,9044.26,9045.78,45
2026-08-19T11:20:00+00:00,9045.78,9046.27,9044.27,9045.76,40
2026-08-19T11:25:00+00:00,9045.76,9045.78,9042.77,9042.77,17
2026-08-19T11:30:00+00:00,9042.77,9047.78,9042.77,9047.77,25
2026-08-19T11:35:00+00:00,9047.77,9048.26,9045.26,9045.76,13
2026-08-19T11:40:00+00:00,9045.76,9045.76,9041.76,9043.77,31
2026-08-19T11:45:00+00:00,9043.77,9048.76,9043.28,9048.28,21
2026-08-19T11:50:00+00:00,9048.28,9053.27,9048.27,9052.26,30.007993235814563
2026-08-19T11:55:00+00:00,9052.26,9053.76,9051.76,9052.26,13
2026-08-19T12:00:00+00:00,9052.26,9054.28,9050.76,9054.28,37
2026-08-19T12:05:00+00:00,9054.28,9056.28,9054.26,9054.28,20.84375
2026-08-19T12:10:00+00:00,9054.28,9056.78,9050.26,9054.27,55
2026-08-19T12:15:00+00:00,9054.27,9055.78,9052.26,9055.76,27
2026-08-19T12:20:00+00:00,9055.76,9059.28,9055.76,9056.27,47
2026-08-19T12:25:00+00:00,9056.27,9057.26,9052.76,9055.28,37
2026-08-19T12:30:00+00:00,9055.28,9072.26,9054.27,9069.77,256
2026-08-19T12:35:00+00:00,9069.77,9081.26,9066.26,9079.76,317
2026-08-19T12:40:00+00:00,9079.76,9084.27,9078.76,9083.26,197
2026-08-19T12:45:00+00:00,9083.26,9087.77,9077.27,9078.28,192
2026-08-19T12:50:00+00:00,9078.28,9084.27,9075.76,9084.27,151
2026-08-19T12:55:00+00:00,9084.27,9084.27,9075.26,9075.76,131
2026-08-19T13:00:00+00:00,9075.76,9076.28,9065.26,9067.28,129
2026-08-19T13:05:00+00:00,9067.28,9070.27,9065.26,9069.78,108
2026-08-19T13:10:00+00:00,9069.78,9070.78,9065.26,9070.28,93
2026-08-19T13:15:00+00:00,9070.28,9072.78,9068.77,9071.78,79
2026-08-19T13:20:00+00:00,9071.78,9073.77,9070.76,9070.76,78
2026-08-19T13:25:00+00:00,9070.76,9076.28,9069.77,9076.26,65
2026-08-19T13:30:00+00:00,9076.26,9082.26,9072.26,9077.78,192
2026-08-19T13:35:00+00:00,9077.78,9079.28,9072.78,9075.26,135
2026-08-19T13:40:00+00:00,9075.26,9082.27,9073.26,9081.27,129
2026-08-19T13:45:00+00:00,9081.27,9083.78,9077.26,9078.78,98
2026-08-19T13:50:00+00:00,9078.78,9083.78,9075.28,9082.78,84
2026-08-19T13:55:00+00:00,9082.78,9086.28,9080.76,9080.77,105
2026-08-19T14:00:00+00:00,9080.77,9082.27,9077.26,9079.77,115
2026-08-19T14:05:00+00:00,9079.77,9082.78,9076.27,9082.78,85
2026-08-19T14:10:00+00:00,9082.78,9083.77,9073.27,9073.27,94
2026-08-19T14:15:00+00:00,9073.27,9084.28,9071.77,9082.26,147
2026-08-19T14:20:00+00:00,9082.26,9082.77,9073.76,9077.26,107
2026-08-19T14:25:00+00:00,9077.26,9085.77,9076.76,9084.77,86
2026-08-19T14:30:00+00:00,9084.77,9086.28,9082.26,9083.26,102
2026-08-19T14:35:00+00:00,9083.26,9089.78,9078.76,9089.78,77
2026-08-19T14:40:00+00:00,9089.78,9092.28,9087.76,9087.76,72
2026-08-19T14:45:00+00:00,9087.76,9087.76,9082.26,9082.27,60
2026-08-19T14:50:00+00:00,9082.27,9083.28,9079.76,9080.76,71
2026-08-19T14:55:00+00:00,9080.76,9084.27,9079.26,9083.28,43
2026-08-19T15:00:00+00:00,9083.28,9084.26,9080.26,9081.28,72
2026-08-19T15:05:00+00:00,9081.28,9081.28,9076.26,9076.26,57
2026-08-19T15:10:00+00:00,9076.26,9079.27,9075.77,9078.26,45
2026-08-19T15:15:00+00:00,9078.26,9079.26,9075.76,9077.27,32
2026-08-19T15:20:00+00:00,9077.27,9077.27,9072.76,9072.76,33
2026-08-19T15:25:00+00:00,9072.76,9077.28,9071.76,9075.76,78
2026-08-19T15:30:00+00:00,9075.76,9076.27,9067.78,9067.78,108
2026-08-19T15:35:00+00:00,9067.78,9072.28,9066.77,9070.28,65
2026-08-19T15:40:00+00:00,9070.28,9073.26,9067.76,9073.26,61
2026-08-19T15:45:00+00:00,9073.26,9076.26,9072.26,9073.27,49
2026-08-19T15:50:00+00:00,9073.27,9074.78,9071.27,9071.77,58
2026-08-19T15:55:00+00:00,9071.77,9074.27,9071.76,9074.27,22
2026-08-19T16:00:00+00:00,9074.27,9075.78,9073.26,9074.78,53
2026-08-19T16:05:00+00:00,9074.78,9079.28,9074.78,9078.78,31
2026-08-19T16:10:00+00:00,9078.78,9079.77,9075.76,9076.26,44
2026-08-19T16:15:00+00:00,9076.26,9076.28,9072.78,9072.78,27
2026-08-19T16:20:00+00:00,9072.78,9073.26,9071.26,9073.26,14
2026-08-19T16:25:00+00:00,9073.26,9074.28,9069.77,9069.78,19
2026-08-19T16:30:00+00:00,9069.78,9072.26,9068.28,9072.26,36
2026-08-19T16:35:00+00:00,9072.26,9072.26,9068.76,9070.27,28
2026-08-19T16:40:00+00:00,9070.27,9072.28,9069.27,9071.26,24.68077257797108
2026-08-19T16:45:00+00:00,9071.26,9072.28,9069.76,9071.28,29
2026-08-19T16:50:00+00:00,9071.28,9072.77,9070.26,9070.76,65
2026-08-19T16:55:00+00:00,9070.76,9071.26,9068.26,9068.77,49
2026-08-19T17:00:00+00:00,9068.77,9071.28,9066.76,9067.26,50
2026-08-19T17:05:00+00:00,9067.26,9069.78,9066.26,9066.26,25
2026-08-19T17:10:00+00:00,9066.26,9068.28,9066.26,9068.26,29
2026-08-19T17:15:00+00:00,9068.26,9068.28,9063.76,9064.78,25
2026-08-19T17:20:00+00:00,9064.78,9065.27,9064.26,9064.78,27
2026-08-19T17:25:00+00:00,9064.78,9065.28,9063.26,9065.28,42
2026-08-19T17:30:00+00:00,9065.28,9065.28,9063.26,9063.78,40
2026-08-19T17:35:00+00:00,9063.78,9064.28,9062.78,9062.78,14
2026-08-19T17:40:00+00:00,9062.78,9065.27,9062.78,9063.76,25
2026-08-19T17:45:00+00:00,9063.76,9066.76,9063.76,9064.27,34
2026-08-19T17:50:00+00:00,9064.27,9065.28,9063.27,9063.76,28
2026-08-19T17:55:00+00:00,9063.76,9064.26,9061.76,9062.77,20
2026-08-19T18:00:00+00:00,9062.77,9068.78,9061.76,9066.76,118
2026-08-19T18:05:00+00:00,9066.76,9067.28,9060.26,9061.27,68
2026-08-19T18:10:00+00:00,9061.27,9063.76,9060.76,9062.28,40
2026-08-19T18:15:00+00:00,9062.28,9062.28,9059.26,9060.26,37
2026-08-19T18:20:00+00:00,9060.26,9061.28,9059.27,9061.28,30
2026-08-19T18:25:00+00:00,9061.28,9062.27,9060.26,9062.27,41
2026-08-19T18:30:00+00:00,9062.27,9066.28,9062.27,9065.76,48
2026-08-19T18:35:00+00:00,9065.76,9066.28,9064.26,9064.28,32.88686605981795
2026-08-19T18:40:00+00:00,9064.28,9068.26,9064.28,9066.26,38
2026-08-19T18:45:00+00:00,9066.26,9066.28,9065.76,9066.28,13
2026-08-19T18:50:00+00:00,9066.28,9066.28,9064.26,9065.27,29
2026-08-19T18:55:00+00:00,9065.27,9067.28,9064.26,9066.27,31
2026-08-19T19:00:00+00:00,9066.27,9069.28,9066.27,9069.28,31
2026-08-19T19:05:00+00:00,9069.28,9073.28,9067.76,9073.27,28
2026-08-19T19:10:00+00:00,9073.27,9073.27,9071.26,9071.77,25
2026-08-19T19:15:00+00:00,9071.77,9073.28,9071.77,9073.28,27
2026-08-19T19:20:00+00:00,9073.28,9075.28,9071.27,9075.27,43
2026-08-19T19:25:00+00:00,9075.27,9075.28,9074.26,9074.28,17
2026-08-19T19:30:00+00:00,9074.28,9076.78,9074.28,9075.27,20
2026-08-19T19:35:00+00:00,9075.27,9075.27,9066.78,9067.26,45
2026-08-19T19:40:00+00:00,9067.26,9071.26,9067.26,9070.26,52.904434250764524
2026-08-19T19:45:00+00:00,9070.26,9072.28,9068.26,9071.76,51
2026-08-19T19:50:00+00:00,9071.76,9075.27,9069.78,9074.27,47
2026-08-19T19:55:00+00:00,9074.27,9079.28,9074.27,9078.78,140
2026-08-19T20:00:00+00:00,9078.78,9081.78,9078.26,9081.78,29
2026-08-19T20:05:00+00:00,9081.78,9081.78,9079.26,9080.28,14.1635687732342
2026-08-19T20:10:00+00:00,9080.28,9080.28,9079.26,9079.26,10
2026-08-19T20:15:00+00:00,9079.26,9079.28,9078.26,9078.28,10
2026-08-19T20:20:00+00:00,9078.28,9078.28,9078.26,9078.28,5.24262165262404
2026-08-19T20:25:00+00:00,9078.28,9082.76,9078.28,9082.28,17.50704499995215
2026-08-19T20:30:00+00:00,9082.28,9082.28,9081.76,9082.26,9
2026-08-19T20:35:00+00:00,9082.26,9082.28,9080.76,9081.26,9
2026-08-19T20:40:00+00:00,9081.26,9082.27,9081.26,9082.27,9.11111111111111
2026-08-19T20:45:00+00:00,9082.27,9083.27,9081.26,9081.77,10.379310344827587
2026-08-19T20:50:00+00:00,9081.77,9084.28,9081.77,9084.28,11.110928512736237
2026-08-19T20:55:00+00:00,9084.28,9086.06,9083.26,9086.06,15
2026-08-19T23:00:00+00:00,9093.01,9098.38,9087.01,9088.01,57.915363447673094
2026-08-19T23:05:00+00:00,9088.01,9099.01,9088.01,9098.45,31.6037745398454
2026-08-19T23:10:00+00:00,9098.45,9098.45,9093.45,9095.45,25.177716006347122
2026-08-19T23:15:00+00:00,9095.45,9096.45,9092.01,9093.01,23.016154141016653
2026-08-19T23:20:00+00:00,9093.01,9094.01,9089.01,9094.01,34.419363830717586
2026-08-19T23:25:00+00:00,9094.01,9095.01,9090.01,9090.01,22.27212612139557
2026-08-19T23:30:00+00:00,9090.01,9091.01,9082.01,9086.77,53.87681926800663
2026-08-19T23:35:00+00:00,9086.77,9089.77,9083.77,9086.77,29.125364282384282
2026-08-19T23:40:00+00:00,9086.77,9089.77,9082.01,9082.01,30.468155325072267
2026-08-19T23:45:00+00:00,9082.01,9086.01,9069.38,9069.38,195.35032448991896
2026-08-19T23:50:00+00:00,9069.38,9075.88,9067.36,9073.369999999999,137.3957182320442
2026-08-19T23:55:00+00:00,9073.369999999999,9089.38,9073.369999999999,9076.869999999999,225
2026-08-20T00:00:00+00:00,9076.869999999999,9085.26,9070.26,9075.27,641
2026-08-20T00:05:00+00:00,9075.27,9076.779999999999,9067.77,9074.279999999999,337
2026-08-20T00:10:00+00:00,9074.279999999999,9075.279999999999,9063.76,9072.279999999999,322
2026-08-20T00:15:00+00:00,9072.279999999999,9081.279999999999,9072.279999999999,9078.77,311
2026-08-20T00:20:00+00:00,9078.77,9082.279999999999,9075.26,9080.76,198
2026-08-20T00:25:00+00:00,9080.76,9081.77,9066.279999999999,9066.76,179
2026-08-20T00:30:00+00:00,9066.76,9071.77,9060.76,9062.27,192
2026-08-20T00:35:00+00:00,9062.27,9062.77,9052.26,9055.77,228
2026-08-20T00:40:00+00:00,9055.77,9057.77,9046.77,9047.279999999999,192
2026-08-20T00:45:00+00:00,9047.279999999999,9057.77,9044.77,9056.779999999999,215
2026-08-20T00:50:00+00:00,9056.779999999999,9059.76,9052.26,9057.279999999999,179
2026-08-20T00:55:00+00:00,9057.279999999999,9057.76,9046.76,9047.779999999999,132
2026-08-20T01:00:00+00:00,9047.779999999999,9053.779999999999,9044.779999999999,9048.77,192
2026-08-20T01:05:00+00:00,9048.77,9050.779999999999,9042.76,9048.279999999999,142
2026-08-20T01:10:00+00:00,9048.279999999999,9050.77,9044.779999999999,9049.779999999999,137
2026-08-20T01:15:00+00:00,9049.779999999999,9059.27,9048.779999999999,9059.27,177
2026-08-20T01:20:00+00:00,9059.27,9061.76,9048.26,9048.27,120
2026-08-20T01:25:00+00:00,9048.27,9049.77,9044.76,9048.76,96
2026-08-20T01:30:00+00:00,9048.76,9066.26,9048.27,9060.27,404
2026-08-20T01:35:00+00:00,9060.27,9065.76,9054.77,9055.76,168
2026-08-20T01:40:00+00:00,9055.76,9057.779999999999,9047.76,9048.779999999999,189
2026-08-20T01:45:00+00:00,9048.779999999999,9050.27,9041.26,9043.279999999999,140
2026-08-20T01:50:00+00:00,9043.279999999999,9049.77,9042.26,9047.77,165
2026-08-20T01:55:00+00:00,9047.77,9049.76,9040.27,9041.27,99
2026-08-20T02:00:00+00:00,9041.27,9048.779999999999,9040.76,9048.779999999999,120
2026-08-20T02:05:00+00:00,9048.779999999999,9052.279999999999,9048.76,9050.279999999999,96
2026-08-20T02:10:00+00:00,9050.279999999999,9061.779999999999,9049.779999999999,9061.779999999999,101
2026-08-20T02:15:00+00:00,9061.779999999999,9061.779999999999,9053.76,9057.76,106
2026-08-20T02:20:00+00:00,9057.76,9058.27,9050.779999999999,9058.27,95
2026-08-20T02:25:00+00:00,9058.27,9060.76,9055.26,9055.27,57
2026-08-20T02:30:00+00:00,9055.27,9059.77,9047.76,9058.77,148
2026-08-20T02:35:00+00:00,9058.77,9058.77,9053.26,9055.27,82
2026-08-20T02:40:00+00:00,9055.27,9059.779999999999,9054.77,9055.27,84
2026-08-20T02:45:00+00:00,9055.27,9063.779999999999,9054.779999999999,9063.76,108
2026-08-20T02:50:00+00:00,9063.76,9064.77,9060.76,9063.779999999999,53
2026-08-20T02:55:00+00:00,9063.779999999999,9063.779999999999,9057.76,9060.77,77
2026-08-20T03:00:00+00:00,9060.77,9061.26,9054.76,9054.76,65
2026-08-20T03:05:00+00:00,9054.76,9057.779999999999,9053.27,9053.27,59
2026-08-20T03:10:00+00:00,9053.27,9053.76,9049.76,9052.77,87
2026-08-20T03:15:00+00:00,9052.77,9057.76,9050.76,9053.27,50
2026-08-20T03:20:00+00:00,9053.27,9055.76,9051.779999999999,9052.76,49
2026-08-20T03:25:00+00:00,9052.76,9053.279999999999,9048.76,9049.27,93
2026-08-20T03:30:00+00:00,9049.27,9049.27,9044.76,9048.779999999999,102
2026-08-20T03:35:00+00:00,9048.779999999999,9048.779999999999,9045.26,9046.76,88
2026-08-20T03:40:00+00:00,9046.76,9051.779999999999,9046.76,9051.779999999999,56
2026-08-20T03:45:00+00:00,9051.779999999999,9053.279999999999,9049.27,9052.779999999999,55
2026-08-20T03:50:00+00:00,9052.779999999999,9052.779999999999,9048.76,9051.76,56
2026-08-20T03:55:00+00:00,9051.76,9053.77,9049.76,9049.76,52
2026-08-20T04:00:00+00:00,9049.76,9050.76,9043.76,9044.779999999999,81
2026-08-20T04:05:00+00:00,9044.779999999999,9047.76,9044.76,9047.76,76
2026-08-20T04:10:00+00:00,9047.76,9048.779999999999,9045.76,9047.76,57
2026-08-20T04:15:00+00:00,9047.76,9047.76,9039.76,9040.76,98
2026-08-20T04:20:00+00:00,9040.76,9047.779999999999,9040.76,9045.77,48
2026-08-20T04:25:00+00:00,9045.77,9045.77,9040.779999999999,9043.779999999999,73
2026-08-20T04:30:00+00:00,9043.779999999999,9044.76,9038.76,9039.76,43
2026-08-20T04:35:00+00:00,9039.76,9039.76,9036.76,9038.77,63
2026-08-20T04:40:00+00:00,9038.77,9039.779999999999,9037.76,9038.77,51
2026-08-20T04:45:00+00:00,9038.77,9045.27,9038.26,9045.27,46
2026-08-20T04:50:00+00:00,9045.27,9047.26,9043.77,9046.27,51
2026-08-20T04:55:00+00:00,9046.27,9048.779999999999,9046.26,9046.26,34
2026-08-20T05:00:00+00:00,9046.26,9049.779999999999,9043.76,9049.27,90
2026-08-20T05:05:00+00:00,9049.27,9052.279999999999,9049.27,9050.77,54
2026-08-20T05:10:00+00:00,9050.77,9051.26,9049.26,9051.26,59
2026-08-20T05:15:00+00:00,9051.26,9052.77,9047.77,9050.76,114
2026-08-20T05:20:00+00:00,9050.76,9051.279999999999,9047.77,9050.27,44
2026-08-20T05:25:00+00:00,9050.27,9050.27,9046.76,9046.779999999999,45
2026-08-20T05:30:00+00:00,9046.779999999999,9053.779999999999,9046.779999999999,9053.779999999999,64
2026-08-20T05:35:00+00:00,9053.779999999999,9055.279999999999,9051.779999999999,9054.76,26
2026-08-20T05:40:00+00:00,9054.76,9054.76,9051.279999999999,9051.279999999999,44
2026-08-20T05:45:00+00:00,9051.279999999999,9051.279999999999,9048.26,9050.279999999999,51
2026-08-20T05:50:00+00:00,9050.279999999999,9051.779999999999,9048.76,9049.279999999999,61
2026-08-20T05:55:00+00:00,9049.279999999999,9051.279999999999,9048.76,9048.779999999999,61
2026-08-20T06:00:00+00:00,9048.779999999999,9056.38,9045.86,9055.36,127
2026-08-20T06:05:00+00:00,9055.36,9059.38,9052.38,9055.86,149
2026-08-20T06:10:00+00:00,9055.86,9057.86,9054.86,9055.869999999999,87
2026-08-20T06:15:00+00:00,9055.869999999999,9056.369999999999,9052.86,9052.869999999999,48
2026-08-20T06:20:00+00:00,9052.869999999999,9053.88,9051.86,9051.869999999999,52
2026-08-20T06:25:00+00:00,9051.869999999999,9053.38,9049.86,9052.18,65
2026-08-20T07:10:00+00:00,9069.36,9069.36,9055.04,9055.06,101
2026-08-20T07:15:00+00:00,9055.06,9061.54,9052.56,9053.56,50
2026-08-20T07:20:00+00:00,9053.56,9055.55,9046.54,9046.55,60
2026-08-20T07:25:00+00:00,9046.55,9049.05,9045.04,9046.54,105
2026-08-20T07:30:00+00:00,9046.54,9047.06,9039.04,9046.56,156
2026-08-20T07:35:00+00:00,9046.56,9051.04,9045.06,9045.54,95
2026-08-20T07:40:00+00:00,9045.54,9048.56,9045.54,9048.04,77
2026-08-20T07:45:00+00:00,9048.04,9050.56,9045.56,9050.54,41
2026-08-20T07:50:00+00:00,9050.54,9051.05,9046.55,9047.55,40
2026-08-20T07:55:00+00:00,9047.55,9048.56,9038.54,9041.04,99
2026-08-20T08:00:00+00:00,9041.04,9048.06,9040.55,9041.06,178
2026-08-20T08:05:00+00:00,9041.06,9042.56,9036.56,9036.56,93
2026-08-20T08:10:00+00:00,9036.56,9037.54,9033.04,9035.56,89
2026-08-20T08:15:00+00:00,9035.56,9043.05,9034.54,9041.56,93
2026-08-20T08:20:00+00:00,9041.56,9043.05,9037.04,9038.54,50
2026-08-20T08:25:00+00:00,9038.54,9040.04,9032.54,9034.05,43
2026-08-20T08:30:00+00:00,9034.05,9034.05,9027.05,9028.05,97
2026-08-20T08:35:00+00:00,9028.05,9036.06,9027.06,9036.05,81
2026-08-20T08:40:00+00:00,9036.05,9037.05,9029.04,9029.55,86
2026-08-20T08:45:00+00:00,9029.55,9031.56,9027.04,9028.06,104
2026-08-20T08:50:00+00:00,9028.06,9032.05,9028.06,9030.54,72
2026-08-20T08:55:00+00:00,9030.54,9030.56,9028.54,9029.04,92
2026-08-20T09:00:00+00:00,9029.04,9037.56,9029.04,9037.54,100
2026-08-20T09:05:00+00:00,9037.54,9041.06,9036.06,9039.56,80
2026-08-20T09:10:00+00:00,9039.56,9040.56,9035.54,9040.54,80
2026-08-20T09:15:00+00:00,9040.54,9041.56,9036.56,9037.55,62
2026-08-20T09:20:00+00:00,9037.55,9039.56,9036.54,9038.55,74
2026-08-20T09:25:00+00:00,9038.55,9043.06,9037.56,9042.55,41
2026-08-20T09:30:00+00:00,9042.55,9042.56,9040.54,9042.04,70
2026-08-20T09:35:00+00:00,9042.04,9048.54,9041.55,9048.54,42
2026-08-20T09:40:00+00:00,9048.54,9048.56,9044.55,9048.56,57
2026-08-20T09:45:00+00:00,9048.56,9050.54,9046.54,9046.55,32
2026-08-20T09:50:00+00:00,9046.55,9047.06,9043.05,9046.56,79
2026-08-20T09:55:00+00:00,9046.56,9048.06,9045.05,9046.55,54
2026-08-20T10:00:00+00:00,9046.55,9050.54,9042.55,9049.05,72
2026-08-20T10:05:00+00:00,9049.05,9049.05,9045.54,9047.06,65
2026-08-20T10:10:00+00:00,9047.06,9051.56,9046.04,9051.04,56
2026-08-20T10:15:00+00:00,9051.04,9051.56,9047.04,9048.05,60
2026-08-20T10:20:00+00:00,9048.05,9049.06,9046.04,9046.06,48
2026-08-20T10:25:00+00:00,9046.06,9047.56,9045.04,9047.05,36
2026-08-20T10:30:00+00:00,9047.05,9050.54,9047.04,9047.04,44
2026-08-20T10:35:00+00:00,9047.04,9049.56,9043.05,9043.05,77
2026-08-20T10:40:00+00:00,9043.05,9043.05,9040.06,9042.54,31
2026-08-20T10:45:00+00:00,9042.54,9046.04,9041.04,9046.04,56
2026-08-20T10:50:00+00:00,9046.04,9046.06,9042.54,9043.05,65
2026-08-20T10:55:00+00:00,9043.05,9045.54,9043.04,9045.54,47
2026-08-20T11:00:00+00:00,9045.54,9049.05,9043.04,9046.05,192
2026-08-20T11:05:00+00:00,9046.05,9047.55,9044.05,9045.54,92
2026-08-20T11:10:00+00:00,9045.54,9046.05,9039.54,9042.54,74
2026-08-20T11:15:00+00:00,9042.54,9042.56,9039.04,9039.55,64
2026-08-20T11:20:00+00:00,9039.55,9039.55,9035.04,9035.54,53
2026-08-20T11:25:00+00:00,9035.54,9036.05,9029.06,9029.06,44
2026-08-20T11:30:00+00:00,9029.06,9029.56,9025.04,9025.56,70
2026-08-20T11:35:00+00:00,9025.56,9031.06,9025.55,9031.06,65
2026-08-20T11:40:00+00:00,9031.06,9032.04,9025.54,9025.54,96
2026-08-20T11:45:00+00:00,9025.54,9025.54,9020.55,9023.54,134
2026-08-20T11:50:00+00:00,9023.54,9024.56,9020.54,9022.06,96
2026-08-20T11:55:00+00:00,9022.06,9024.05,9016.54,9017.55,76
2026-08-20T12:00:00+00:00,9017.55,9017.55,9005.06,9006.55,163
2026-08-20T12:05:00+00:00,9006.55,9008.54,9001.54,9007.54,280
2026-08-20T12:10:00+00:00,9007.54,9015.06,9007.54,9012.04,188
2026-08-20T12:15:00+00:00,9012.04,9016.05,9008.54,9009.05,233
2026-08-20T12:20:00+00:00,9009.05,9015.06,9006.54,9014.04,173
2026-08-20T12:25:00+00:00,9014.04,9015.05,9010.55,9010.55,58
2026-08-20T12:30:00+00:00,9010.55,9010.56,9002.54,9003.54,107
2026-08-20T12:35:00+00:00,9003.54,9010.56,9001.06,9010.06,97
2026-08-20T12:40:00+00:00,9010.06,9015.55,9009.54,9015.54,111
2026-08-20T12:45:00+00:00,9015.54,9020.05,9015.54,9018.55,83
2026-08-20T12:50:00+00:00,9018.55,9021.05,9017.54,9021.04,52
2026-08-20T12:55:00+00:00,9021.04,9023.05,9019.55,9023.05,45
2026-08-20T13:00:00+00:00,9023.05,9027.06,9023.05,9025.06,63
2026-08-20T13:05:00+00:00,9025.06,9025.06,9019.54,9020.56,35
2026-08-20T13:10:00+00:00,9020.56,9020.56,9017.55,9017.56,57
2026-08-20T13:15:00+00:00,9017.56,9022.56,9016.54,9022.55,52
2026-08-20T13:20:00+00:00,9022.55,9022.55,9019.54,9021.06,41
2026-08-20T13:25:00+00:00,9021.06,9024.06,9020.54,9023.54,51
2026-08-20T13:30:00+00:00,9023.54,9029.56,9019.54,9029.56,186
2026-08-20T13:35:00+00:00,9029.56,9042.54,9028.54,9041.04,169
2026-08-20T13:40:00+00:00,9041.04,9046.06,9036.55,9042.05,138
2026-08-20T13:45:00+00:00,9042.05,9045.55,9037.55,9042.06,137
2026-08-20T13:50:00+00:00,9042.06,9042.54,9034.55,9039.55,172
2026-08-20T13:55:00+00:00,9039.55,9039.56,9030.05,9034.56,124
2026-08-20T14:00:00+00:00,9034.56,9037.04,9028.54,9028.54,138
2026-08-20T14:05:00+00:00,9028.54,9032.56,9025.05,9032.05,103
2026-08-20T14:10:00+00:00,9032.05,9035.56,9030.56,9031.06,161
2026-08-20T14:15:00+00:00,9031.06,9038.05,9031.06,9032.06,100
2026-08-20T14:20:00+00:00,9032.06,9047.56,9032.05,9047.56,162
2026-08-20T14:25:00+00:00,9047.56,9047.56,9041.54,9042.55,94
2026-08-20T14:30:00+00:00,9042.55,9045.06,9041.54,9042.54,111
2026-08-20T14:35:00+00:00,9042.54,9048.56,9041.06,9047.54,136
2026-08-20T14:40:00+00:00,9047.54,9052.56,9046.54,9048.55,104
2026-08-20T14:45:00+00:00,9048.55,9054.05,9048.55,9050.55,68
2026-08-20T14:50:00+00:00,9050.55,9055.56,9049.56,9051.56,88
2026-08-20T14:55:00+00:00,9051.56,9057.56,9049.56,9057.56,134
2026-08-20T15:00:00+00:00,9057.56,9069.56,9056.55,9063.06,255
2026-08-20T15:05:00+00:00,9063.06,9063.56,9052.54,9053.55,161
2026-08-20T15:10:00+00:00,9053.55,9056.56,9050.04,9056.06,158
2026-08-20T15:15:00+00:00,9056.06,9058.54,9052.04,9055.55,81
2026-08-20T15:20:00+00:00,9055.55,9055.55,9040.54,9043.55,125
2026-08-20T15:25:00+00:00,9043.55,9054.55,9041.54,9053.56,143
2026-08-20T15:30:00+00:00,9053.56,9054.05,9037.54,9037.55,165
2026-08-20T15:35:00+00:00,9037.55,9038.56,9034.54,9038.06,79
2026-08-20T15:40:00+00:00,9038.06,9040.55,9037.54,9037.56,49
2026-08-20T15:45:00+00:00,9037.56,9042.55,9037.56,9039.55,45
2026-08-20T15:50:00+00:00,9039.55,9039.56,9033.55,9035.04,45
2026-08-20T15:55:00+00:00,9035.04,9040.54,9034.05,9038.55,62
2026-08-20T16:00:00+00:00,9038.55,9042.54,9036.54,9039.05,95
2026-08-20T16:05:00+00:00,9039.05,9046.06,9039.05,9046.05,65
2026-08-20T16:10:00+00:00,9046.05,9047.04,9043.54,9044.55,62
2026-08-20T16:15:00+00:00,9044.55,9048.05,9044.55,9047.55,39.10104914411927
2026-08-20T16:20:00+00:00,9047.55,9049.56,9046.54,9049.56,31
2026-08-20T16:25:00+00:00,9049.56,9050.05,9047.05,9048.56,44
2026-08-20T16:30:00+00:00,9048.56,9049.56,9044.04,9049.56,72
2026-08-20T16:35:00+00:00,9049.56,9051.06,9048.05,9051.06,65
2026-08-20T16:40:00+00:00,9051.06,9053.54,9050.54,9053.54,49
2026-08-20T16:45:00+00:00,9053.54,9056.56,9052.54,9056.05,33
2026-08-20T16:50:00+00:00,9056.05,9058.04,9056.05,9057.05,23
2026-08-20T16:55:00+00:00,9057.05,9057.06,9055.04,9057.06,26
2026-08-20T17:00:00+00:00,9057.06,9057.06,9055.04,9056.05,32
2026-08-20T17:05:00+00:00,9056.05,9056.56,9054.55,9056.56,35
2026-08-20T17:10:00+00:00,9056.56,9056.56,9051.55,9051.55,37
2026-08-20T17:15:00+00:00,9051.55,9051.56,9047.05,9047.05,31
2026-08-20T17:20:00+00:00,9047.05,9049.04,9046.54,9047.05,42
2026-08-20T17:25:00+00:00,9047.05,9048.54,9046.54,9048.54,25
2026-08-20T17:30:00+00:00,9048.54,9048.56,9045.55,9045.55,27
2026-08-20T17:35:00+00:00,9045.55,9047.56,9044.55,9045.55,33
2026-08-20T17:40:00+00:00,9045.55,9046.55,9043.54,9046.05,34
2026-08-20T17:45:00+00:00,9046.05,9050.04,9045.54,9049.56,30
2026-08-20T17:50:00+00:00,9049.56,9051.55,9048.55,9050.06,35
2026-08-20T17:55:00+00:00,9050.06,9053.06,9048.54,9051.06,63
2026-08-20T18:00:00+00:00,9051.06,9051.56,9046.54,9051.54,45
2026-08-20T18:05:00+00:00,9051.54,9051.54,9047.04,9048.56,56
2026-08-20T18:10:00+00:00,9048.56,9048.56,9045.06,9046.54,48
2026-08-20T18:15:00+00:00,9046.54,9048.06,9043.54,9048.06,36
2026-08-20T18:20:00+00:00,9048.06,9050.55,9048.06,9048.06,37
2026-08-20T18:25:00+00:00,9048.06,9048.06,9046.04,9046.04,35
2026-08-20T18:30:00+00:00,9046.04,9047.06,9043.54,9043.55,47
2026-08-20T18:35:00+00:00,9043.55,9046.56,9043.54,9044.54,35
2026-08-20T18:40:00+00:00,9044.54,9046.06,9043.54,9045.05,31
2026-08-20T18:45:00+00:00,9045.05,9046.56,9044.54,9045.56,25
2026-08-20T18:50:00+00:00,9045.56,9046.56,9045.05,9046.05,28
2026-08-20T18:55:00+00:00,9046.05,9046.55,9043.54,9043.54,20
2026-08-20T19:00:00+00:00,9043.54,9044.06,9042.54,9043.04,45
2026-08-20T19:05:00+00:00,9043.04,9047.56,9043.04,9047.56,28.442185514612454
2026-08-20T19:10:00+00:00,9047.56,9048.55,9045.56,9048.55,22
2026-08-20T19:15:00+00:00,9048.55,9051.06,9047.04,9047.54,41
2026-08-20T19:20:00+00:00,9047.54,9050.05,9047.04,9049.55,26
2026-08-20T19:25:00+00:00,9049.55,9050.55,9047.54,9047.54,22
2026-08-20T19:30:00+00:00,9047.54,9049.55,9045.56,9046.06,39
2026-08-20T19:35:00+00:00,9046.06,9052.55,9046.06,9052.06,44
2026-08-20T19:40:00+00:00,9052.06,9052.06,9047.04,9047.54,25
2026-08-20T19:45:00+00:00,9047.54,9051.56,9046.04,9051.56,47
2026-08-20T19:50:00+00:00,9051.56,9054.56,9050.54,9051.54,58
2026-08-20T19:55:00+00:00,9051.54,9054.56,9048.54,9050.56,109
2026-08-20T20:00:00+00:00,9050.56,9052.56,9048.55,9052.54,28
2026-08-20T20:05:00+00:00,9052.54,9052.54,9044.05,9044.06,20
2026-08-20T20:10:00+00:00,9044.06,9045.54,9042.55,9042.55,12.124822695035462
2026-08-20T20:15:00+00:00,9042.55,9042.55,9038.54,9040.06,13.036428571428571
2026-08-20T20:20:00+00:00,9040.06,9041.56,9040.06,9041.06,8.075036075036076
2026-08-20T20:25:00+00:00,9041.06,9041.56,9039.55,9040.05,9.105263157894736
2026-08-20T20:30:00+00:00,9040.05,9041.04,9040.04,9040.04,9.086631814787154
2026-08-20T20:35:00+00:00,9040.04,9041.06,9040.04,9041.05,9.261819876249438
2026-08-20T20:40:00+00:00,9041.05,9043.05,9041.05,9042.56,12.294294196010265
2026-08-20T20:45:00+00:00,9042.56,9044.06,9042.55,9044.04,12.311382700596566
2026-08-20T20:50:00+00:00,9044.04,9044.05,9042.04,9042.06,11.091646390916464
2026-08-20T20:55:00+00:00,9042.06,9043.06,9038.86,9038.86,15.180327868852459
2026-08-20T23:00:00+00:00,9043.75,9043.75,9038.75,9039.75,17.54053819470682
2026-08-20T23:05:00+00:00,9039.75,9039.75,9037.75,9037.75,8.871207998027508
2026-08-20T23:10:00+00:00,9037.75,9038.75,9036.75,9037.75,17.02017917768533
2026-08-20T23:15:00+00:00,9037.75,9040.75,9037.75,9039.75,13.990374797205359
2026-08-20T23:20:00+00:00,9039.75,9040.75,9038.75,9040.75,19.104746158549805
2026-08-20T23:25:00+00:00,9040.75,9042.75,9040.75,9042.75,15.99565991497016
2026-08-20T23:30:00+00:00,9042.75,9043.75,9037.31,9037.31,28.753102877275083
2026-08-20T23:35:00+00:00,9037.31,9040.31,9036.31,9039.31,30.707786671093526
2026-08-20T23:40:00+00:00,9039.31,9046.31,9039.31,9044.31,51.939986579196855
2026-08-20T23:45:00+00:00,9044.31,9047.33,9027.81,9041.33,227.00687082071454
2026-08-20T23:50:00+00:00,9041.33,9056.8,9040.33,9056.32,51.98643556895253
2026-08-20T23:55:00+00:00,9056.32,9060.3,9053.82,9058.32,92
2026-08-21T00:00:00+00:00,9058.32,9068.72,9055.199999999999,9067.72,283
2026-08-21T00:05:00+00:00,9067.72,9068.199999999999,9056.21,9056.21,256
2026-08-21T00:10:00+00:00,9056.21,9061.21,9052.699999999999,9060.22,200
2026-08-21T00:15:00+00:00,9060.22,9070.199999999999,9052.199999999999,9070.199999999999,211
2026-08-21T00:20:00+00:00,9070.199999999999,9070.199999999999,9057.199999999999,9062.199999999999,121
2026-08-21T00:25:00+00:00,9062.199999999999,9063.21,9055.199999999999,9058.21,86
2026-08-21T00:30:00+00:00,9058.21,9063.199999999999,9055.22,9059.699999999999,173
2026-08-21T00:35:00+00:00,9059.699999999999,9063.699999999999,9058.699999999999,9063.21,100
2026-08-21T00:40:00+00:00,9063.21,9064.72,9057.699999999999,9064.199999999999,107
2026-08-21T00:45:00+00:00,9064.199999999999,9070.22,9059.71,9059.71,108
2026-08-21T00:50:00+00:00,9059.71,9060.199999999999,9054.699999999999,9056.699999999999,110
2026-08-21T00:55:00+00:00,9056.699999999999,9063.21,9055.21,9061.199999999999,110
2026-08-21T01:00:00+00:00,9061.199999999999,9075.71,9060.199999999999,9071.21,178
2026-08-21T01:05:00+00:00,9071.21,9072.199999999999,9061.21,9062.72,103
2026-08-21T01:10:00+00:00,9062.72,9072.21,9062.699999999999,9071.199999999999,102
2026-08-21T01:15:00+00:00,9071.199999999999,9074.199999999999,9064.199999999999,9068.699999999999,121
2026-08-21T01:20:00+00:00,9068.699999999999,9068.72,9065.699999999999,9066.22,85
2026-08-21T01:25:00+00:00,9066.22,9069.699999999999,9066.199999999999,9066.71,72
2026-08-21T01:30:00+00:00,9066.71,9071.22,9065.22,9069.22,79
2026-08-21T01:35:00+00:00,9069.22,9075.21,9069.22,9071.72,41
2026-08-21T01:40:00+00:00,9071.72,9074.22,9067.699999999999,9067.699999999999,102
2026-08-21T01:45:00+00:00,9067.699999999999,9068.22,9062.21,9066.71,125
2026-08-21T01:50:00+00:00,9066.71,9066.71,9057.699999999999,9057.72,113
2026-08-21T01:55:00+00:00,9057.72,9060.22,9056.199999999999,9059.199999999999,86
2026-08-21T02:00:00+00:00,9059.199999999999,9060.21,9048.22,9048.22,68
2026-08-21T02:05:00+00:00,9048.22,9053.22,9048.21,9050.22,89
2026-08-21T02:10:00+00:00,9050.22,9050.22,9046.199999999999,9048.199999999999,98
2026-08-21T02:15:00+00:00,9048.199999999999,9050.22,9048.199999999999,9050.22,50
2026-08-21T02:20:00+00:00,9050.22,9053.199999999999,9049.22,9052.199999999999,61
2026-08-21T02:25:00+00:00,9052.199999999999,9056.199999999999,9052.199999999999,9055.699999999999,46
2026-08-21T02:30:00+00:00,9055.699999999999,9055.71,9043.699999999999,9043.699999999999,119
2026-08-21T02:35:00+00:00,9043.699999999999,9049.21,9043.199999999999,9048.22,72
2026-08-21T02:40:00+00:00,9048.22,9051.199999999999,9046.21,9050.199999999999,68
2026-08-21T02:45:00+00:00,9050.199999999999,9052.71,9049.199999999999,9052.71,92
2026-08-21T02:50:00+00:00,9052.71,9055.71,9052.199999999999,9054.22,103
2026-08-21T02:55:00+00:00,9054.22,9057.72,9053.72,9057.199999999999,48
2026-08-21T03:00:00+00:00,9057.199999999999,9057.22,9054.22,9055.21,54
2026-08-21T03:05:00+00:00,9055.21,9055.72,9051.199999999999,9052.22,50
2026-08-21T03:10:00+00:00,9052.22,9055.21,9045.199999999999,9045.199999999999,84
2026-08-21T03:15:00+00:00,9045.199999999999,9046.22,9043.699999999999,9045.71,70
2026-08-21T03:20:00+00:00,9045.71,9048.71,9044.21,9046.21,68
2026-08-21T03:25:00+00:00,9046.21,9050.22,9046.21,9049.22,61
2026-08-21T03:30:00+00:00,9049.22,9057.22,9049.199999999999,9057.21,53
2026-08-21T03:35:00+00:00,9057.21,9059.22,9056.71,9057.199999999999,41
2026-08-21T03:40:00+00:00,9057.199999999999,9058.199999999999,9055.21,9055.699999999999,53
2026-08-21T03:45:00+00:00,9055.699999999999,9056.21,9048.22,9048.22,68.82882462686567
2026-08-21T03:50:00+00:00,9048.22,9050.22,9046.21,9046.22,76
2026-08-21T03:55:00+00:00,9046.22,9047.72,9045.699999999999,9047.199999999999,64
2026-08-21T04:00:00+00:00,9047.199999999999,9051.699999999999,9046.699999999999,9051.22,63
2026-08-21T04:05:00+00:00,9051.22,9055.22,9050.22,9053.21,67
2026-08-21T04:10:00+00:00,9053.21,9055.71,9051.199999999999,9055.71,34
2026-08-21T04:15:00+00:00,9055.71,9056.22,9049.22,9049.72,66
2026-08-21T04:20:00+00:00,9049.72,9049.72,9044.22,9046.22,57
2026-08-21T04:25:00+00:00,9046.22,9046.72,9042.199999999999,9042.72,35
2026-08-21T04:30:00+00:00,9042.72,9044.199999999999,9039.199999999999,9041.22,58
2026-08-21T04:35:00+00:00,9041.22,9041.72,9038.199999999999,9041.699999999999,44
2026-08-21T04:40:00+00:00,9041.699999999999,9045.72,9041.699999999999,9045.72,23
2026-08-21T04:45:00+00:00,9045.72,9054.22,9045.72,9051.199999999999,74
2026-08-21T04:50:00+00:00,9051.199999999999,9053.22,9047.71,9053.22,81
2026-08-21T04:55:00+00:00,9053.22,9053.22,9048.71,9049.199999999999,73
2026-08-21T05:00:00+00:00,9049.199999999999,9053.71,9049.199999999999,9053.71,61
2026-08-21T05:05:00+00:00,9053.71,9053.72,9049.71,9051.699999999999,54.44658493870403
2026-08-21T05:10:00+00:00,9051.699999999999,9052.22,9048.699999999999,9049.72,54
2026-08-21T05:15:00+00:00,9049.72,9049.72,9046.21,9046.22,47
2026-08-21T05:20:00+00:00,9046.22,9049.22,9045.21,9047.22,36
2026-08-21T05:25:00+00:00,9047.22,9048.22,9045.71,9045.71,36
2026-08-21T05:30:00+00:00,9045.71,9051.199999999999,9044.199999999999,9051.199999999999,48
2026-08-21T05:35:00+00:00,9051.199999999999,9051.199999999999,9048.199999999999,9050.199999999999,45
2026-08-21T05:40:00+00:00,9050.199999999999,9052.199999999999,9049.199999999999,9052.199999999999,38.416230366492144
2026-08-21T05:45:00+00:00,9052.199999999999,9052.699999999999,9049.22,9049.22,46
2026-08-21T05:50:00+00:00,9049.22,9051.22,9047.21,9049.21,74
2026-08-21T05:55:00+00:00,9049.21,9051.199999999999,9048.199999999999,9048.21,128
2026-08-21T06:00:00+00:00,9048.21,9050.31,9042.8,9048.8,124
2026-08-21T06:05:00+00:00,9048.8,9051.82,9047.8,9051.8,115
2026-08-21T06:10:00+00:00,9051.8,9053.82,9040.82,9042.3,119
2026-08-21T06:15:00+00:00,9042.3,9045.81,9042.3,9044.31,31
2026-08-21T06:20:00+00:00,9044.31,9044.82,9040.32,9040.82,34
2026-08-21T06:25:00+00:00,9040.82,9042.32,9038.8,9039.619999999999,115
2026-08-21T07:10:00+00:00,9036.15,9046.85,9035.34,9046.85,79
2026-08-21T07:15:00+00:00,9046.85,9047.84,9045.84,9047.84,27
2026-08-21T07:20:00+00:00,9047.84,9055.34,9047.84,9054.84,53
2026-08-21T07:25:00+00:00,9054.84,9058.34,9051.83,9051.83,32
2026-08-21T07:30:00+00:00,9051.83,9057.33,9051.83,9057.33,47
2026-08-21T07:35:00+00:00,9057.33,9058.34,9054.33,9055.35,31
2026-08-21T07:40:00+00:00,9055.35,9057.34,9051.83,9056.84,49
2026-08-21T07:45:00+00:00,9056.84,9056.84,9051.34,9054.83,46
2026-08-21T07:50:00+00:00,9054.83,9054.83,9050.35,9051.34,22
2026-08-21T07:55:00+00:00,9051.34,9052.34,9051.33,9052.34,25
2026-08-21T08:00:00+00:00,9052.34,9053.34,9048.83,9049.85,71
2026-08-21T08:05:00+00:00,9049.85,9049.85,9045.33,9047.84,50
2026-08-21T08:10:00+00:00,9047.84,9048.85,9045.84,9046.35,30
2026-08-21T08:15:00+00:00,9046.35,9046.35,9043.35,9045.34,36
2026-08-21T08:20:00+00:00,9045.34,9046.85,9039.84,9044.83,56
2026-08-21T08:25:00+00:00,9044.83,9050.85,9044.83,9050.33,41
2026-08-21T08:30:00+00:00,9050.33,9051.34,9048.84,9050.83,50
2026-08-21T08:35:00+00:00,9050.83,9054.35,9050.83,9054.34,20
2026-08-21T08:40:00+00:00,9054.34,9057.35,9053.85,9053.85,29
2026-08-21T08:45:00+00:00,9053.85,9054.35,9052.83,9054.33,31
2026-08-21T08:50:00+00:00,9054.33,9057.85,9054.33,9056.34,32
2026-08-21T08:55:00+00:00,9056.34,9056.85,9054.35,9056.34,32.62759113652609
2026-08-21T09:00:00+00:00,9056.34,9057.85,9055.35,9056.33,22
2026-08-21T09:05:00+00:00,9056.33,9060.34,9054.34,9057.34,58
2026-08-21T09:10:00+00:00,9057.34,9057.85,9053.83,9055.84,57
2026-08-21T09:15:00+00:00,9055.84,9057.35,9054.33,9054.34,46
2026-08-21T09:20:00+00:00,9054.34,9056.34,9051.83,9052.35,44
2026-08-21T09:25:00+00:00,9052.35,9053.35,9051.35,9053.34,15
2026-08-21T09:30:00+00:00,9053.34,9053.83,9052.33,9053.33,23
2026-08-21T09:35:00+00:00,9053.33,9057.34,9051.83,9055.84,35
2026-08-21T09:40:00+00:00,9055.84,9058.34,9055.33,9055.85,28
2026-08-21T09:45:00+00:00,9055.85,9056.33,9053.34,9055.34,25
2026-08-21T09:50:00+00:00,9055.34,9055.34,9051.83,9052.33,36
2026-08-21T09:55:00+00:00,9052.33,9055.85,9052.33,9053.84,42
2026-08-21T10:00:00+00:00,9053.84,9059.84,9053.83,9056.83,64
2026-08-21T10:05:00+00:00,9056.83,9057.35,9054.33,9055.34,42
2026-08-21T10:10:00+00:00,9055.34,9055.34,9052.35,9052.83,28.450704225352112
2026-08-21T10:15:00+00:00,9052.83,9053.35,9051.33,9051.33,30
2026-08-21T10:20:00+00:00,9051.33,9051.85,9050.34,9050.85,25
2026-08-21T10:25:00+00:00,9050.85,9052.85,9050.85,9052.34,16
2026-08-21T10:30:00+00:00,9052.34,9052.35,9050.83,9050.83,20
2026-08-21T10:35:00+00:00,9050.83,9052.84,9050.33,9051.84,16
2026-08-21T10:40:00+00:00,9051.84,9052.35,9051.83,9052.35,14.358598207008965
2026-08-21T10:45:00+00:00,9052.35,9053.85,9052.33,9053.34,19
2026-08-21T10:50:00+00:00,9053.34,9056.83,9050.33,9050.34,25.26601784266018
2026-08-21T10:55:00+00:00,9050.34,9052.35,9049.84,9051.35,28
2026-08-21T11:00:00+00:00,9051.35,9052.35,9047.33,9050.35,42
2026-08-21T11:05:00+00:00,9050.35,9054.35,9050.35,9054.34,46
2026-08-21T11:10:00+00:00,9054.34,9057.33,9053.33,9054.33,23
2026-08-21T11:15:00+00:00,9054.33,9056.35,9054.33,9055.35,29
2026-08-21T11:20:00+00:00,9055.35,9065.85,9053.83,9065.34,124
2026-08-21T11:25:00+00:00,9065.34,9067.84,9058.85,9061.33,209
2026-08-21T11:30:00+00:00,9061.33,9062.35,9056.83,9058.33,108
2026-08-21T11:35:00+00:00,9058.33,9063.84,9057.34,9057.34,78
2026-08-21T11:40:00+00:00,9057.34,9057.85,9054.35,9057.34,55
2026-08-21T11:45:00+00:00,9057.34,9058.85,9056.33,9057.35,53
2026-08-21T11:50:00+00:00,9057.35,9057.35,9054.85,9055.33,23
2026-08-21T11:55:00+00:00,9055.33,9057.34,9054.83,9054.85,28
2026-08-21T12:00:00+00:00,9054.85,9056.35,9052.34,9053.84,44
2026-08-21T12:05:00+00:00,9053.84,9058.35,9053.84,9056.83,28
2026-08-21T12:10:00+00:00,9056.83,9057.84,9053.83,9053.83,25
2026-08-21T12:15:00+00:00,9053.83,9055.34,9053.33,9055.34,21
2026-08-21T12:20:00+00:00,9055.34,9055.34,9050.34,9050.83,25
2026-08-21T12:25:00+00:00,9050.83,9051.84,9048.35,9051.84,19.860584045584048
2026-08-21T12:30:00+00:00,9051.84,9052.33,9046.35,9047.35,36.16602907421576
2026-08-21T12:35:00+00:00,9047.35,9049.83,9047.33,9047.34,33
2026-08-21T12:40:00+00:00,9047.34,9052.33,9047.33,9051.34,31
2026-08-21T12:45:00+00:00,9051.34,9052.83,9050.34,9052.83,29
2026-08-21T12:50:00+00:00,9052.83,9054.33,9050.34,9053.83,26
2026-08-21T12:55:00+00:00,9053.83,9055.34,9048.35,9049.34,36
2026-08-21T13:00:00+00:00,9049.34,9054.35,9049.34,9053.35,29
2026-08-21T13:05:00+00:00,9053.35,9053.35,9048.83,9049.35,42
2026-08-21T13:10:00+00:00,9049.35,9051.34,9048.33,9049.83,33.51320754716981
2026-08-21T13:15:00+00:00,9049.83,9050.34,9046.34,9047.35,38
2026-08-21T13:20:00+00:00,9047.35,9053.34,9046.83,9053.34,52
2026-08-21T13:25:00+00:00,9053.34,9058.35,9053.34,9057.33,62
2026-08-21T13:30:00+00:00,9057.33,9073.35,9057.33,9061.84,203
2026-08-21T13:35:00+00:00,9061.84,9079.35,9060.34,9078.35,190
2026-08-21T13:40:00+00:00,9078.35,9078.35,9066.35,9072.35,145
2026-08-21T13:45:00+00:00,9072.35,9079.33,9069.33,9079.33,110
2026-08-21T13:50:00+00:00,9079.33,9085.33,9075.35,9076.85,98
2026-08-21T13:55:00+00:00,9076.85,9085.84,9075.83,9083.83,160
2026-08-21T14:00:00+00:00,9083.83,9085.35,9080.34,9085.35,152
2026-08-21T14:05:00+00:00,9085.35,9086.35,9082.84,9085.35,100
2026-08-21T14:10:00+00:00,9085.35,9086.33,9079.84,9080.33,73
2026-08-21T14:15:00+00:00,9080.33,9082.85,9078.33,9079.83,96
2026-08-21T14:20:00+00:00,9079.83,9084.85,9079.83,9084.84,94
2026-08-21T14:25:00+00:00,9084.84,9088.35,9084.83,9088.33,47
2026-08-21T14:30:00+00:00,9088.33,9088.84,9078.35,9078.35,87
2026-08-21T14:35:00+00:00,9078.35,9078.35,9075.33,9078.35,76
2026-08-21T14:40:00+00:00,9078.35,9081.35,9077.33,9077.33,92
2026-08-21T14:45:00+00:00,9077.33,9082.35,9076.34,9082.35,57
2026-08-21T14:50:00+00:00,9082.35,9082.35,9074.85,9078.35,89
2026-08-21T14:55:00+00:00,9078.35,9082.35,9077.33,9079.33,56
2026-08-21T15:00:00+00:00,9079.33,9082.34,9077.33,9081.33,109
2026-08-21T15:05:00+00:00,9081.33,9083.34,9079.83,9081.35,69
2026-08-21T15:10:00+00:00,9081.35,9082.84,9077.33,9077.35,44
2026-08-21T15:15:00+00:00,9077.35,9080.35,9073.83,9073.83,76
2026-08-21T15:20:00+00:00,9073.83,9077.34,9073.35,9077.34,60
2026-08-21T15:25:00+00:00,9077.34,9079.34,9073.85,9077.83,59
2026-08-21T15:30:00+00:00,9077.83,9081.34,9075.84,9080.83,90
2026-08-21T15:35:00+00:00,9080.83,9083.35,9080.33,9082.85,60
2026-08-21T15:40:00+00:00,9082.85,9085.35,9080.35,9083.34,71
2026-08-21T15:45:00+00:00,9083.34,9084.85,9081.33,9081.83,43
2026-08-21T15:50:00+00:00,9081.83,9083.35,9080.34,9080.85,45
2026-08-21T15:55:00+00:00,9080.85,9080.85,9077.85,9080.35,26
2026-08-21T16:00:00+00:00,9080.35,9081.33,9075.33,9076.34,36
2026-08-21T16:05:00+00:00,9076.34,9076.35,9073.33,9074.33,28
2026-08-21T16:10:00+00:00,9074.33,9076.35,9073.35,9073.35,37
2026-08-21T16:15:00+00:00,9073.35,9073.35,9070.84,9071.83,38
2026-08-21T16:20:00+00:00,9071.83,9078.33,9070.34,9074.33,170
2026-08-21T16:25:00+00:00,9074.33,9075.34,9072.33,9073.84,54
2026-08-21T16:30:00+00:00,9073.84,9076.35,9072.35,9072.35,47
2026-08-21T16:35:00+00:00,9072.35,9075.35,9072.33,9075.35,37
2026-08-21T16:40:00+00:00,9075.35,9075.35,9073.33,9073.85,41
2026-08-21T16:45:00+00:00,9073.85,9076.34,9072.83,9075.84,34
2026-08-21T16:50:00+00:00,9075.84,9076.84,9074.33,9075.33,39
2026-08-21T16:55:00+00:00,9075.33,9078.35,9075.33,9077.83,41
2026-08-21T17:00:00+00:00,9077.83,9079.34,9076.33,9077.34,31
2026-08-21T17:05:00+00:00,9077.34,9077.85,9076.33,9076.84,46
2026-08-21T17:10:00+00:00,9076.84,9077.35,9075.35,9076.34,29
2026-08-21T17:15:00+00:00,9076.34,9076.35,9074.83,9074.84,36
2026-08-21T17:20:00+00:00,9074.84,9075.34,9073.85,9074.83,17.93767441860465
2026-08-21T17:25:00+00:00,9074.83,9075.35,9072.85,9073.34,44
2026-08-21T17:30:00+00:00,9073.34,9073.35,9071.33,9072.35,26.611717974180735
2026-08-21T17:35:00+00:00,9072.35,9073.35,9072.33,9073.33,10
2026-08-21T17:40:00+00:00,9073.33,9073.35,9072.35,9072.35,10
2026-08-21T17:45:00+00:00,9072.35,9073.35,9071.83,9071.83,37
2026-08-21T17:50:00+00:00,9071.83,9072.83,9070.84,9072.35,13
2026-08-21T17:55:00+00:00,9072.35,9072.35,9071.33,9071.34,12.979670073686712
2026-08-21T18:00:00+00:00,9071.34,9072.85,9068.85,9072.34,18
2026-08-21T18:05:00+00:00,9072.34,9072.84,9070.84,9070.84,10
2026-08-21T18:10:00+00:00,9070.84,9073.35,9069.84,9073.34,21
2026-08-21T18:15:00+00:00,9073.34,9077.35,9073.34,9077.33,17.258803252775714
2026-08-21T18:20:00+00:00,9077.33,9078.35,9076.84,9078.33,13.528225806451612
2026-08-21T18:25:00+00:00,9078.33,9080.34,9078.33,9080.34,12.337298810356893
2026-08-21T18:30:00+00:00,9080.34,9080.34,9077.83,9078.34,13
2026-08-21T18:35:00+00:00,9078.34,9080.35,9078.34,9079.35,24
2026-08-21T18:40:00+00:00,9079.35,9082.35,9079.35,9082.33,19
2026-08-21T18:45:00+00:00,9082.33,9083.83,9082.33,9082.34,25
2026-08-21T18:50:00+00:00,9082.34,9083.35,9081.33,9081.33,20.614160700079555
2026-08-21T18:55:00+00:00,9081.33,9082.34,9080.33,9082.34,22
2026-08-21T19:00:00+00:00,9082.34,9083.35,9081.33,9081.33,19
2026-08-21T19:05:00+00:00,9081.33,9083.35,9080.33,9082.33,19
2026-08-21T19:10:00+00:00,9082.33,9083.33,9082.32,9082.34,9.280373831775702
2026-08-21T19:15:00+00:00,9082.34,9082.85,9080.34,9080.34,12.330373001776199
2026-08-21T19:20:00+00:00,9080.34,9081.35,9080.33,9080.83,9
2026-08-21T19:25:00+00:00,9080.83,9081.35,9079.34,9079.34,16
2026-08-21T19:30:00+00:00,9079.34,9079.34,9077.83,9077.83,10
2026-08-21T19:35:00+00:00,9077.83,9079.34,9076.33,9079.33,15
2026-08-21T19:40:00+00:00,9079.33,9080.35,9078.33,9080.35,21
2026-08-21T19:45:00+00:00,9080.35,9085.33,9080.34,9084.34,34
2026-08-21T19:50:00+00:00,9084.34,9084.34,9079.35,9079.35,44
2026-08-21T19:55:00+00:00,9079.35,9081.85,9074.84,9079.34,96
2026-08-21T20:00:00+00:00,9079.34,9080.35,9079.33,9079.83,21
2026-08-21T20:05:00+00:00,9079.83,9079.83,9077.33,9078.33,10.106139438085329
2026-08-21T20:10:00+00:00,9078.33,9078.35,9075.33,9076.35,17
2026-08-21T20:15:00+00:00,9076.35,9078.35,9076.35,9078.33,11.02950474183351
2026-08-21T20:20:00+00:00,9078.33,9078.35,9076.33,9076.85,12
2026-08-21T20:25:00+00:00,9076.85,9076.85,9076.83,9076.84,6.991230432404168
2026-08-21T20:30:00+00:00,9076.84,9076.85,9075.85,9076.84,9.087161338430764
2026-08-21T20:35:00+00:00,9076.84,9077.33,9076.84,9077.33,6.05910971841468
2026-08-21T20:40:00+00:00,9077.33,9077.33,9077.33,9077.33,5.085798939671003
2026-08-23T23:50:00+00:00,9077.33,9084.59,9071.08,9074.57,98
2026-08-23T23:55:00+00:00,9074.57,9082.59,9072.59,9082.59,113
2026-08-24T00:00:00+00:00,9082.59,9086.98,9070.47,9074.98,484
2026-08-24T00:05:00+00:00,9074.98,9082.47,9067.97,9067.97,377
2026-08-24T00:10:00+00:00,9067.97,9068.98,9063.99,9064.99,184
2026-08-24T00:15:00+00:00,9064.99,9078.99,9064.99,9076.99,222
2026-08-24T00:20:00+00:00,9076.99,9077.99,9072.47,9077.48,166
2026-08-24T00:25:00+00:00,9077.48,9080.47,9074.97,9079.98,147
2026-08-24T00:30:00+00:00,9079.98,9081.97,9074.48,9076.99,174
2026-08-24T00:35:00+00:00,9076.99,9076.99,9068.47,9068.47,76
2026-08-24T00:40:00+00:00,9068.47,9074.97,9068.47,9074.97,83
2026-08-24T00:45:00+00:00,9074.97,9078.99,9074.97,9076.97,69
2026-08-24T00:50:00+00:00,9076.97,9082.99,9076.47,9081.98,95
2026-08-24T00:55:00+00:00,9081.98,9091.99,9081.98,9091.97,101
2026-08-24T01:00:00+00:00,9091.97,9104.99,9091.49,9097.47,171
2026-08-24T01:05:00+00:00,9097.47,9106.49,9097.47,9098.48,110
2026-08-24T01:10:00+00:00,9098.48,9101.99,9096.48,9097.47,96
2026-08-24T01:15:00+00:00,9097.47,9104.49,9094.48,9103.98,81
2026-08-24T01:20:00+00:00,9103.98,9103.98,9091.97,9094.97,88
2026-08-24T01:25:00+00:00,9094.97,9098.99,9091.99,9092.99,115
2026-08-24T01:30:00+00:00,9092.99,9092.99,9085.97,9085.99,88
2026-08-24T01:35:00+00:00,9085.99,9085.99,9080.47,9080.49,59
2026-08-24T01:40:00+00:00,9080.49,9084.99,9077.98,9084.99,53
2026-08-24T01:45:00+00:00,9084.99,9096.49,9084.47,9095.99,92
2026-08-24T01:50:00+00:00,9095.99,9106.98,9095.99,9104.48,98
2026-08-24T01:55:00+00:00,9104.48,9110.98,9103.47,9110.98,71
2026-08-24T02:00:00+00:00,9110.98,9119.98,9109.97,9119.98,116
2026-08-24T02:05:00+00:00,9119.98,9120.49,9111.98,9113.98,104
2026-08-24T02:10:00+00:00,9113.98,9124.49,9110.99,9121.48,138
2026-08-24T02:15:00+00:00,9121.48,9124.99,9119.98,9122.97,74
2026-08-24T02:20:00+00:00,9122.97,9122.97,9114.49,9116.97,35
2026-08-24T02:25:00+00:00,9116.97,9116.99,9113.48,9115.49,30
2026-08-24T02:30:00+00:00,9115.49,9116.97,9108.97,9112.98,61
2026-08-24T02:35:00+00:00,9112.98,9112.98,9109.98,9110.97,35
2026-08-24T02:40:00+00:00,9110.97,9112.48,9107.98,9107.98,31
2026-08-24T02:45:00+00:00,9107.98,9108.97,9102.49,9102.49,41
2026-08-24T02:50:00+00:00,9102.49,9107.97,9099.97,9107.97,78
2026-08-24T02:55:00+00:00,9107.97,9112.48,9107.97,9108.98,44
2026-08-24T03:00:00+00:00,9108.98,9108.99,9106.49,9108.49,41
2026-08-24T03:05:00+00:00,9108.49,9108.49,9098.98,9098.98,35
2026-08-24T03:10:00+00:00,9098.98,9105.98,9097.99,9104.48,47
2026-08-24T03:15:00+00:00,9104.48,9104.48,9102.97,9103.47,28
2026-08-24T03:20:00+00:00,9103.47,9106.97,9100.47,9104.49,58
2026-08-24T03:25:00+00:00,9104.49,9104.49,9099.48,9101.47,27
2026-08-24T03:30:00+00:00,9101.47,9105.99,9101.47,9103.97,50
2026-08-24T03:35:00+00:00,9103.97,9105.99,9101.99,9103.99,58
2026-08-24T03:40:00+00:00,9103.99,9105.97,9101.97,9101.99,31
2026-08-24T03:45:00+00:00,9101.99,9104.49,9100.99,9104.47,18
2026-08-24T03:50:00+00:00,9104.47,9104.47,9098.97,9099.97,52
2026-08-24T03:55:00+00:00,9099.97,9100.99,9097.97,9099.47,33
2026-08-24T04:00:00+00:00,9099.47,9100.48,9097.49,9099.47,59
2026-08-24T04:05:00+00:00,9099.47,9099.47,9096.97,9096.97,36
2026-08-24T04:10:00+00:00,9096.97,9097.99,9093.47,9093.47,33
2026-08-24T04:15:00+00:00,9093.47,9093.47,9091.97,9093.47,29
2026-08-24T04:20:00+00:00,9093.47,9096.49,9093.47,9096.48,26
2026-08-24T04:25:00+00:00,9096.48,9104.48,9096.48,9103.48,58
2026-08-24T04:30:00+00:00,9103.48,9105.99,9100.49,9100.98,103
2026-08-24T04:35:00+00:00,9100.98,9101.99,9097.47,9097.47,50
2026-08-24T04:40:00+00:00,9097.47,9099.99,9095.98,9099.99,49
2026-08-24T04:45:00+00:00,9099.99,9102.97,9099.97,9100.99,57
2026-08-24T04:50:00+00:00,9100.99,9100.99,9096.97,9096.99,30
2026-08-24T04:55:00+00:00,9096.99,9096.99,9093.97,9095.99,25
2026-08-24T05:00:00+00:00,9095.99,9097.48,9094.97,9095.98,58
2026-08-24T05:05:00+00:00,9095.98,9099.99,9095.98,9099.49,55
2026-08-24T05:10:00+00:00,9099.49,9100.48,9096.47,9096.97,31
2026-08-24T05:15:00+00:00,9096.97,9096.97,9091.97,9092.97,64
2026-08-24T05:20:00+00:00,9092.97,9093.48,9089.47,9090.99,30
2026-08-24T05:25:00+00:00,9090.99,9090.99,9088.98,9089.48,18
2026-08-24T05:30:00+00:00,9089.48,9090.49,9085.48,9085.48,54
2026-08-24T05:35:00+00:00,9085.48,9088.49,9084.48,9087.97,45
2026-08-24T05:40:00+00:00,9087.97,9088.48,9084.98,9084.99,29
2026-08-24T05:45:00+00:00,9084.99,9090.99,9084.99,9089.99,48
2026-08-24T05:50:00+00:00,9089.99,9094.99,9088.98,9089.47,81
2026-08-24T05:55:00+00:00,9089.47,9089.98,9083.97,9084.48,103
2026-08-24T06:00:00+00:00,9084.48,9090.08,9079.57,9087.09,71
2026-08-24T06:05:00+00:00,9087.09,9095.09,9087.09,9095.09,97
2026-08-24T06:10:00+00:00,9095.09,9095.09,9088.08,9089.59,87
2026-08-24T06:15:00+00:00,9089.59,9090.57,9080.58,9082.57,88
2026-08-24T06:20:00+00:00,9082.57,9082.59,9079.58,9082.07,44
2026-08-24T06:25:00+00:00,9082.07,9089.39,9079.57,9088.87,104
2026-08-24T07:10:00+00:00,9088.87,9088.87,9077.59,9078.59,59
2026-08-24T07:15:00+00:00,9078.59,9080.59,9074.57,9079.58,85
2026-08-24T07:20:00+00:00,9079.58,9080.09,9077.57,9080.07,74
2026-08-24T07:25:00+00:00,9080.07,9080.59,9076.57,9076.57,79
2026-08-24T07:30:00+00:00,9076.57,9080.08,9075.59,9079.57,111
2026-08-24T07:35:00+00:00,9079.57,9080.59,9078.57,9078.59,77
2026-08-24T07:40:00+00:00,9078.59,9078.59,9071.59,9071.59,50
2026-08-24T07:45:00+00:00,9071.59,9074.09,9071.07,9072.09,80
2026-08-24T07:50:00+00:00,9072.09,9073.59,9069.57,9069.57,95
2026-08-24T07:55:00+00:00,9069.57,9070.59,9068.57,9068.57,63
2026-08-24T08:00:00+00:00,9068.57,9071.59,9067.57,9071.09,93
2026-08-24T08:05:00+00:00,9071.09,9080.57,9070.59,9073.09,126
2026-08-24T08:10:00+00:00,9073.09,9076.59,9071.57,9073.57,83
2026-08-24T08:15:00+00:00,9073.57,9077.09,9072.57,9076.58,83
2026-08-24T08:20:00+00:00,9076.58,9076.59,9072.08,9072.58,91
2026-08-24T08:25:00+00:00,9072.58,9074.09,9070.58,9071.59,111
2026-08-24T08:30:00+00:00,9071.59,9072.59,9070.08,9071.58,48
2026-08-24T08:35:00+00:00,9071.58,9078.08,9071.57,9078.08,54
2026-08-24T08:40:00+00:00,9078.08,9081.59,9077.57,9081.07,58
2026-08-24T08:45:00+00:00,9081.07,9081.59,9079.57,9079.57,64
2026-08-24T08:50:00+00:00,9079.57,9080.59,9078.57,9079.09,52
2026-08-24T08:55:00+00:00,9079.09,9079.59,9077.08,9077.08,65
2026-08-24T09:00:00+00:00,9077.08,9080.08,9076.08,9080.08,72
2026-08-24T09:05:00+00:00,9080.08,9081.58,9078.58,9080.07,34
2026-08-24T09:10:00+00:00,9080.07,9081.59,9079.09,9080.59,31
2026-08-24T09:15:00+00:00,9080.59,9081.58,9077.07,9077.07,33
2026-08-24T09:20:00+00:00,9077.07,9080.59,9077.07,9080.57,26
2026-08-24T09:25:00+00:00,9080.57,9080.58,9078.07,9079.58,63
2026-08-24T09:30:00+00:00,9079.58,9080.59,9079.57,9080.57,38
2026-08-24T09:35:00+00:00,9080.57,9082.59,9080.57,9082.57,24
2026-08-24T09:40:00+00:00,9082.57,9083.59,9080.57,9083.58,33
2026-08-24T09:45:00+00:00,9083.58,9087.59,9083.57,9087.59,23
2026-08-24T09:50:00+00:00,9087.59,9089.07,9087.57,9088.57,17
2026-08-24T09:55:00+00:00,9088.57,9090.59,9088.57,9089.57,53
2026-08-24T10:00:00+00:00,9089.57,9090.58,9089.57,9090.57,14
2026-08-24T10:05:00+00:00,9090.57,9092.58,9090.57,9091.58,22
2026-08-24T10:10:00+00:00,9091.58,9093.58,9091.09,9092.59,17
2026-08-24T10:15:00+00:00,9092.59,9093.58,9091.58,9091.58,40
2026-08-24T10:20:00+00:00,9091.58,9091.59,9089.58,9090.59,34
2026-08-24T10:25:00+00:00,9090.59,9090.59,9086.59,9087.07,29
2026-08-24T10:30:00+00:00,9087.07,9089.57,9086.58,9088.59,41
2026-08-24T10:35:00+00:00,9088.59,9088.59,9086.58,9086.58,19
2026-08-24T10:40:00+00:00,9086.58,9087.09,9085.57,9085.58,21
2026-08-24T10:45:00+00:00,9085.58,9085.59,9083.57,9084.07,84
2026-08-24T10:50:00+00:00,9084.07,9085.57,9083.08,9084.59,27
2026-08-24T10:55:00+00:00,9084.59,9085.59,9082.57,9083.09,52
2026-08-24T11:00:00+00:00,9083.09,9084.09,9080.07,9083.07,93
2026-08-24T11:05:00+00:00,9083.07,9084.09,9080.58,9081.09,110
2026-08-24T11:10:00+00:00,9081.09,9081.09,9077.57,9078.59,57
2026-08-24T11:15:00+00:00,9078.59,9079.57,9077.58,9079.09,82
2026-08-24T11:20:00+00:00,9079.09,9079.09,9077.57,9078.58,25
2026-08-24T11:25:00+00:00,9078.58,9081.09,9078.58,9079.59,37
2026-08-24T11:30:00+00:00,9079.59,9085.09,9079.57,9084.58,125
2026-08-24T11:35:00+00:00,9084.58,9094.08,9084.58,9088.58,499
2026-08-24T11:40:00+00:00,9088.58,9090.07,9085.57,9086.59,162
2026-08-24T11:45:00+00:00,9086.59,9086.59,9080.07,9080.58,126
2026-08-24T11:50:00+00:00,9080.58,9081.09,9077.57,9080.08,86
2026-08-24T11:55:00+00:00,9080.08,9081.59,9079.07,9080.59,37
2026-08-24T12:00:00+00:00,9080.59,9081.09,9075.59,9075.59,73
2026-08-24T12:05:00+00:00,9075.59,9077.09,9075.07,9076.07,48
2026-08-24T12:10:00+00:00,9076.07,9080.59,9076.07,9078.57,37
2026-08-24T12:15:00+00:00,9078.57,9080.59,9077.57,9078.59,63
2026-08-24T12:20:00+00:00,9078.59,9080.59,9078.08,9079.09,184
2026-08-24T12:25:00+00:00,9079.09,9081.59,9078.58,9079.58,56
2026-08-24T12:30:00+00:00,9079.58,9081.07,9071.57,9079.58,190
2026-08-24T12:35:00+00:00,9079.58,9080.58,9078.57,9080.57,68
2026-08-24T12:40:00+00:00,9080.57,9084.58,9079.09,9081.07,166
2026-08-24T12:45:00+00:00,9081.07,9083.09,9080.57,9081.59,58
2026-08-24T12:50:00+00:00,9081.59,9084.58,9081.59,9083.07,18
2026-08-24T12:55:00+00:00,9083.07,9083.59,9079.59,9079.59,63
2026-08-24T13:00:00+00:00,9079.59,9080.09,9077.57,9077.59,31
2026-08-24T13:05:00+00:00,9077.59,9078.57,9072.57,9073.58,75
2026-08-24T13:10:00+00:00,9073.58,9073.59,9069.57,9071.58,54
2026-08-24T13:15:00+00:00,9071.58,9076.59,9070.07,9075.58,63
2026-08-24T13:20:00+00:00,9075.58,9077.59,9075.08,9077.59,41
2026-08-24T13:25:00+00:00,9077.59,9079.59,9074.59,9077.08,67
2026-08-24T13:30:00+00:00,9077.08,9081.59,9074.08,9077.58,210
2026-08-24T13:35:00+00:00,9077.58,9079.58,9073.57,9075.57,215
2026-08-24T13:40:00+00:00,9075.57,9083.58,9075.57,9079.59,127
2026-08-24T13:45:00+00:00,9079.59,9090.07,9079.58,9090.07,78
2026-08-24T13:50:00+00:00,9090.07,9097.09,9090.07,9095.58,123
2026-08-24T13:55:00+00:00,9095.58,9096.08,9091.57,9093.57,125
2026-08-24T14:00:00+00:00,9093.57,9097.58,9091.58,9097.58,137
2026-08-24T14:05:00+00:00,9097.58,9105.59,9095.57,9096.59,169
2026-08-24T14:10:00+00:00,9096.59,9096.59,9089.59,9096.58,95
2026-08-24T14:15:00+00:00,9096.58,9100.59,9096.08,9098.59,66
2026-08-24T14:20:00+00:00,9098.59,9103.59,9098.57,9101.58,88
2026-08-24T14:25:00+00:00,9101.58,9109.59,9100.59,9107.58,79
2026-08-24T14:30:00+00:00,9107.58,9109.58,9103.09,9108.59,88
2026-08-24T14:35:00+00:00,9108.59,9111.58,9108.07,9109.09,76
2026-08-24T14:40:00+00:00,9109.09,9111.59,9107.59,9109.09,52
2026-08-24T14:45:00+00:00,9109.09,9110.59,9104.57,9105.59,45
2026-08-24T14:50:00+00:00,9105.59,9106.59,9101.57,9103.57,93
2026-08-24T14:55:00+00:00,9103.57,9108.09,9102.57,9103.59,63
2026-08-24T15:00:00+00:00,9103.59,9104.09,9098.59,9103.09,53
2026-08-24T15:05:00+00:00,9103.09,9103.09,9098.58,9098.58,77
2026-08-24T15:10:00+00:00,9098.58,9100.59,9096.08,9098.59,73
2026-08-24T15:15:00+00:00,9098.59,9098.59,9094.07,9094.09,19
2026-08-24T15:20:00+00:00,9094.09,9097.57,9093.57,9097.07,57
2026-08-24T15:25:00+00:00,9097.07,9106.59,9097.07,9104.08,130
2026-08-24T15:30:00+00:00,9104.08,9106.57,9097.57,9099.08,175
2026-08-24T15:35:00+00:00,9099.08,9099.09,9096.57,9096.59,93
2026-08-24T15:40:00+00:00,9096.59,9096.59,9090.57,9092.59,108
2026-08-24T15:45:00+00:00,9092.59,9093.58,9089.57,9090.09,65
2026-08-24T15:50:00+00:00,9090.09,9094.07,9090.08,9091.59,46
2026-08-24T15:55:00+00:00,9091.59,9092.07,9090.07,9091.57,66
2026-08-24T16:00:00+00:00,9091.57,9101.59,9091.57,9101.59,216
2026-08-24T16:05:00+00:00,9101.59,9102.59,9097.58,9097.59,77
2026-08-24T16:10:00+00:00,9097.59,9097.59,9095.57,9097.58,33
2026-08-24T16:15:00+00:00,9097.58,9101.59,9097.07,9101.59,36
2026-08-24T16:20:00+00:00,9101.59,9103.59,9100.07,9102.07,27
2026-08-24T16:25:00+00:00,9102.07,9103.09,9101.09,9102.58,38
2026-08-24T16:30:00+00:00,9102.58,9102.58,9097.58,9098.58,35
2026-08-24T16:35:00+00:00,9098.58,9099.59,9098.09,9098.59,20
2026-08-24T16:40:00+00:00,9098.59,9098.59,9096.09,9096.09,29
2026-08-24T16:45:00+00:00,9096.09,9098.57,9094.57,9097.59,39
2026-08-24T16:50:00+00:00,9097.59,9097.59,9096.08,9097.57,28
2026-08-24T16:55:00+00:00,9097.57,9097.59,9094.57,9095.09,51
2026-08-24T17:00:00+00:00,9095.09,9097.09,9094.08,9096.59,133
2026-08-24T17:05:00+00:00,9096.59,9103.57,9096.57,9101.57,121
2026-08-24T17:10:00+00:00,9101.57,9104.59,9099.59,9103.58,177
2026-08-24T17:15:00+00:00,9103.58,9106.59,9100.57,9104.09,158
2026-08-24T17:20:00+00:00,9104.09,9104.09,9094.57,9096.59,97
2026-08-24T17:25:00+00:00,9096.59,9097.09,9094.58,9094.58,72
2026-08-24T17:30:00+00:00,9094.58,9097.09,9094.58,9095.58,93
2026-08-24T17:35:00+00:00,9095.58,9097.09,9095.57,9097.09,72
2026-08-24T17:40:00+00:00,9097.09,9097.58,9096.57,9096.59,41
2026-08-24T17:45:00+00:00,9096.59,9097.58,9095.57,9097.58,18
2026-08-24T17:50:00+00:00,9097.58,9098.58,9095.58,9096.07,54
2026-08-24T17:55:00+00:00,9096.07,9097.59,9095.07,9097.07,16
2026-08-24T18:00:00+00:00,9097.07,9097.58,9094.59,9096.59,54
2026-08-24T18:05:00+00:00,9096.59,9098.57,9095.57,9096.57,33
2026-08-24T18:10:00+00:00,9096.57,9098.09,9095.57,9098.07,27
2026-08-24T18:15:00+00:00,9098.07,9100.58,9098.07,9099.59,23
2026-08-24T18:20:00+00:00,9099.59,9101.59,9099.57,9100.58,25
2026-08-24T18:25:00+00:00,9100.58,9101.59,9100.57,9101.59,14
2026-08-24T18:30:00+00:00,9101.59,9102.58,9099.57,9099.57,40
2026-08-24T18:35:00+00:00,9099.57,9100.57,9096.57,9098.09,69
2026-08-24T18:40:00+00:00,9098.09,9100.59,9098.07,9100.09,84
2026-08-24T18:45:00+00:00,9100.09,9100.59,9098.58,9099.59,43
2026-08-24T18:50:00+00:00,9099.59,9100.59,9097.59,9097.59,64
2026-08-24T18:55:00+00:00,9097.59,9098.59,9096.57,9096.59,25
2026-08-24T19:00:00+00:00,9096.59,9098.58,9096.59,9098.58,75
2026-08-24T19:05:00+00:00,9098.58,9098.59,9096.57,9096.57,106
2026-08-24T19:10:00+00:00,9096.57,9097.59,9096.07,9097.57,15
2026-08-24T19:15:00+00:00,9097.57,9098.59,9095.59,9097.59,24
2026-08-24T19:20:00+00:00,9097.59,9097.59,9096.57,9096.58,22
2026-08-24T19:25:00+00:00,9096.58,9096.58,9094.09,9094.09,11
2026-08-24T19:30:00+00:00,9094.09,9096.57,9093.07,9093.59,57
2026-08-24T19:35:00+00:00,9093.59,9093.59,9093.09,9093.57,11
2026-08-24T19:40:00+00:00,9093.57,9093.59,9091.58,9092.57,20
2026-08-24T19:45:00+00:00,9092.57,9094.59,9092.07,9093.59,24
2026-08-24T19:50:00+00:00,9093.59,9095.57,9092.07,9092.57,28
2026-08-24T19:55:00+00:00,9092.57,9095.59,9092.57,9094.09,82
2026-08-24T20:00:00+00:00,9094.09,9096.58,9094.09,9096.07,50
2026-08-24T20:05:00+00:00,9096.07,9097.59,9096.07,9097.07,12
2026-08-24T20:10:00+00:00,9097.07,9097.58,9096.58,9097.58,10
2026-08-24T20:15:00+00:00,9097.58,9098.08,9097.57,9097.58,15
2026-08-24T20:20:00+00:00,9097.58,9099.57,9097.57,9098.07,13
2026-08-24T20:25:00+00:00,9098.07,9098.07,9096.07,9097.58,10
2026-08-24T20:30:00+00:00,9097.58,9098.58,9097.58,9098.07,8
2026-08-24T20:35:00+00:00,9098.07,9099.59,9097.58,9099.58,11
2026-08-24T20:40:00+00:00,9099.58,9099.59,9099.07,9099.57,12
2026-08-24T20:45:00+00:00,9099.57,9099.59,9099.07,9099.58,9
2026-08-24T20:50:00+00:00,9099.58,9099.59,9098.57,9099.07,33
2026-08-24T20:55:00+00:00,9099.07,9102.37,9099.07,9102.37,30
2026-08-24T23:50:00+00:00,9102.37,9102.37,9091.82,9097.8,64
2026-08-24T23:55:00+00:00,9097.8,9105.82,9097.8,9104.8,70
2026-08-25T00:00:00+00:00,9104.8,9128.22,9104.8,9109.2,650
2026-08-25T00:05:00+00:00,9109.2,9127.22,9108.71,9123.22,368
2026-08-25T00:10:00+00:00,9123.22,9128.72,9115.2,9125.2,399
2026-08-25T00:15:00+00:00,9125.2,9134.21,9120.2,9131.2,296
2026-08-25T00:20:00+00:00,9131.2,9141.71,9129.7,9138.72,194
2026-08-25T00:25:00+00:00,9138.72,9139.21,9133.2,9136.72,175
2026-08-25T00:30:00+00:00,9136.72,9144.22,9136.2,9144.22,214
2026-08-25T00:35:00+00:00,9144.22,9147.21,9141.7,9146.71,128
2026-08-25T00:40:00+00:00,9146.71,9146.71,9137.21,9144.22,147
2026-08-25T00:45:00+00:00,9144.22,9149.21,9144.21,9144.72,106
2026-08-25T00:50:00+00:00,9144.72,9147.71,9137.2,9137.7,111
2026-08-25T00:55:00+00:00,9137.7,9138.21,9131.21,9132.2,71
2026-08-25T01:00:00+00:00,9132.2,9142.72,9131.2,9140.72,169
2026-08-25T01:05:00+00:00,9140.72,9152.21,9139.22,9150.72,106
2026-08-25T01:10:00+00:00,9150.72,9161.72,9147.7,9159.22,114
2026-08-25T01:15:00+00:00,9159.22,9168.21,9156.21,9166.7,109
2026-08-25T01:20:00+00:00,9166.7,9167.22,9164.2,9165.71,87
2026-08-25T01:25:00+00:00,9165.71,9166.21,9157.71,9163.71,125
2026-08-25T01:30:00+00:00,9163.71,9171.22,9162.22,9168.7,138
2026-08-25T01:35:00+00:00,9168.7,9172.2,9168.2,9170.21,80
2026-08-25T01:40:00+00:00,9170.21,9179.72,9170.2,9175.71,100
2026-08-25T01:45:00+00:00,9175.71,9175.71,9169.7,9173.71,105
2026-08-25T01:50:00+00:00,9173.71,9173.71,9165.22,9166.21,101
2026-08-25T01:55:00+00:00,9166.21,9167.71,9158.21,9158.7,93
2026-08-25T02:00:00+00:00,9158.7,9161.72,9152.7,9154.2,140
2026-08-25T02:05:00+00:00,9154.2,9159.22,9151.7,9156.72,113
2026-08-25T02:10:00+00:00,9156.72,9156.72,9146.22,9146.22,128
2026-08-25T02:15:00+00:00,9146.22,9151.2,9145.21,9150.22,121
2026-08-25T02:20:00+00:00,9150.22,9153.21,9147.2,9152.72,124
2026-08-25T02:25:00+00:00,9152.72,9153.21,9148.21,9149.72,88
2026-08-25T02:30:00+00:00,9149.72,9152.22,9146.21,9149.21,120
2026-08-25T02:35:00+00:00,9149.21,9152.72,9145.71,9150.7,93
2026-08-25T02:40:00+00:00,9150.7,9150.7,9145.2,9145.71,87
2026-08-25T02:45:00+00:00,9145.71,9146.2,9143.2,9144.71,73
2026-08-25T02:50:00+00:00,9144.71,9144.71,9138.2,9138.71,91
2026-08-25T02:55:00+00:00,9138.71,9138.71,9135.7,9136.7,53
2026-08-25T03:00:00+00:00,9136.7,9146.22,9136.7,9146.22,71
2026-08-25T03:05:00+00:00,9146.22,9156.22,9145.71,9155.71,114
2026-08-25T03:10:00+00:00,9155.71,9157.22,9153.21,9155.71,75
2026-08-25T03:15:00+00:00,9155.71,9160.22,9154.21,9159.71,70
2026-08-25T03:20:00+00:00,9159.71,9163.21,9159.21,9159.22,67
2026-08-25T03:25:00+00:00,9159.22,9160.21,9157.7,9158.21,47
2026-08-25T03:30:00+00:00,9158.21,9158.21,9154.21,9155.71,58
2026-08-25T03:35:00+00:00,9155.71,9159.22,9155.71,9156.21,38
2026-08-25T03:40:00+00:00,9156.21,9157.22,9151.21,9152.22,59
2026-08-25T03:45:00+00:00,9152.22,9152.7,9148.2,9148.72,57
2026-08-25T03:50:00+00:00,9148.72,9149.72,9146.2,9146.2,39
2026-08-25T03:55:00+00:00,9146.2,9148.21,9146.2,9146.7,90
2026-08-25T04:00:00+00:00,9146.7,9156.2,9145.71,9156.2,64
2026-08-25T04:05:00+00:00,9156.2,9159.22,9155.72,9159.22,48
2026-08-25T04:10:00+00:00,9159.22,9159.22,9155.2,9155.71,41
2026-08-25T04:15:00+00:00,9155.71,9157.7,9153.2,9153.72,37
2026-08-25T04:20:00+00:00,9153.72,9156.22,9151.22,9154.71,48
2026-08-25T04:25:00+00:00,9154.71,9155.72,9150.7,9151.22,32
2026-08-25T04:30:00+00:00,9151.22,9153.7,9150.71,9153.21,28
2026-08-25T04:35:00+00:00,9153.21,9158.72,9153.21,9155.72,36
2026-08-25T04:40:00+00:00,9155.72,9155.72,9148.21,9148.72,32
2026-08-25T04:45:00+00:00,9148.72,9151.22,9148.2,9150.7,19
2026-08-25T04:50:00+00:00,9150.7,9151.72,9148.21,9151.22,45
2026-08-25T04:55:00+00:00,9151.22,9151.22,9145.2,9145.2,48
2026-08-25T05:00:00+00:00,9145.2,9149.22,9144.2,9148.72,75
2026-08-25T05:05:00+00:00,9148.72,9153.22,9148.71,9151.22,64
2026-08-25T05:10:00+00:00,9151.22,9156.2,9151.2,9156.2,35
2026-08-25T05:15:00+00:00,9156.2,9162.2,9155.71,9162.2,58
2026-08-25T05:20:00+00:00,9162.2,9162.22,9157.7,9157.7,45
2026-08-25T05:25:00+00:00,9157.7,9159.21,9154.22,9155.72,46
2026-08-25T05:30:00+00:00,9155.72,9157.21,9152.2,9153.2,42
2026-08-25T05:35:00+00:00,9153.2,9157.22,9153.2,9154.72,57
2026-08-25T05:40:00+00:00,9154.72,9156.2,9154.2,9156.2,34
2026-08-25T05:45:00+00:00,9156.2,9159.21,9154.2,9158.21,37
2026-08-25T05:50:00+00:00,9158.21,9160.72,9157.2,9159.21,43
2026-08-25T05:55:00+00:00,9159.21,9163.21,9159.2,9160.21,73
2026-08-25T06:00:00+00:00,9160.21,9166.81,9157.8,9163.8,119
2026-08-25T06:05:00+00:00,9163.8,9164.81,9160.82,9163.8,50
2026-08-25T06:10:00+00:00,9163.8,9164.32,9158.32,9158.8,63
2026-08-25T06:15:00+00:00,9158.8,9158.82,9156.3,9158.32,47
2026-08-25T06:20:00+00:00,9158.32,9161.82,9156.82,9160.31,77
2026-08-25T06:25:00+00:00,9160.31,9161.82,9158.8,9161.6,89
2026-08-25T07:10:00+00:00,9161.6,9166.31,9153.32,9155.82,87
2026-08-25T07:15:00+00:00,9155.82,9159.32,9153.81,9158.8,58
2026-08-25T07:20:00+00:00,9158.8,9161.31,9152.81,9153.31,44
2026-08-25T07:25:00+00:00,9153.31,9153.82,9151.31,9152.81,43
2026-08-25T07:30:00+00:00,9152.81,9154.8,9151.8,9153.8,47
2026-08-25T07:35:00+00:00,9153.8,9155.32,9151.3,9153.82,37
2026-08-25T07:40:00+00:00,9153.82,9155.32,9151.32,9154.82,67
2026-08-25T07:45:00+00:00,9154.82,9154.82,9151.81,9151.81,40
2026-08-25T07:50:00+00:00,9151.81,9151.82,9146.8,9147.32,68
2026-08-25T07:55:00+00:00,9147.32,9151.3,9146.8,9149.31,64
2026-08-25T08:00:00+00:00,9149.31,9150.32,9143.8,9144.82,133
2026-08-25T08:05:00+00:00,9144.82,9146.8,9142.8,9143.3,70
2026-08-25T08:10:00+00:00,9143.3,9145.8,9141.8,9144.3,42
2026-08-25T08:15:00+00:00,9144.3,9150.31,9143.82,9148.31,107
2026-08-25T08:20:00+00:00,9148.31,9168.82,9147.3,9167.32,446
2026-08-25T08:25:00+00:00,9167.32,9167.32,9157.31,9157.32,351
2026-08-25T08:30:00+00:00,9157.32,9161.82,9153.32,9160.3,155
2026-08-25T08:35:00+00:00,9160.3,9161.32,9153.82,9155.31,145
2026-08-25T08:40:00+00:00,9155.31,9160.3,9155.3,9160.3,98
2026-08-25T08:45:00+00:00,9160.3,9160.82,9158.8,9159.8,82
2026-08-25T08:50:00+00:00,9159.8,9161.81,9158.32,9159.31,84
2026-08-25T08:55:00+00:00,9159.31,9164.31,9158.31,9163.8,90
2026-08-25T09:00:00+00:00,9163.8,9164.31,9160.8,9163.3,73
2026-08-25T09:05:00+00:00,9163.3,9168.32,9162.3,9167.31,69
2026-08-25T09:10:00+00:00,9167.31,9171.31,9166.31,9169.31,79
2026-08-25T09:15:00+00:00,9169.31,9171.82,9169.31,9170.32,75
2026-08-25T09:20:00+00:00,9170.32,9172.3,9170.3,9170.82,51
2026-08-25T09:25:00+00:00,9170.82,9170.82,9166.8,9170.32,61
2026-08-25T09:30:00+00:00,9170.32,9180.8,9167.3,9180.31,220
2026-08-25T09:35:00+00:00,9180.31,9180.31,9174.81,9175.8,250
2026-08-25T09:40:00+00:00,9175.8,9182.32,9175.32,9180.3,121
2026-08-25T09:45:00+00:00,9180.3,9182.32,9178.31,9182.3,79
2026-08-25T09:50:00+00:00,9182.3,9185.32,9181.3,9182.31,88
2026-08-25T09:55:00+00:00,9182.31,9186.31,9179.3,9180.3,90
2026-08-25T10:00:00+00:00,9180.3,9180.32,9174.8,9174.8,69
2026-08-25T10:05:00+00:00,9174.8,9178.32,9172.3,9178.32,89
2026-08-25T10:10:00+00:00,9178.32,9178.82,9175.31,9176.31,66
2026-08-25T10:15:00+00:00,9176.31,9177.32,9174.82,9175.32,52
2026-08-25T10:20:00+00:00,9175.32,9176.82,9173.8,9173.8,26
2026-08-25T10:25:00+00:00,9173.8,9174.3,9171.31,9171.31,24
2026-08-25T10:30:00+00:00,9171.31,9173.31,9171.3,9172.3,32
2026-08-25T10:35:00+00:00,9172.3,9174.32,9171.32,9174.31,24
2026-08-25T10:40:00+00:00,9173.81,9175.31,9170.81,9170.81,61
2026-08-25T10:45:00+00:00,9170.81,9172.81,9169.8,9169.81,41
2026-08-25T10:50:00+00:00,9169.81,9170.8,9167.81,9169.81,21
2026-08-25T10:55:00+00:00,9169.81,9170.82,9167.81,9168.8,43
2026-08-25T11:00:00+00:00,9168.8,9168.81,9165.8,9167.82,56
2026-08-25T11:05:00+00:00,9167.82,9167.82,9161.32,9165.82,60
2026-08-25T11:10:00+00:00,9165.82,9169.8,9165.8,9168.8,69
2026-08-25T11:15:00+00:00,9168.8,9169.32,9166.31,9166.81,36
2026-08-25T11:20:00+00:00,9166.81,9168.81,9164.8,9166.32,33
2026-08-25T11:25:00+00:00,9166.32,9166.8,9164.3,9165.81,39
2026-08-25T11:30:00+00:00,9165.81,9167.82,9165.8,9167.3,54
2026-08-25T11:35:00+00:00,9167.3,9169.81,9166.82,9169.81,60
2026-08-25T11:40:00+00:00,9169.81,9170.81,9166.8,9167.32,73
2026-08-25T11:45:00+00:00,9167.32,9170.82,9167.32,9169.33,42
2026-08-25T11:50:00+00:00,9169.33,9171.32,9166.31,9167.31,62
2026-08-25T11:55:00+00:00,9167.31,9169.32,9167.31,9169.32,18
2026-08-25T12:00:00+00:00,9169.32,9169.81,9165.31,9166.83,33
2026-08-25T12:05:00+00:00,9166.83,9167.33,9165.32,9165.32,29
2026-08-25T12:10:00+00:00,9165.32,9165.32,9159.83,9163.33,50
2026-08-25T12:15:00+00:00,9163.33,9165.33,9163.31,9164.81,35
2026-08-25T12:20:00+00:00,9164.81,9165.33,9161.81,9162.33,35
2026-08-25T12:25:00+00:00,9162.33,9163.81,9161.33,9163.81,14
2026-08-25T12:30:00+00:00,9164.3,9164.81,9158.8,9159.8,62
2026-08-25T12:35:00+00:00,9159.8,9160.8,9159.3,9160.8,24
2026-08-25T12:40:00+00:00,9160.8,9162.81,9160.8,9162.32,24
2026-08-25T12:45:00+00:00,9162.32,9164.81,9161.82,9164.81,29
2026-08-25T12:50:00+00:00,9164.81,9167.31,9164.8,9165.31,30
2026-08-25T12:55:00+00:00,9165.31,9165.31,9161.82,9162.8,28
2026-08-25T13:00:00+00:00,9162.8,9163.82,9161.3,9163.8,32
2026-08-25T13:05:00+00:00,9163.8,9165.8,9162.32,9162.82,40
2026-08-25T13:10:00+00:00,9162.82,9165.8,9162.31,9162.82,78
2026-08-25T13:15:00+00:00,9162.82,9162.82,9158.8,9161.82,73
2026-08-25T13:20:00+00:00,9161.82,9165.81,9160.81,9164.82,59
2026-08-25T13:25:00+00:00,9164.82,9168.32,9164.82,9166.31,55
2026-08-25T13:30:00+00:00,9166.31,9166.81,9160.81,9164.8,167
2026-08-25T13:35:00+00:00,9164.8,9167.82,9161.82,9162.81,151
2026-08-25T13:40:00+00:00,9162.81,9162.81,9158.31,9161.81,57
2026-08-25T13:45:00+00:00,9161.81,9164.82,9160.8,9160.81,73
2026-08-25T13:50:00+00:00,9160.81,9169.8,9158.81,9165.82,74
2026-08-25T13:55:00+00:00,9165.82,9170.32,9165.82,9167.3,43
2026-08-25T14:00:00+00:00,9167.3,9173.32,9167.3,9172.81,101
2026-08-25T14:05:00+00:00,9172.81,9176.81,9170.8,9175.8,92
2026-08-25T14:10:00+00:00,9175.8,9177.82,9174.31,9176.8,55
2026-08-25T14:15:00+00:00,9176.8,9180.81,9175.8,9178.32,65
2026-08-25T14:20:00+00:00,9178.32,9180.82,9178.32,9180.8,62
2026-08-25T14:25:00+00:00,9180.8,9180.81,9176.81,9177.32,48
2026-08-25T14:30:00+00:00,9177.32,9182.81,9166.8,9180.82,202
2026-08-25T14:35:00+00:00,9180.82,9186.82,9180.82,9186.82,106
2026-08-25T14:40:00+00:00,9186.82,9188.3,9183.3,9184.82,72
2026-08-25T14:45:00+00:00,9184.82,9187.81,9183.8,9183.82,82
2026-08-25T14:50:00+00:00,9183.82,9186.32,9181.3,9184.8,38
2026-08-25T14:55:00+00:00,9184.8,9186.8,9183.81,9184.31,74
2026-08-25T15:00:00+00:00,9184.31,9187.32,9183.8,9185.81,79
2026-08-25T15:05:00+00:00,9185.81,9187.31,9183.81,9187.3,74
2026-08-25T15:10:00+00:00,9187.3,9188.81,9185.81,9188.8,29
2026-08-25T15:15:00+00:00,9188.8,9189.82,9186.8,9188.81,49
2026-08-25T15:20:00+00:00,9188.81,9190.32,9184.81,9185.31,50
2026-08-25T15:25:00+00:00,9185.31,9186.81,9181.81,9184.81,93
2026-08-25T15:30:00+00:00,9184.81,9192.81,9184.81,9188.81,167
2026-08-25T15:35:00+00:00,9188.81,9193.32,9187.8,9191.32,134
2026-08-25T15:40:00+00:00,9191.32,9192.82,9186.81,9186.81,60
2026-08-25T15:45:00+00:00,9186.81,9188.82,9184.82,9186.82,82
2026-08-25T15:50:00+00:00,9186.82,9187.3,9182.81,9184.81,71
2026-08-25T15:55:00+00:00,9184.81,9187.8,9184.3,9187.8,39
2026-08-25T16:00:00+00:00,9187.8,9187.82,9185.3,9186.8,41
2026-08-25T16:05:00+00:00,9186.8,9187.32,9183.81,9183.81,43
2026-08-25T16:10:00+00:00,9183.81,9184.32,9182.3,9183.8,41
2026-08-25T16:15:00+00:00,9183.8,9184.82,9182.82,9183.81,33
2026-08-25T16:20:00+00:00,9183.81,9184.32,9182.8,9184.32,77
2026-08-25T16:25:00+00:00,9184.32,9185.82,9184.31,9185.31,43
2026-08-25T16:30:00+00:00,9185.31,9185.82,9183.8,9185.32,36
2026-08-25T16:35:00+00:00,9185.32,9187.81,9182.82,9187.81,49
2026-08-25T16:40:00+00:00,9187.81,9187.82,9186.32,9186.32,14
2026-08-25T16:45:00+00:00,9186.32,9186.82,9185.32,9186.81,14
2026-08-25T16:50:00+00:00,9186.81,9188.32,9185.8,9187.31,19
2026-08-25T16:55:00+00:00,9187.31,9191.3,9186.8,9189.8,45
2026-08-25T17:00:00+00:00,9189.8,9189.8,9186.3,9187.3,55
2026-08-25T17:05:00+00:00,9187.3,9188.82,9183.82,9187.31,49
2026-08-25T17:10:00+00:00,9187.31,9187.81,9185.8,9187.32,41
2026-08-25T17:15:00+00:00,9187.32,9188.8,9186.82,9187.8,23
2026-08-25T17:20:00+00:00,9187.8,9187.81,9185.3,9185.3,23
2026-08-25T17:25:00+00:00,9185.3,9185.3,9183.8,9184.8,24
2026-08-25T17:30:00+00:00,9184.8,9187.8,9184.8,9187.8,32
2026-08-25T17:35:00+00:00,9187.8,9187.8,9185.8,9186.82,20
2026-08-25T17:40:00+00:00,9186.82,9187.82,9185.82,9186.8,28
2026-08-25T17:45:00+00:00,9186.8,9187.82,9186.8,9187.8,20
2026-08-25T17:50:00+00:00,9187.8,9188.82,9187.8,9188.8,7
2026-08-25T17:55:00+00:00,9188.8,9189.31,9187.8,9188.82,16
2026-08-25T18:00:00+00:00,9188.82,9188.82,9187.8,9188.8,58
2026-08-25T18:05:00+00:00,9188.8,9190.82,9188.8,9190.8,30
2026-08-25T18:10:00+00:00,9190.8,9191.31,9189.8,9189.81,19
2026-08-25T18:15:00+00:00,9189.81,9189.82,9188.8,9188.81,9
2026-08-25T18:20:00+00:00,9188.81,9189.82,9187.3,9187.81,20
2026-08-25T18:25:00+00:00,9187.81,9187.82,9186.8,9187.82,33
2026-08-25T18:30:00+00:00,9187.82,9189.82,9187.8,9188.82,17
2026-08-25T18:35:00+00:00,9188.82,9188.82,9186.81,9186.82,81
2026-08-25T18:40:00+00:00,9186.82,9189.32,9186.8,9188.81,16
2026-08-25T18:45:00+00:00,9188.81,9192.3,9188.81,9192.3,16
2026-08-25T18:50:00+00:00,9192.3,9192.32,9190.3,9191.82,27
2026-08-25T18:55:00+00:00,9191.82,9191.82,9190.3,9190.81,18
2026-08-25T19:00:00+00:00,9190.81,9191.82,9189.8,9190.31,15
2026-08-25T19:05:00+00:00,9190.31,9191.3,9188.81,9190.8,36
2026-08-25T19:10:00+00:00,9190.8,9190.82,9190.3,9190.3,9
2026-08-25T19:15:00+00:00,9190.3,9191.81,9189.81,9191.81,30
2026-08-25T19:20:00+00:00,9191.81,9191.82,9190.8,9191.81,58
2026-08-25T19:25:00+00:00,9191.81,9192.82,9191.32,9191.8,47
2026-08-25T19:30:00+00:00,9191.8,9191.82,9190.3,9190.82,35
2026-08-25T19:35:00+00:00,9190.82,9191.81,9189.8,9190.81,17
2026-08-25T19:40:00+00:00,9190.81,9192.82,9190.8,9191.3,17
2026-08-25T19:45:00+00:00,9191.3,9191.81,9187.3,9191.8,65
2026-08-25T19:50:00+00:00,9191.8,9195.81,9191.31,9194.81,56
2026-08-25T19:55:00+00:00,9194.81,9195.82,9191.81,9195.82,124
2026-08-25T20:00:00+00:00,9195.82,9196.82,9192.3,9192.32,37
2026-08-25T20:05:00+00:00,9192.32,9193.31,9191.8,9193.31,30
2026-08-25T20:10:00+00:00,9193.31,9193.31,9188.82,9189.3,24
2026-08-25T20:15:00+00:00,9189.3,9191.32,9189.3,9191.32,25
2026-08-25T20:20:00+00:00,9191.32,9191.82,9191.3,9191.32,5
2026-08-25T20:25:00+00:00,9191.32,9191.32,9190.8,9191.3,25
2026-08-25T20:30:00+00:00,9191.3,9193.31,9191.3,9193.31,6
2026-08-25T20:35:00+00:00,9193.31,9193.32,9192.81,9192.82,6
2026-08-25T20:40:00+00:00,9192.82,9192.82,9191.3,9191.3,6
2026-08-25T20:45:00+00:00,9191.3,9191.32,9189.3,9189.81,11
2026-08-25T20:50:00+00:00,9189.81,9189.82,9188.8,9189.31,16
2026-08-25T20:55:00+00:00,9189.31,9192.11,9187.8,9192.11,22
2026-08-25T23:50:00+00:00,9192.11,9192.11,9165.03,9166.54,53
2026-08-25T23:55:00+00:00,9166.54,9182.04,9166.03,9181.54,100
2026-08-26T00:00:00+00:00,9181.54,9193.45,9177.93,9178.45,498
2026-08-26T00:05:00+00:00,9178.45,9191.44,9174.95,9188.93,221
2026-08-26T00:10:00+00:00,9188.93,9190.45,9184.93,9184.93,212
2026-08-26T00:15:00+00:00,9184.93,9188.44,9177.43,9177.43,231
2026-08-26T00:20:00+00:00,9177.43,9179.95,9172.43,9176.43,160
2026-08-26T00:25:00+00:00,9176.43,9179.94,9175.43,9179.44,124
2026-08-26T00:30:00+00:00,9179.44,9184.95,9179.44,9183.93,109
2026-08-26T00:35:00+00:00,9183.93,9184.95,9176.94,9180.43,104
2026-08-26T00:40:00+00:00,9180.43,9188.94,9177.45,9188.94,108
2026-08-26T00:45:00+00:00,9188.94,9193.95,9187.93,9192.93,91
2026-08-26T00:50:00+00:00,9192.93,9198.44,9189.95,9198.44,96
2026-08-26T00:55:00+00:00,9198.44,9208.43,9197.45,9204.95,91
2026-08-26T01:00:00+00:00,9204.95,9215.44,9203.45,9214.94,161
2026-08-26T01:05:00+00:00,9214.94,9216.45,9208.93,9209.93,85
2026-08-26T01:10:00+00:00,9209.93,9214.45,9208.95,9214.45,67
2026-08-26T01:15:00+00:00,9214.45,9219.44,9209.44,9210.45,95
2026-08-26T01:20:00+00:00,9210.45,9210.45,9201.93,9201.93,83
2026-08-26T01:25:00+00:00,9201.93,9206.44,9198.43,9203.93,107
2026-08-26T01:30:00+00:00,9203.93,9203.93,9179.44,9183.95,376
2026-08-26T01:35:00+00:00,9183.95,9185.93,9179.93,9185.93,121
2026-08-26T01:40:00+00:00,9185.93,9190.45,9184.43,9189.95,67
2026-08-26T01:45:00+00:00,9189.95,9189.95,9167.94,9176.43,159
2026-08-26T01:50:00+00:00,9176.43,9176.43,9169.45,9170.93,134
2026-08-26T01:55:00+00:00,9170.93,9178.43,9169.93,9177.45,95
2026-08-26T02:00:00+00:00,9177.45,9181.45,9172.44,9176.95,77
2026-08-26T02:05:00+00:00,9176.95,9176.95,9169.44,9169.44,69
2026-08-26T02:10:00+00:00,9169.44,9171.94,9165.44,9166.95,86
2026-08-26T02:15:00+00:00,9166.95,9169.44,9164.44,9164.45,78
2026-08-26T02:20:00+00:00,9164.45,9164.45,9158.44,9158.44,67
2026-08-26T02:25:00+00:00,9158.44,9161.45,9158.43,9159.45,103
2026-08-26T02:30:00+00:00,9159.45,9160.43,9150.43,9157.45,92
2026-08-26T02:35:00+00:00,9157.45,9157.45,9150.43,9155.95,102
2026-08-26T02:40:00+00:00,9155.95,9162.93,9150.45,9153.44,79
2026-08-26T02:45:00+00:00,9153.44,9158.95,9151.44,9153.43,71
2026-08-26T02:50:00+00:00,9153.43,9155.44,9148.93,9149.44,43
2026-08-26T02:55:00+00:00,9149.44,9150.95,9147.95,9147.95,59
2026-08-26T03:00:00+00:00,9147.95,9147.95,9141.45,9145.43,61
2026-08-26T03:05:00+00:00,9145.43,9145.94,9138.45,9138.45,72
2026-08-26T03:10:00+00:00,9138.45,9140.43,9138.43,9139.43,58
2026-08-26T03:15:00+00:00,9139.43,9147.43,9137.95,9146.45,89
2026-08-26T03:20:00+00:00,9146.45,9146.94,9141.43,9141.45,68
2026-08-26T03:25:00+00:00,9141.45,9142.93,9140.43,9141.94,56
2026-08-26T03:30:00+00:00,9141.94,9144.44,9139.43,9143.95,86
2026-08-26T03:35:00+00:00,9143.95,9145.95,9141.43,9143.43,125
2026-08-26T03:40:00+00:00,9143.43,9146.95,9140.44,9144.43,69
2026-08-26T03:45:00+00:00,9144.43,9145.45,9143.43,9144.93,57
2026-08-26T03:50:00+00:00,9144.93,9145.44,9141.93,9143.43,37
2026-08-26T03:55:00+00:00,9143.43,9143.93,9141.44,9142.94,42
2026-08-26T04:00:00+00:00,9142.94,9147.44,9141.44,9146.95,54
2026-08-26T04:05:00+00:00,9146.95,9146.95,9142.43,9142.43,35
2026-08-26T04:10:00+00:00,9142.43,9145.95,9140.43,9140.43,76
2026-08-26T04:15:00+00:00,9140.43,9143.44,9138.95,9142.43,69
2026-08-26T04:20:00+00:00,9142.43,9142.94,9140.43,9141.95,51
2026-08-26T04:25:00+00:00,9141.95,9144.94,9140.43,9141.93,29
2026-08-26T04:30:00+00:00,9141.93,9143.44,9139.44,9140.93,69
2026-08-26T04:35:00+00:00,9140.93,9143.94,9140.93,9142.45,21
2026-08-26T04:40:00+00:00,9142.45,9147.95,9142.45,9143.44,81
2026-08-26T04:45:00+00:00,9143.44,9147.95,9140.43,9141.93,135
2026-08-26T04:50:00+00:00,9141.93,9143.45,9138.43,9138.43,60
2026-08-26T04:55:00+00:00,9138.43,9139.44,9133.43,9135.44,71
2026-08-26T05:00:00+00:00,9135.44,9139.45,9132.44,9138.44,70
2026-08-26T05:05:00+00:00,9138.44,9138.45,9134.93,9138.45,65
2026-08-26T05:10:00+00:00,9138.45,9141.95,9136.44,9137.45,75
2026-08-26T05:15:00+00:00,9137.45,9137.93,9133.44,9133.44,56
2026-08-26T05:20:00+00:00,9133.44,9133.45,9131.43,9131.43,56
2026-08-26T05:25:00+00:00,9131.43,9134.45,9129.44,9133.43,64
2026-08-26T05:30:00+00:00,9133.43,9136.94,9133.43,9133.43,75
2026-08-26T05:35:00+00:00,9133.43,9133.44,9129.93,9131.44,62
2026-08-26T05:40:00+00:00,9131.44,9131.44,9128.43,9129.44,57
2026-08-26T05:45:00+00:00,9129.44,9129.45,9123.44,9125.45,133
2026-08-26T05:50:00+00:00,9125.45,9128.44,9123.43,9126.45,99
2026-08-26T05:55:00+00:00,9126.45,9130.45,9125.43,9126.45,102
2026-08-26T06:00:00+00:00,9126.45,9126.45,9118.03,9119.05,135
2026-08-26T06:05:00+00:00,9119.05,9123.04,9118.05,9121.05,86
2026-08-26T06:10:00+00:00,9121.05,9122.04,9116.04,9116.04,101
2026-08-26T06:15:00+00:00,9116.04,9118.03,9111.03,9112.03,109
2026-08-26T06:20:00+00:00,9112.03,9112.05,9108.54,9110.03,131
2026-08-26T06:25:00+00:00,9110.03,9116.84,9107.05,9116.84,159
2026-08-26T07:10:00+00:00,9116.84,9126.55,9114.54,9126.05,133
2026-08-26T07:15:00+00:00,9126.05,9126.53,9120.53,9121.05,44
2026-08-26T07:20:00+00:00,9121.05,9122.04,9116.53,9118.04,68
2026-08-26T07:25:00+00:00,9118.04,9120.04,9115.03,9115.54,87
2026-08-26T07:30:00+00:00,9115.54,9118.55,9114.04,9118.04,82
2026-08-26T07:35:00+00:00,9118.04,9120.05,9116.53,9118.04,54
2026-08-26T07:40:00+00:00,9118.04,9120.05,9118.03,9119.04,32
2026-08-26T07:45:00+00:00,9119.04,9124.55,9118.53,9122.53,52
2026-08-26T07:50:00+00:00,9122.53,9123.53,9120.54,9121.05,52
2026-08-26T07:55:00+00:00,9121.05,9123.05,9120.53,9122.53,50
2026-08-26T08:00:00+00:00,9122.53,9124.55,9119.55,9124.03,65
2026-08-26T08:05:00+00:00,9124.03,9125.04,9120.05,9123.03,79
2026-08-26T08:10:00+00:00,9123.03,9124.04,9118.54,9118.54,39
2026-08-26T08:15:00+00:00,9118.54,9122.05,9117.03,9120.05,78
2026-08-26T08:20:00+00:00,9120.05,9120.05,9115.04,9116.54,31
2026-08-26T08:25:00+00:00,9116.54,9120.54,9116.54,9120.54,60
2026-08-26T08:30:00+00:00,9120.54,9123.03,9116.03,9120.04,75
2026-08-26T08:35:00+00:00,9120.04,9121.05,9119.03,9121.05,36
2026-08-26T08:40:00+00:00,9121.05,9122.04,9119.55,9120.53,40
2026-08-26T08:45:00+00:00,9120.53,9121.03,9118.53,9120.03,25
2026-08-26T08:50:00+00:00,9120.03,9121.04,9116.03,9116.53,43
2026-08-26T08:55:00+00:00,9116.53,9117.05,9114.53,9116.53,57
2026-08-26T09:00:00+00:00,9116.53,9121.04,9116.53,9117.54,46
2026-08-26T09:05:00+00:00,9117.54,9119.03,9116.53,9117.05,18
2026-08-26T09:10:00+00:00,9117.05,9118.54,9117.03,9117.03,17
2026-08-26T09:15:00+00:00,9117.03,9118.05,9115.03,9115.54,32
2026-08-26T09:20:00+00:00,9115.54,9117.05,9115.53,9116.05,44
2026-08-26T09:25:00+00:00,9116.05,9116.05,9114.53,9116.04,66
2026-08-26T09:30:00+00:00,9116.04,9119.04,9114.05,9117.03,32
2026-08-26T09:35:00+00:00,9117.03,9117.55,9115.05,9116.05,21
2026-08-26T09:40:00+00:00,9116.05,9119.05,9114.53,9119.04,28
2026-08-26T09:45:00+00:00,9119.04,9119.04,9116.05,9117.05,50
2026-08-26T09:50:00+00:00,9117.05,9118.05,9116.03,9116.03,34
2026-08-26T09:55:00+00:00,9116.03,9117.05,9115.03,9116.03,37
2026-08-26T10:00:00+00:00,9116.03,9116.05,9114.53,9115.04,41
2026-08-26T10:05:00+00:00,9115.04,9117.04,9112.04,9114.04,61
2026-08-26T10:10:00+00:00,9114.04,9114.04,9111.03,9113.54,75
2026-08-26T10:15:00+00:00,9113.54,9116.03,9113.53,9114.53,18
2026-08-26T10:20:00+00:00,9114.53,9115.55,9113.03,9115.03,30
2026-08-26T10:25:00+00:00,9115.03,9115.03,9112.03,9113.04,26
2026-08-26T10:30:00+00:00,9113.04,9113.04,9109.04,9111.03,67
2026-08-26T10:35:00+00:00,9111.03,9113.05,9110.53,9113.03,25
2026-08-26T10:40:00+00:00,9113.03,9113.05,9109.03,9109.53,55
2026-08-26T10:45:00+00:00,9109.53,9112.55,9109.53,9112.03,54
2026-08-26T10:50:00+00:00,9112.03,9112.03,9108.53,9110.04,48
2026-08-26T10:55:00+00:00,9110.04,9110.04,9107.53,9108.05,26
2026-08-26T11:00:00+00:00,9108.05,9111.05,9108.03,9108.53,76
2026-08-26T11:05:00+00:00,9108.53,9108.55,9107.03,9107.05,44
2026-08-26T11:10:00+00:00,9107.05,9111.05,9107.05,9111.05,17
2026-08-26T11:15:00+00:00,9111.05,9114.05,9111.05,9112.55,50
2026-08-26T11:20:00+00:00,9112.55,9112.55,9109.55,9109.55,19
2026-08-26T11:25:00+00:00,9109.55,9110.55,9109.03,9110.04,23
2026-08-26T11:30:00+00:00,9110.04,9112.53,9109.53,9111.03,28
2026-08-26T11:35:00+00:00,9111.03,9111.03,9106.54,9107.04,34
2026-08-26T11:40:00+00:00,9107.04,9111.05,9107.03,9111.05,38
2026-08-26T11:45:00+00:00,9111.05,9111.05,9106.54,9107.04,30
2026-08-26T11:50:00+00:00,9107.04,9110.05,9107.04,9110.04,24
2026-08-26T11:55:00+00:00,9110.04,9114.54,9110.04,9114.53,30
2026-08-26T12:00:00+00:00,9114.53,9119.53,9114.53,9118.54,53
2026-08-26T12:05:00+00:00,9118.54,9120.05,9118.54,9120.05,19
2026-08-26T12:10:00+00:00,9120.05,9121.55,9118.04,9120.54,31
2026-08-26T12:15:00+00:00,9120.54,9125.05,9119.04,9124.04,39
2026-08-26T12:20:00+00:00,9124.04,9125.55,9122.04,9125.54,47
2026-08-26T12:25:00+00:00,9125.54,9129.55,9125.54,9129.55,46
2026-08-26T12:30:00+00:00,9129.55,9130.05,9116.04,9120.04,403
2026-08-26T12:35:00+00:00,9120.04,9121.05,9116.05,9118.03,95
2026-08-26T12:40:00+00:00,9118.03,9120.05,9116.04,9117.53,89
2026-08-26T12:45:00+00:00,9117.53,9123.05,9117.05,9122.54,96
2026-08-26T12:50:00+00:00,9122.54,9123.05,9113.54,9117.55,115
2026-08-26T12:55:00+00:00,9117.55,9119.05,9114.03,9115.03,158
2026-08-26T13:00:00+00:00,9115.03,9116.05,9112.55,9113.03,91
2026-08-26T13:05:00+00:00,9113.03,9115.04,9110.53,9110.55,72
2026-08-26T13:10:00+00:00,9110.55,9114.04,9110.53,9113.03,70
2026-08-26T13:15:00+00:00,9113.03,9114.05,9109.04,9113.55,79
2026-08-26T13:20:00+00:00,9113.55,9114.55,9112.03,9112.04,48
2026-08-26T13:25:00+00:00,9112.04,9115.04,9110.04,9114.54,71
2026-08-26T13:30:00+00:00,9114.54,9118.05,9109.04,9113.05,173
2026-08-26T13:35:00+00:00,9113.05,9120.05,9110.04,9119.03,182
2026-08-26T13:40:00+00:00,9119.03,9122.05,9116.04,9122.04,116
2026-08-26T13:45:00+00:00,9122.04,9130.05,9122.04,9130.03,85
2026-08-26T13:50:00+00:00,9130.03,9135.05,9128.04,9135.05,56
2026-08-26T13:55:00+00:00,9135.05,9136.04,9130.05,9133.55,60
2026-08-26T14:00:00+00:00,9133.55,9135.53,9129.05,9132.04,82
2026-08-26T14:05:00+00:00,9132.04,9132.04,9126.53,9127.05,67
2026-08-26T14:10:00+00:00,9127.05,9130.05,9126.54,9127.04,63
2026-08-26T14:15:00+00:00,9127.04,9129.04,9124.55,9124.55,46
2026-08-26T14:20:00+00:00,9124.55,9124.55,9121.05,9121.53,48
2026-08-26T14:25:00+00:00,9121.53,9125.04,9120.04,9121.04,36
2026-08-26T14:30:00+00:00,9121.04,9121.55,9117.04,9118.53,78
2026-08-26T14:35:00+00:00,9118.53,9119.05,9117.03,9118.05,48
2026-08-26T14:40:00+00:00,9118.05,9118.05,9115.05,9117.05,30
2026-08-26T14:45:00+00:00,9117.05,9118.03,9108.53,9110.55,61
2026-08-26T14:50:00+00:00,9110.55,9112.55,9110.03,9112.03,68
2026-08-26T14:55:00+00:00,9112.03,9114.05,9109.53,9110.05,65
2026-08-26T15:00:00+00:00,9110.05,9112.05,9109.04,9112.03,55
2026-08-26T15:05:00+00:00,9112.03,9114.04,9110.53,9110.54,37
2026-08-26T15:10:00+00:00,9110.54,9111.04,9104.03,9104.53,55
2026-08-26T15:15:00+00:00,9104.53,9107.55,9102.03,9107.04,69
2026-08-26T15:20:00+00:00,9107.04,9108.05,9106.03,9106.53,46
2026-08-26T15:25:00+00:00,9106.53,9108.05,9105.53,9105.53,44
2026-08-26T15:30:00+00:00,9105.53,9106.04,9100.05,9102.55,103
2026-08-26T15:35:00+00:00,9102.55,9106.53,9102.03,9106.53,67
2026-08-26T15:40:00+00:00,9106.53,9108.54,9106.05,9108.54,24
2026-08-26T15:45:00+00:00,9108.54,9109.05,9107.04,9107.55,18
2026-08-26T15:50:00+00:00,9107.55,9109.05,9101.55,9102.03,130
2026-08-26T15:55:00+00:00,9102.03,9105.05,9101.04,9102.03,34
2026-08-26T16:00:00+00:00,9102.03,9102.04,9097.03,9098.03,49
2026-08-26T16:05:00+00:00,9098.03,9100.05,9097.53,9098.05,48
2026-08-26T16:10:00+00:00,9098.05,9098.05,9095.54,9096.03,11
2026-08-26T16:15:00+00:00,9096.03,9097.05,9096.03,9096.54,29
2026-08-26T16:20:00+00:00,9096.54,9098.04,9095.03,9095.03,37
2026-08-26T16:25:00+00:00,9095.03,9096.05,9095.03,9096.05,14
2026-08-26T16:30:00+00:00,9096.05,9097.05,9096.03,9096.03,22
2026-08-26T16:35:00+00:00,9096.03,9098.05,9095.04,9095.04,59
2026-08-26T16:40:00+00:00,9095.04,9098.05,9094.53,9096.03,35
2026-08-26T16:45:00+00:00,9096.03,9099.04,9096.03,9099.04,24
2026-08-26T16:50:00+00:00,9099.04,9101.04,9099.03,9099.55,20
2026-08-26T16:55:00+00:00,9099.55,9103.55,9099.04,9103.54,27
2026-08-26T17:00:00+00:00,9103.54,9108.05,9103.04,9107.05,61
2026-08-26T17:05:00+00:00,9107.05,9107.05,9100.04,9105.53,69
2026-08-26T17:10:00+00:00,9105.53,9107.03,9105.04,9106.05,45
2026-08-26T17:15:00+00:00,9106.05,9107.54,9104.53,9105.04,15
2026-08-26T17:20:00+00:00,9105.04,9107.05,9105.04,9107.03,16
2026-08-26T17:25:00+00:00,9107.03,9107.05,9105.55,9106.55,22
2026-08-26T17:30:00+00:00,9106.55,9106.55,9103.54,9105.05,25
2026-08-26T17:35:00+00:00,9105.05,9106.04,9105.03,9105.05,20
2026-08-26T17:40:00+00:00,9105.05,9106.05,9104.53,9104.53,20
2026-08-26T17:45:00+00:00,9104.53,9104.55,9104.03,9104.05,11
2026-08-26T17:50:00+00:00,9104.05,9106.03,9104.04,9106.03,11
2026-08-26T17:55:00+00:00,9106.03,9106.55,9106.03,9106.04,11
2026-08-26T18:00:00+00:00,9106.04,9107.05,9104.55,9107.05,33
2026-08-26T18:05:00+00:00,9107.05,9107.05,9105.03,9106.04,14
2026-08-26T18:10:00+00:00,9106.04,9106.04,9104.04,9105.04,12
2026-08-26T18:15:00+00:00,9105.04,9108.04,9105.03,9108.04,9
2026-08-26T18:20:00+00:00,9108.04,9108.05,9107.03,9108.03,56
2026-08-26T18:25:00+00:00,9108.03,9108.03,9106.03,9106.55,20
2026-08-26T18:30:00+00:00,9106.55,9107.04,9104.03,9106.03,11
2026-08-26T18:35:00+00:00,9106.03,9108.04,9106.03,9107.03,18
2026-08-26T18:40:00+00:00,9107.03,9108.05,9107.03,9108.04,5
2026-08-26T18:45:00+00:00,9108.04,9112.03,9108.03,9109.03,34
2026-08-26T18:50:00+00:00,9109.03,9111.05,9109.03,9110.54,12
2026-08-26T18:55:00+00:00,9110.54,9111.05,9109.05,9110.05,16
2026-08-26T19:00:00+00:00,9110.05,9115.05,9110.05,9115.04,45
2026-08-26T19:05:00+00:00,9115.04,9115.05,9112.03,9112.03,21
2026-08-26T19:10:00+00:00,9112.03,9114.55,9112.03,9114.54,15
2026-08-26T19:15:00+00:00,9114.54,9115.04,9113.03,9114.05,22
2026-08-26T19:20:00+00:00,9114.05,9114.05,9112.03,9113.03,14
2026-08-26T19:25:00+00:00,9113.03,9114.05,9112.03,9112.04,10
2026-08-26T19:30:00+00:00,9112.04,9113.04,9106.05,9106.05,36
2026-08-26T19:35:00+00:00,9106.05,9106.05,9103.03,9103.03,57
2026-08-26T19:40:00+00:00,9103.03,9106.53,9102.03,9102.53,40
2026-08-26T19:45:00+00:00,9102.53,9105.55,9102.03,9105.03,68
2026-08-26T19:50:00+00:00,9105.03,9105.03,9096.03,9098.05,117
2026-08-26T19:55:00+00:00,9098.05,9098.53,9095.04,9096.54,115
2026-08-26T20:00:00+00:00,9096.54,9105.54,9096.54,9105.54,52
2026-08-26T20:05:00+00:00,9105.54,9109.04,9105.54,9107.03,49
2026-08-26T20:10:00+00:00,9107.03,9107.05,9105.03,9105.55,85
2026-08-26T20:15:00+00:00,9105.55,9106.04,9104.03,9105.03,125
2026-08-26T20:20:00+00:00,9105.03,9105.03,9100.05,9102.53,331
2026-08-26T20:25:00+00:00,9102.53,9103.55,9102.03,9103.05,54
2026-08-26T20:30:00+00:00,9103.05,9105.54,9102.03,9105.54,11
2026-08-26T20:35:00+00:00,9105.54,9106.05,9104.03,9106.05,11
2026-08-26T20:40:00+00:00,9106.05,9106.05,9105.04,9106.04,9
2026-08-26T20:45:00+00:00,9106.04,9106.54,9105.05,9106.54,30
2026-08-26T20:50:00+00:00,9106.54,9107.05,9106.54,9107.05,15
2026-08-26T20:55:00+00:00,9107.05,9113.34,9107.05,9113.34,40
2026-08-26T23:50:00+00:00,9113.34,9114.59,9102.57,9107.07,220
2026-08-26T23:55:00+00:00,9107.07,9111.59,9106.57,9108.57,115
2026-08-27T00:00:00+00:00,9108.57,9115.99,9096.99,9097.47,350
2026-08-27T00:05:00+00:00,9097.47,9097.49,9083.97,9089.98,274
2026-08-27T00:10:00+00:00,9089.98,9095.99,9087.97,9092.98,329
2026-08-27T00:15:00+00:00,9092.98,9092.98,9082.98,9086.97,174
2026-08-27T00:20:00+00:00,9086.97,9093.99,9083.47,9085.99,172
2026-08-27T00:25:00+00:00,9085.99,9096.49,9085.99,9093.97,125
2026-08-27T00:30:00+00:00,9093.97,9094.47,9081.99,9084.98,208
2026-08-27T00:35:00+00:00,9084.98,9084.98,9079.98,9080.48,85
2026-08-27T00:40:00+00:00,9080.48,9087.49,9078.47,9086.99,92
2026-08-27T00:45:00+00:00,9086.99,9088.48,9075.48,9076.98,120
2026-08-27T00:50:00+00:00,9076.98,9077.97,9068.98,9070.99,103
2026-08-27T00:55:00+00:00,9070.99,9071.99,9065.97,9071.47,110
2026-08-27T01:00:00+00:00,9071.47,9079.47,9070.47,9075.47,145
2026-08-27T01:05:00+00:00,9075.47,9076.96,9072.949999999999,9073.97,71
2026-08-27T01:10:00+00:00,9073.97,9079.46,9072.449999999999,9077.449999999999,71
2026-08-27T01:15:00+00:00,9077.449999999999,9080.96,9067.949999999999,9069.96,79
2026-08-27T01:20:00+00:00,9069.96,9072.46,9065.46,9072.46,75
2026-08-27T01:25:00+00:00,9072.46,9073.46,9063.949999999999,9066.96,61
2026-08-27T01:30:00+00:00,9066.96,9067.46,9056.949999999999,9066.47,192
2026-08-27T01:35:00+00:00,9066.47,9078.96,9065.949999999999,9075.97,122
2026-08-27T01:40:00+00:00,9075.97,9075.97,9063.97,9066.96,105
2026-08-27T01:45:00+00:00,9066.96,9069.96,9062.97,9063.449999999999,64
2026-08-27T01:50:00+00:00,9063.449999999999,9064.449999999999,9060.46,9062.46,63
2026-08-27T01:55:00+00:00,9062.46,9066.97,9062.46,9066.97,54
2026-08-27T02:00:00+00:00,9066.97,9067.97,9061.949999999999,9062.449999999999,79
2026-08-27T02:05:00+00:00,9062.449999999999,9062.449999999999,9056.449999999999,9059.47,76
2026-08-27T02:10:00+00:00,9059.47,9062.96,9057.96,9060.47,46
2026-08-27T02:15:00+00:00,9060.47,9063.449999999999,9056.97,9057.96,32
2026-08-27T02:20:00+00:00,9057.96,9057.96,9051.96,9053.449999999999,30
2026-08-27T02:25:00+00:00,9053.449999999999,9055.97,9051.449999999999,9051.46,57
2026-08-27T02:30:00+00:00,9051.46,9056.47,9048.46,9051.949999999999,71
2026-08-27T02:35:00+00:00,9051.949999999999,9056.97,9048.46,9049.46,55
2026-08-27T02:40:00+00:00,9049.46,9054.46,9049.449999999999,9052.949999999999,46
2026-08-27T02:45:00+00:00,9052.949999999999,9054.46,9048.97,9048.97,56
2026-08-27T02:50:00+00:00,9048.97,9051.96,9046.949999999999,9051.96,27
2026-08-27T02:55:00+00:00,9051.96,9051.97,9047.97,9047.97,49
2026-08-27T03:00:00+00:00,9047.97,9055.46,9046.46,9054.449999999999,58
2026-08-27T03:05:00+00:00,9054.449999999999,9055.46,9051.47,9053.46,34
2026-08-27T03:10:00+00:00,9053.46,9055.97,9050.949999999999,9053.97,41
2026-08-27T03:15:00+00:00,9053.97,9053.97,9048.96,9049.46,25
2026-08-27T03:20:00+00:00,9049.46,9050.96,9046.96,9050.949999999999,28
2026-08-27T03:25:00+00:00,9050.949999999999,9052.96,9049.46,9049.96,44
2026-08-27T03:30:00+00:00,9049.96,9050.949999999999,9045.46,9047.949999999999,35
2026-08-27T03:35:00+00:00,9047.949999999999,9047.949999999999,9040.96,9041.96,38
2026-08-27T03:40:00+00:00,9041.96,9042.449999999999,9038.949999999999,9038.949999999999,22
2026-08-27T03:45:00+00:00,9038.949999999999,9041.97,9037.97,9037.97,20
2026-08-27T03:50:00+00:00,9037.97,9040.46,9034.449999999999,9035.46,36
2026-08-27T03:55:00+00:00,9035.46,9035.46,9033.449999999999,9033.449999999999,19
2026-08-27T04:00:00+00:00,9033.449999999999,9039.46,9033.449999999999,9035.449999999999,41
2026-08-27T04:05:00+00:00,9035.449999999999,9045.97,9035.449999999999,9043.46,38
2026-08-27T04:10:00+00:00,9043.46,9043.47,9037.47,9037.949999999999,32
2026-08-27T04:15:00+00:00,9037.949999999999,9038.46,9033.99,9034.49,24
2026-08-27T04:20:00+00:00,9034.49,9034.99,9028.97,9034.99,40
2026-08-27T04:25:00+00:00,9034.99,9035.47,9029.99,9029.99,38
2026-08-27T04:30:00+00:00,9029.99,9029.99,9026.98,9026.98,23
2026-08-27T04:35:00+00:00,9026.98,9029.99,9025.47,9027.97,67
2026-08-27T04:40:00+00:00,9027.97,9035.98,9026.98,9035.98,27
2026-08-27T04:45:00+00:00,9035.98,9040.48,9035.98,9036.49,41
2026-08-27T04:50:00+00:00,9036.49,9036.99,9030.97,9030.97,47
2026-08-27T04:55:00+00:00,9030.97,9031.98,9027.97,9028.99,31
2026-08-27T05:00:00+00:00,9028.99,9028.99,9022.98,9023.48,66
2026-08-27T05:05:00+00:00,9023.48,9023.99,9020.97,9023.47,46
2026-08-27T05:10:00+00:00,9023.47,9025.98,9022.47,9024.98,39
2026-08-27T05:15:00+00:00,9024.98,9029.99,9023.97,9028.49,34
2026-08-27T05:20:00+00:00,9028.49,9028.99,9026.97,9027.99,37
2026-08-27T05:25:00+00:00,9027.99,9028.97,9024.97,9024.99,62
2026-08-27T05:30:00+00:00,9024.99,9024.99,9018.97,9020.48,45
2026-08-27T05:35:00+00:00,9020.48,9023.98,9019.48,9023.98,43
2026-08-27T05:40:00+00:00,9023.98,9023.98,9019.47,9019.48,54
2026-08-27T05:45:00+00:00,9019.48,9020.98,9018.47,9019.97,24
2026-08-27T05:50:00+00:00,9019.97,9021.97,9018.48,9020.48,37
2026-08-27T05:55:00+00:00,9020.48,9020.48,9017.97,9018.98,32
2026-08-27T06:00:00+00:00,9018.98,9022.58,9013.07,9021.07,161
2026-08-27T06:05:00+00:00,9021.07,9027.58,9019.07,9027.58,187
2026-08-27T06:10:00+00:00,9027.58,9027.59,9019.57,9023.07,155
2026-08-27T06:15:00+00:00,9023.07,9027.58,9022.58,9026.09,51
2026-08-27T06:20:00+00:00,9026.09,9028.59,9026.08,9026.08,35
2026-08-27T06:25:00+00:00,9026.08,9032.39,9025.57,9031.87,67
2026-08-27T07:10:00+00:00,9031.87,9037.08,9026.58,9028.57,101
2026-08-27T07:15:00+00:00,9028.57,9029.59,9024.08,9025.07,115
2026-08-27T07:20:00+00:00,9025.07,9028.59,9022.57,9023.08,79
2026-08-27T07:25:00+00:00,9023.08,9025.57,9022.07,9024.57,83
2026-08-27T07:30:00+00:00,9024.57,9026.59,9023.58,9026.08,68
2026-08-27T07:35:00+00:00,9026.08,9026.59,9016.57,9017.58,108
2026-08-27T07:40:00+00:00,9017.58,9021.59,9016.59,9021.59,70
2026-08-27T07:45:00+00:00,9021.59,9022.59,9019.59,9021.57,42
2026-08-27T07:50:00+00:00,9021.57,9024.58,9020.57,9023.59,70
2026-08-27T07:55:00+00:00,9023.59,9026.09,9022.57,9023.08,72
2026-08-27T08:00:00+00:00,9023.08,9027.08,9021.07,9026.59,122
2026-08-27T08:05:00+00:00,9026.59,9027.08,9023.58,9024.58,75
2026-08-27T08:10:00+00:00,9024.58,9026.59,9023.57,9023.59,81
2026-08-27T08:15:00+00:00,9023.59,9024.59,9021.58,9022.58,57
2026-08-27T08:20:00+00:00,9022.58,9023.58,9019.57,9023.58,73
2026-08-27T08:25:00+00:00,9023.58,9023.58,9019.07,9021.07,61
2026-08-27T08:30:00+00:00,9021.07,9021.58,9017.57,9018.59,73
2026-08-27T08:35:00+00:00,9018.59,9020.58,9016.59,9016.59,39
2026-08-27T08:40:00+00:00,9016.59,9017.59,9014.59,9015.08,62
2026-08-27T08:45:00+00:00,9015.08,9015.59,9011.57,9012.59,51
2026-08-27T08:50:00+00:00,9012.59,9013.58,9008.57,9009.57,33
2026-08-27T08:55:00+00:00,9009.57,9010.09,9007.57,9007.57,38
2026-08-27T09:00:00+00:00,9007.57,9013.07,9005.57,9013.07,119
2026-08-27T09:05:00+00:00,9013.07,9017.59,9010.08,9017.59,88
2026-08-27T09:10:00+00:00,9017.59,9020.59,9015.07,9015.57,72
2026-08-27T09:15:00+00:00,9015.57,9015.57,9009.58,9011.59,35
2026-08-27T09:20:00+00:00,9011.59,9015.09,9011.57,9014.58,96
2026-08-27T09:25:00+00:00,9014.58,9014.59,9012.57,9013.58,38
2026-08-27T09:30:00+00:00,9013.58,9017.59,9013.58,9016.08,66
2026-08-27T09:35:00+00:00,9016.08,9017.09,9012.09,9014.08,66
2026-08-27T09:40:00+00:00,9014.08,9014.59,9012.09,9012.09,45
2026-08-27T09:45:00+00:00,9012.09,9014.59,9011.57,9012.58,47
2026-08-27T09:50:00+00:00,9012.58,9014.59,9011.58,9012.59,56
2026-08-27T09:55:00+00:00,9012.59,9014.07,9012.57,9014.07,37
2026-08-27T10:00:00+00:00,9014.07,9014.09,9009.58,9012.57,135
2026-08-27T10:05:00+00:00,9012.57,9013.59,9010.57,9011.58,56
2026-08-27T10:10:00+00:00,9011.58,9015.59,9011.57,9014.59,75
2026-08-27T10:15:00+00:00,9014.59,9016.59,9014.59,9015.59,39
2026-08-27T10:20:00+00:00,9015.59,9016.58,9011.08,9011.57,66
2026-08-27T10:25:00+00:00,9011.57,9013.07,9008.57,9011.58,54
2026-08-27T10:30:00+00:00,9011.58,9013.09,9009.57,9010.57,50
2026-08-27T10:35:00+00:00,9010.57,9010.59,9007.57,9007.57,42
2026-08-27T10:40:00+00:00,9007.57,9013.07,9007.07,9012.58,48
2026-08-27T10:45:00+00:00,9012.58,9013.58,9011.07,9011.57,46
2026-08-27T10:50:00+00:00,9011.57,9012.57,9008.58,9012.57,33
2026-08-27T10:55:00+00:00,9012.57,9014.58,9012.57,9014.57,63
2026-08-27T11:00:00+00:00,9014.57,9016.08,9012.57,9015.58,119
2026-08-27T11:05:00+00:00,9015.58,9019.58,9015.57,9018.57,57
2026-08-27T11:10:00+00:00,9018.57,9019.08,9016.57,9017.07,48
2026-08-27T11:15:00+00:00,9017.07,9018.59,9017.07,9018.07,20
2026-08-27T11:20:00+00:00,9018.07,9021.57,9018.07,9021.57,37
2026-08-27T11:25:00+00:00,9021.57,9021.59,9020.57,9020.57,42
2026-08-27T11:30:00+00:00,9020.57,9028.08,9020.08,9023.09,167
2026-08-27T11:35:00+00:00,9023.09,9024.58,9022.07,9024.09,82
2026-08-27T11:40:00+00:00,9024.09,9027.59,9023.58,9027.08,47
2026-08-27T11:45:00+00:00,9027.08,9028.59,9025.57,9025.57,56
2026-08-27T11:50:00+00:00,9025.57,9031.58,9025.57,9031.57,56
2026-08-27T11:55:00+00:00,9031.57,9031.59,9029.57,9029.58,74
2026-08-27T12:00:00+00:00,9029.58,9029.59,9026.59,9027.07,83
2026-08-27T12:05:00+00:00,9027.07,9029.07,9027.07,9028.57,17
2026-08-27T12:10:00+00:00,9028.57,9028.59,9026.58,9028.08,28
2026-08-27T12:15:00+00:00,9028.08,9030.09,9028.07,9028.57,35
2026-08-27T12:20:00+00:00,9028.57,9030.59,9024.07,9024.58,80
2026-08-27T12:25:00+00:00,9024.58,9025.57,9023.57,9023.57,14
2026-08-27T12:30:00+00:00,9023.57,9024.59,9021.08,9023.09,82
2026-08-27T12:35:00+00:00,9023.09,9025.59,9021.57,9021.57,77
2026-08-27T12:40:00+00:00,9021.57,9021.57,9017.57,9017.58,90
2026-08-27T12:45:00+00:00,9017.58,9018.57,9015.58,9016.57,50
2026-08-27T12:50:00+00:00,9016.57,9016.57,9011.58,9011.58,63
2026-08-27T12:55:00+00:00,9011.58,9015.08,9011.58,9013.58,84
2026-08-27T13:00:00+00:00,9013.58,9017.59,9011.59,9016.58,129
2026-08-27T13:05:00+00:00,9016.58,9019.09,9012.58,9012.58,81
2026-08-27T13:10:00+00:00,9012.58,9013.59,9011.07,9011.57,57
2026-08-27T13:15:00+00:00,9011.57,9013.08,9011.07,9011.58,40
2026-08-27T13:20:00+00:00,9011.58,9011.58,9009.57,9009.59,35
2026-08-27T13:25:00+00:00,9009.59,9015.57,9009.08,9013.59,91
2026-08-27T13:30:00+00:00,9013.59,9014.57,9008.07,9011.58,192
2026-08-27T13:35:00+00:00,9011.58,9017.59,9011.09,9014.57,206
2026-08-27T13:40:00+00:00,9014.57,9014.57,9004.58,9005.58,142
2026-08-27T13:45:00+00:00,9005.58,9009.09,9000.58,9007.57,257
2026-08-27T13:50:00+00:00,9007.57,9016.57,9007.57,9015.07,122
2026-08-27T13:55:00+00:00,9015.07,9015.58,9009.07,9011.09,138
2026-08-27T14:00:00+00:00,9011.09,9014.08,9010.57,9013.59,183
2026-08-27T14:05:00+00:00,9013.59,9014.58,9005.07,9005.07,105
2026-08-27T14:10:00+00:00,9005.07,9007.58,9001.07,9003.59,125
2026-08-27T14:15:00+00:00,9003.59,9011.59,9002.08,9009.57,108
2026-08-27T14:20:00+00:00,9009.57,9013.59,9009.08,9011.09,93
2026-08-27T14:25:00+00:00,9011.09,9011.09,9008.07,9009.58,45
2026-08-27T14:30:00+00:00,9009.58,9014.09,9007.57,9014.09,58
2026-08-27T14:35:00+00:00,9014.09,9020.08,9014.07,9020.08,102
2026-08-27T14:40:00+00:00,9020.08,9025.57,9018.57,9025.57,74
2026-08-27T14:45:00+00:00,9025.57,9029.57,9023.59,9026.09,68
2026-08-27T14:50:00+00:00,9026.09,9026.59,9023.58,9023.59,76
2026-08-27T14:55:00+00:00,9023.59,9027.58,9021.57,9025.59,153
2026-08-27T15:00:00+00:00,9025.59,9027.59,9023.58,9026.05,72
2026-08-27T15:05:00+00:00,9026.05,9027.06,9023.56,9027.05,101
2026-08-27T15:10:00+00:00,9027.05,9030.06,9027.05,9029.57,41
2026-08-27T15:15:00+00:00,9029.57,9032.06,9028.56,9031.07,72
2026-08-27T15:20:00+00:00,9031.07,9033.07,9030.05,9032.06,74
2026-08-27T15:25:00+00:00,9032.06,9035.06,9032.05,9033.56,30
2026-08-27T15:30:00+00:00,9033.56,9036.07,9033.06,9036.06,124
2026-08-27T15:35:00+00:00,9036.06,9037.07,9034.07,9037.06,51
2026-08-27T15:40:00+00:00,9037.06,9039.07,9035.06,9036.06,80
2026-08-27T15:45:00+00:00,9036.06,9036.06,9034.05,9035.07,111
2026-08-27T15:50:00+00:00,9035.07,9039.57,9035.07,9039.07,30
2026-08-27T15:55:00+00:00,9039.07,9041.07,9038.55,9040.07,36
2026-08-27T16:00:00+00:00,9040.07,9041.05,9038.05,9039.56,40
2026-08-27T16:05:00+00:00,9039.56,9040.06,9036.05,9037.07,26
2026-08-27T16:10:00+00:00,9037.07,9037.56,9036.06,9036.539999999999,40
2026-08-27T16:15:00+00:00,9036.539999999999,9037.56,9036.539999999999,9036.56,19
2026-08-27T16:20:00+00:00,9036.56,9036.56,9035.539999999999,9036.05,15
2026-08-27T16:25:00+00:00,9036.05,9037.56,9035.539999999999,9037.56,9
2026-08-27T16:30:00+00:00,9037.56,9037.56,9035.55,9037.039999999999,41
2026-08-27T16:35:00+00:00,9037.039999999999,9038.039999999999,9036.539999999999,9038.039999999999,19
2026-08-27T16:40:00+00:00,9038.039999999999,9038.55,9037.539999999999,9038.539999999999,33
2026-08-27T16:45:00+00:00,9038.539999999999,9038.56,9036.539999999999,9036.55,70
2026-08-27T16:50:00+00:00,9036.55,9039.539999999999,9036.55,9037.55,69
2026-08-27T16:55:00+00:00,9037.55,9037.56,9036.55,9037.539999999999,11
2026-08-27T17:00:00+00:00,9037.539999999999,9038.56,9036.56,9037.56,42
2026-08-27T17:05:00+00:00,9037.56,9037.56,9035.55,9037.55,15
2026-08-27T17:10:00+00:00,9037.55,9037.56,9035.55,9036.539999999999,12
2026-08-27T17:15:00+00:00,9036.539999999999,9038.56,9036.539999999999,9037.039999999999,43
2026-08-27T17:20:00+00:00,9036.07,9036.59,9035.57,9035.59,7
2026-08-27T17:25:00+00:00,9035.59,9038.59,9034.58,9037.57,33
2026-08-27T17:30:00+00:00,9037.57,9041.08,9037.57,9038.59,66
2026-08-27T17:35:00+00:00,9038.59,9038.59,9035.57,9036.58,17
2026-08-27T17:40:00+00:00,9036.58,9040.59,9036.57,9039.58,20
2026-08-27T17:45:00+00:00,9039.58,9040.59,9038.57,9040.07,65
2026-08-27T17:50:00+00:00,9040.07,9041.07,9038.57,9039.59,36
2026-08-27T17:55:00+00:00,9039.59,9041.58,9034.59,9034.59,32
2026-08-27T18:00:00+00:00,9034.59,9034.59,9030.07,9031.09,102
2026-08-27T18:05:00+00:00,9031.09,9034.59,9031.07,9033.58,43
2026-08-27T18:10:00+00:00,9033.58,9034.59,9032.07,9034.59,68
2026-08-27T18:15:00+00:00,9034.59,9036.09,9033.58,9035.58,16
2026-08-27T18:20:00+00:00,9035.58,9036.09,9033.57,9035.58,95
2026-08-27T18:25:00+00:00,9035.58,9035.59,9032.57,9033.58,75
2026-08-27T18:30:00+00:00,9033.58,9036.09,9033.58,9034.58,38
2026-08-27T18:35:00+00:00,9034.58,9037.59,9034.58,9037.59,29
2026-08-27T18:40:00+00:00,9037.59,9042.07,9037.57,9041.09,23
2026-08-27T18:45:00+00:00,9041.09,9043.59,9041.09,9043.59,17
2026-08-27T18:50:00+00:00,9043.59,9043.59,9042.09,9042.09,24
2026-08-27T18:55:00+00:00,9042.09,9043.59,9041.07,9042.59,62
2026-08-27T19:00:00+00:00,9042.59,9044.58,9041.57,9042.08,50
2026-08-27T19:05:00+00:00,9042.08,9043.59,9039.59,9042.08,134
2026-08-27T19:10:00+00:00,9042.08,9042.58,9040.08,9040.09,19
2026-08-27T19:15:00+00:00,9040.09,9041.58,9040.08,9041.58,21
2026-08-27T19:20:00+00:00,9041.58,9041.59,9039.07,9039.59,39
2026-08-27T19:25:00+00:00,9039.59,9040.57,9033.57,9034.09,71
2026-08-27T19:30:00+00:00,9034.09,9038.09,9032.57,9037.58,78
2026-08-27T19:35:00+00:00,9037.58,9039.57,9037.07,9039.57,44
2026-08-27T19:40:00+00:00,9039.57,9039.58,9038.57,9039.57,34
2026-08-27T19:45:00+00:00,9039.57,9042.59,9039.57,9042.57,82
2026-08-27T19:50:00+00:00,9042.57,9046.57,9040.57,9045.59,78
2026-08-27T19:55:00+00:00,9045.59,9049.57,9045.07,9047.09,85
2026-08-27T20:00:00+00:00,9047.09,9047.59,9043.08,9043.09,27
2026-08-27T20:05:00+00:00,9043.09,9045.59,9043.09,9044.58,82
2026-08-27T20:10:00+00:00,9044.58,9045.09,9043.08,9043.08,43
2026-08-27T20:15:00+00:00,9043.08,9043.57,9042.07,9042.08,7
2026-08-27T20:20:00+00:00,9042.08,9042.09,9040.59,9040.59,4
2026-08-27T20:25:00+00:00,9040.59,9041.09,9039.57,9041.08,35
2026-08-27T20:30:00+00:00,9041.08,9041.08,9041.07,9041.07,1
2026-08-27T20:35:00+00:00,9041.07,9041.58,9040.57,9041.58,3
2026-08-27T20:40:00+00:00,9041.58,9042.58,9041.57,9041.59,27
2026-08-27T20:45:00+00:00,9041.59,9042.09,9041.57,9042.07,18
2026-08-27T20:50:00+00:00,9042.07,9042.09,9040.57,9040.59,35
2026-08-27T20:55:00+00:00,9040.59,9046.88,9026.37,9026.37,21
2026-08-27T23:50:00+00:00,9026.37,9049.1,9026.37,9049.1,80
2026-08-27T23:55:00+00:00,9049.1,9051.62,9042.61,9044.11,83
2026-08-28T00:00:00+00:00,9044.11,9059.02,9042,9058.01,295
2026-08-28T00:05:00+00:00,9058.01,9063.51,9052.5,9056.51,169
2026-08-28T00:10:00+00:00,9056.51,9056.51,9045.5,9047.5,193
2026-08-28T00:15:00+00:00,9047.5,9048.5,9038.02,9042.01,169
2026-08-28T00:20:00+00:00,9042.01,9054.01,9040.5,9054.01,180
2026-08-28T00:25:00+00:00,9054.01,9054.52,9045.51,9048.51,120
2026-08-28T00:30:00+00:00,9048.51,9061.02,9048.51,9061.02,89
2026-08-28T00:35:00+00:00,9061.02,9069.52,9059,9069.52,131
2026-08-28T00:40:00+00:00,9069.52,9071.01,9064.52,9068.01,123
2026-08-28T00:45:00+00:00,9068.01,9069,9060,9060.02,74
2026-08-28T00:50:00+00:00,9060.02,9063.5,9058,9063,93
2026-08-28T00:55:00+00:00,9063,9063,9057.51,9060.01,78
2026-08-28T01:00:00+00:00,9060.01,9073.02,9060.01,9073.02,128
2026-08-28T01:05:00+00:00,9073.02,9073.52,9064.52,9072,95
2026-08-28T01:10:00+00:00,9072,9072,9063,9063.51,84
2026-08-28T01:15:00+00:00,9063.51,9065.52,9060.51,9062.51,75
2026-08-28T01:20:00+00:00,9062.51,9062.51,9053.02,9061.5,95
2026-08-28T01:25:00+00:00,9061.5,9067,9061,9061.5,72
2026-08-28T01:30:00+00:00,9061.5,9065.01,9058,9058.52,133
2026-08-28T01:35:00+00:00,9058.52,9058.52,9050,9052.01,97
2026-08-28T01:40:00+00:00,9052.01,9060,9051.5,9059,57
2026-08-28T01:45:00+00:00,9059,9063.52,9058,9063.52,71
2026-08-28T01:50:00+00:00,9063.52,9063.52,9056.02,9061,83
2026-08-28T01:55:00+00:00,9061,9067.01,9059,9066,81
2026-08-28T02:00:00+00:00,9066,9066.01,9061.52,9063.01,71
2026-08-28T02:05:00+00:00,9063.01,9066,9062.5,9065.02,64
2026-08-28T02:10:00+00:00,9065.02,9065.02,9060.51,9061.5,42
2026-08-28T02:15:00+00:00,9061.5,9064.01,9061.02,9061.51,42
2026-08-28T02:20:00+00:00,9061.51,9062.52,9060.02,9060.5,35
2026-08-28T02:25:00+00:00,9060.5,9060.5,9055.51,9056.02,26
2026-08-28T02:30:00+00:00,9056.02,9058.52,9054,9057,89
2026-08-28T02:35:00+00:00,9057,9063,9057,9063,13
2026-08-28T02:40:00+00:00,9063,9064.01,9057,9057,66
2026-08-28T02:45:00+00:00,9057,9057.51,9055,9057,39
2026-08-28T02:50:00+00:00,9057,9061.02,9057,9059.02,30
2026-08-28T02:55:00+00:00,9059.02,9062.02,9057,9060.52,31
2026-08-28T03:00:00+00:00,9060.52,9067.52,9060.52,9067.01,50
2026-08-28T03:05:00+00:00,9067.01,9069.52,9066.52,9069.51,43
2026-08-28T03:10:00+00:00,9069.51,9071.5,9069,9071.5,20
2026-08-28T03:15:00+00:00,9071.5,9077,9070.01,9076,37
2026-08-28T03:20:00+00:00,9076,9076,9073.01,9074.52,31
2026-08-28T03:25:00+00:00,9074.52,9076.02,9072.01,9072.01,37
2026-08-28T03:30:00+00:00,9072.01,9072.01,9069,9069,38
2026-08-28T03:35:00+00:00,9069,9069,9064.52,9064.52,52
2026-08-28T03:40:00+00:00,9064.52,9065.02,9061.5,9063.01,48
2026-08-28T03:45:00+00:00,9063.01,9066.51,9063.01,9066,52
2026-08-28T03:50:00+00:00,9066,9067.5,9064.51,9065,22
2026-08-28T03:55:00+00:00,9065,9065.02,9063,9064.5,119
2026-08-28T04:00:00+00:00,9064.5,9068.02,9064.01,9068.02,63
2026-08-28T04:05:00+00:00,9068.02,9069.5,9067,9068.51,21
2026-08-28T04:10:00+00:00,9068.51,9074.51,9066.02,9074.51,27
2026-08-28T04:15:00+00:00,9074.51,9077.52,9074.51,9077.01,45
2026-08-28T04:20:00+00:00,9077.01,9080.02,9077,9079.51,33
2026-08-28T04:25:00+00:00,9079.51,9079.51,9076.51,9077.52,34
2026-08-28T04:30:00+00:00,9077.52,9078.01,9071.5,9072.02,38
2026-08-28T04:35:00+00:00,9072.02,9072.02,9068.51,9070.5,28
2026-08-28T04:40:00+00:00,9070.5,9071.01,9069.01,9071,17
2026-08-28T04:45:00+00:00,9071,9075.02,9071,9075.01,34
2026-08-28T04:50:00+00:00,9075.01,9075.52,9073.5,9075.52,31
2026-08-28T04:55:00+00:00,9075.52,9077.52,9075.52,9076.5,20
2026-08-28T05:00:00+00:00,9076.5,9079.02,9075.02,9078.01,45
2026-08-28T05:05:00+00:00,9078.01,9078.01,9076.02,9078,17
2026-08-28T05:10:00+00:00,9078,9084.01,9075.5,9084.01,62
2026-08-28T05:15:00+00:00,9084.01,9086.02,9083.5,9086.01,32
2026-08-28T05:20:00+00:00,9086.01,9086.01,9084,9084.5,38
2026-08-28T05:25:00+00:00,9084.5,9086.02,9084.02,9085.02,26
2026-08-28T05:30:00+00:00,9085.02,9085.02,9081.02,9081.51,21
2026-08-28T05:35:00+00:00,9081.51,9082.02,9080.01,9082.01,39
2026-08-28T05:40:00+00:00,9082.01,9083.02,9082,9082.02,28
2026-08-28T05:45:00+00:00,9082.02,9086,9081.51,9082,44
2026-08-28T05:50:00+00:00,9082,9083.01,9079.02,9083.01,46
2026-08-28T05:55:00+00:00,9083.01,9085.02,9083,9084.02,51
2026-08-28T06:00:00+00:00,9084.02,9088.11,9083.1,9086.6,113
2026-08-28T06:05:00+00:00,9086.6,9091.62,9086.11,9090.12,122
2026-08-28T06:10:00+00:00,9090.12,9091.62,9087.61,9091.6,101
2026-08-28T06:15:00+00:00,9091.6,9093.12,9090.61,9092.6,28
2026-08-28T06:20:00+00:00,9092.6,9095.1,9090.62,9090.62,55
2026-08-28T06:25:00+00:00,9090.62,9091.6,9085.6,9089.41,105
2026-08-28T07:10:00+00:00,9089.41,9099.1,9087.91,9097.61,70
2026-08-28T07:15:00+00:00,9097.61,9097.62,9093.6,9096.61,39
2026-08-28T07:20:00+00:00,9096.61,9099.6,9093.62,9097.62,70
2026-08-28T07:25:00+00:00,9097.62,9097.62,9093.61,9096.11,57
2026-08-28T07:30:00+00:00,9096.11,9099.1,9092.6,9092.61,44
2026-08-28T07:35:00+00:00,9092.61,9094.61,9090.1,9090.12,65
2026-08-28T07:40:00+00:00,9090.12,9091.62,9089.6,9091.6,44
2026-08-28T07:45:00+00:00,9091.6,9093.12,9090.6,9092.62,66
2026-08-28T07:50:00+00:00,9092.62,9094.62,9090.61,9094.62,52
2026-08-28T07:55:00+00:00,9094.62,9094.62,9088.62,9089.11,47
2026-08-28T08:00:00+00:00,9089.11,9092.62,9088.61,9090.12,67
2026-08-28T08:05:00+00:00,9090.12,9090.62,9087.1,9088.61,68
2026-08-28T08:10:00+00:00,9088.61,9089.62,9087.61,9088.11,36
2026-08-28T08:15:00+00:00,9088.11,9088.61,9084.6,9084.6,47
2026-08-28T08:20:00+00:00,9084.6,9085.62,9082.1,9082.1,44
2026-08-28T08:25:00+00:00,9082.1,9086.61,9081.6,9086.11,45
2026-08-28T08:30:00+00:00,9086.11,9088.6,9083.6,9088.6,76
2026-08-28T08:35:00+00:00,9088.6,9089.61,9084.6,9084.61,42
2026-08-28T08:40:00+00:00,9084.61,9085.62,9082.61,9082.61,20
2026-08-28T08:45:00+00:00,9082.61,9082.62,9076.62,9078.61,63
2026-08-28T08:50:00+00:00,9078.61,9078.62,9075.6,9077.12,65
2026-08-28T08:55:00+00:00,9077.12,9083.11,9076.61,9083.11,58
2026-08-28T09:00:00+00:00,9083.11,9086.12,9080.6,9083.6,53
2026-08-28T09:05:00+00:00,9083.6,9083.61,9081.62,9082.61,42
2026-08-28T09:10:00+00:00,9082.61,9082.61,9080.11,9081.6,47
2026-08-28T09:15:00+00:00,9081.6,9084.62,9081.6,9084.1,41
2026-08-28T09:20:00+00:00,9084.1,9085.62,9083.6,9084.61,31
2026-08-28T09:25:00+00:00,9084.61,9085.62,9083.61,9084.6,27
2026-08-28T09:30:00+00:00,9084.6,9086.6,9083.62,9086.6,26
2026-08-28T09:35:00+00:00,9086.6,9086.6,9083.6,9086.1,23
2026-08-28T09:40:00+00:00,9086.1,9088.11,9085.6,9087.6,24
2026-08-28T09:45:00+00:00,9087.6,9087.6,9084.61,9086.12,18
2026-08-28T09:50:00+00:00,9086.12,9087.62,9085.1,9085.61,77
2026-08-28T09:55:00+00:00,9085.61,9086.62,9084.6,9086.62,37
2026-08-28T10:00:00+00:00,9086.62,9086.62,9084.6,9086.62,39
2026-08-28T10:05:00+00:00,9086.62,9086.62,9082.61,9083.11,32
2026-08-28T10:10:00+00:00,9083.11,9084.12,9081.6,9082.6,28
2026-08-28T10:15:00+00:00,9082.6,9083.62,9079.1,9079.1,57
2026-08-28T10:20:00+00:00,9079.1,9080.62,9079.1,9080.6,21
2026-08-28T10:25:00+00:00,9080.6,9080.62,9079.6,9079.61,44
2026-08-28T10:30:00+00:00,9079.61,9081.62,9079.1,9080.62,31
2026-08-28T10:35:00+00:00,9080.62,9080.62,9079.61,9080.61,20
2026-08-28T10:40:00+00:00,9080.61,9080.62,9076.1,9076.1,57
2026-08-28T10:45:00+00:00,9076.1,9078.62,9076.1,9076.62,57
2026-08-28T10:50:00+00:00,9076.62,9078.11,9075.6,9076.6,39
2026-08-28T10:55:00+00:00,9076.6,9076.6,9075.1,9075.62,35
2026-08-28T11:00:00+00:00,9075.62,9079.6,9075.62,9079.1,68
2026-08-28T11:05:00+00:00,9079.1,9079.6,9076.1,9076.1,21
2026-08-28T11:10:00+00:00,9076.1,9078.6,9075.6,9078.6,31
2026-08-28T11:15:00+00:00,9078.6,9079.62,9078.6,9079.11,24
2026-08-28T11:20:00+00:00,9079.11,9080.6,9078.61,9079.6,29
2026-08-28T11:25:00+00:00,9079.6,9079.6,9075.6,9077.12,25
2026-08-28T11:30:00+00:00,9077.12,9079.62,9076.6,9076.62,40
2026-08-28T11:35:00+00:00,9076.62,9078.11,9076.1,9076.61,40
2026-08-28T11:40:00+00:00,9076.61,9077.61,9075.1,9075.62,39
2026-08-28T11:45:00+00:00,9075.62,9079.62,9075.62,9079.1,62
2026-08-28T11:50:00+00:00,9079.1,9081.11,9078.62,9081.11,35
2026-08-28T11:55:00+00:00,9081.11,9081.6,9077.6,9079.6,37
2026-08-28T12:00:00+00:00,9079.6,9081.62,9078.6,9081.62,15
2026-08-28T12:05:00+00:00,9081.62,9081.62,9079.61,9080.6,16
2026-08-28T12:10:00+00:00,9080.6,9080.6,9077.6,9080.11,57
2026-08-28T12:15:00+00:00,9080.11,9081.12,9078.61,9081.12,37
2026-08-28T12:20:00+00:00,9081.12,9083.12,9079.6,9082.11,48
2026-08-28T12:25:00+00:00,9082.11,9082.61,9078.1,9080.6,57
2026-08-28T12:30:00+00:00,9080.6,9080.62,9077.6,9079.62,37
2026-08-28T12:35:00+00:00,9079.62,9084.62,9076.6,9083.11,37
2026-08-28T12:40:00+00:00,9083.11,9084.61,9081.61,9083.62,39
2026-08-28T12:45:00+00:00,9083.62,9085.61,9081.6,9085.61,51
2026-08-28T12:50:00+00:00,9085.61,9087.62,9084.6,9085.11,46
2026-08-28T12:55:00+00:00,9085.11,9086.61,9083.6,9084.61,68
2026-08-28T13:00:00+00:00,9084.61,9086.62,9084.1,9086.6,80
2026-08-28T13:05:00+00:00,9086.6,9088.62,9084.6,9084.6,46
2026-08-28T13:10:00+00:00,9084.6,9085.12,9082.61,9083.62,47
2026-08-28T13:15:00+00:00,9083.62,9084.62,9081.62,9084.61,40
2026-08-28T13:20:00+00:00,9084.61,9087.6,9084.1,9086.61,22
2026-08-28T13:25:00+00:00,9086.61,9093.62,9086.11,9093.62,47
2026-08-28T13:30:00+00:00,9093.62,9101.61,9091.62,9094.62,196
2026-08-28T13:35:00+00:00,9094.62,9098.61,9085.6,9088.61,183
2026-08-28T13:40:00+00:00,9088.61,9088.62,9083.1,9083.1,142
2026-08-28T13:45:00+00:00,9083.1,9088.62,9083.1,9085.61,132
2026-08-28T13:50:00+00:00,9085.61,9089.61,9083.62,9087.61,100
2026-08-28T13:55:00+00:00,9087.61,9099.12,9087.61,9091.62,116
2026-08-28T14:00:00+00:00,9091.62,9109.61,9075.12,9078.6,763
2026-08-28T14:05:00+00:00,9078.6,9080.12,9066.61,9075.6,376
2026-08-28T14:10:00+00:00,9075.6,9076.6,9065.12,9069.62,371
2026-08-28T14:15:00+00:00,9069.62,9077.11,9068.61,9070.6,429
2026-08-28T14:20:00+00:00,9070.6,9078.6,9067.62,9071.1,299
2026-08-28T14:25:00+00:00,9071.1,9072.1,9064.61,9071.6,251
2026-08-28T14:30:00+00:00,9071.6,9081.11,9069.61,9080.62,282
2026-08-28T14:35:00+00:00,9080.62,9084.61,9079.62,9080.6,209
2026-08-28T14:40:00+00:00,9080.6,9084.61,9078.6,9081.62,202
2026-08-28T14:45:00+00:00,9081.62,9082.62,9074.11,9074.62,166
2026-08-28T14:50:00+00:00,9074.62,9083.1,9072.1,9082.62,143
2026-08-28T14:55:00+00:00,9082.62,9087.11,9082.6,9082.62,147
2026-08-28T15:00:00+00:00,9082.62,9083.61,9071.6,9073.6,108
2026-08-28T15:05:00+00:00,9073.6,9073.61,9066.6,9069.61,121
2026-08-28T15:10:00+00:00,9069.61,9072.62,9069.11,9072.1,105
2026-08-28T15:15:00+00:00,9072.1,9075.11,9070.6,9074.11,176
2026-08-28T15:20:00+00:00,9074.11,9077.61,9073.6,9075.61,106
2026-08-28T15:25:00+00:00,9075.61,9076.62,9071.6,9074.12,88
2026-08-28T15:30:00+00:00,9074.12,9074.62,9066.6,9067.62,273
2026-08-28T15:35:00+00:00,9067.62,9069.62,9063.6,9063.62,166
2026-08-28T15:40:00+00:00,9063.62,9063.62,9055.6,9056.12,186
2026-08-28T15:45:00+00:00,9056.12,9057.62,9052.62,9055.61,162
2026-08-28T15:50:00+00:00,9055.61,9055.61,9052.6,9055.11,89
2026-08-28T15:55:00+00:00,9055.11,9056.11,9048.1,9049.61,211
2026-08-28T16:00:00+00:00,9049.61,9053.1,9047.6,9047.61,192
2026-08-28T16:05:00+00:00,9047.61,9049.61,9046.1,9048.12,104
2026-08-28T16:10:00+00:00,9048.12,9048.62,9042.6,9042.6,159
2026-08-28T16:15:00+00:00,9042.6,9043.62,9033.6,9034.62,143
2026-08-28T16:20:00+00:00,9034.62,9034.62,9027.61,9029.12,174
2026-08-28T16:25:00+00:00,9029.12,9032.62,9026.6,9031.11,157
2026-08-28T16:30:00+00:00,9031.11,9037.12,9031.11,9032.61,162
2026-08-28T16:35:00+00:00,9032.61,9044.61,9032.6,9044.11,169
2026-08-28T16:40:00+00:00,9044.11,9044.62,9035.1,9035.61,142
2026-08-28T16:45:00+00:00,9035.61,9041.61,9035.61,9041.61,139
2026-08-28T16:50:00+00:00,9041.61,9044.6,9040.12,9041.12,130
2026-08-28T16:55:00+00:00,9041.12,9041.62,9038.6,9038.6,188
2026-08-28T17:00:00+00:00,9038.6,9039.11,9032.61,9035.1,250
2026-08-28T17:05:00+00:00,9035.1,9037.1,9033.6,9034.61,120
2026-08-28T17:10:00+00:00,9034.61,9040.6,9034.6,9040.6,120
2026-08-28T17:15:00+00:00,9040.6,9041.62,9038.6,9040.6,131
2026-08-28T17:20:00+00:00,9040.6,9041.61,9038.1,9041.12,133
2026-08-28T17:25:00+00:00,9041.12,9043.61,9040.1,9040.62,92
2026-08-28T17:30:00+00:00,9040.62,9044.61,9039.6,9043.62,108
2026-08-28T17:35:00+00:00,9043.62,9046.12,9040.12,9040.61,100
2026-08-28T17:40:00+00:00,9040.61,9042.62,9039.61,9041.62,97
2026-08-28T17:45:00+00:00,9041.62,9047.62,9041.62,9047.6,47
2026-08-28T17:50:00+00:00,9047.6,9048.1,9046.6,9046.61,74
2026-08-28T17:55:00+00:00,9046.61,9047.62,9044.6,9047.11,77
2026-08-28T18:00:00+00:00,9047.11,9048.61,9044.62,9045.1,77
2026-08-28T18:05:00+00:00,9045.1,9049.12,9044.62,9047.6,186
2026-08-28T18:10:00+00:00,9047.6,9048.62,9045.62,9045.62,66
2026-08-28T18:15:00+00:00,9045.62,9047.62,9044.6,9046.1,73
2026-08-28T18:20:00+00:00,9046.1,9047.12,9043.1,9044.11,64
2026-08-28T18:25:00+00:00,9044.11,9046.62,9042.61,9044.61,73
2026-08-28T18:30:00+00:00,9044.61,9046.6,9043.6,9046.6,35
2026-08-28T18:35:00+00:00,9046.6,9047.12,9044.6,9045.12,42
2026-08-28T18:40:00+00:00,9045.12,9046.62,9043.62,9045.62,28
2026-08-28T18:45:00+00:00,9045.62,9046.62,9043.6,9044.12,44
2026-08-28T18:50:00+00:00,9044.12,9045.62,9042.62,9045.11,92
2026-08-28T18:55:00+00:00,9045.11,9048.61,9044.12,9047.62,45
2026-08-28T19:00:00+00:00,9047.62,9050.62,9046.6,9049.61,55
2026-08-28T19:05:00+00:00,9049.61,9053.61,9049.61,9053.1,89
2026-08-28T19:10:00+00:00,9053.1,9053.1,9048.11,9049.1,46
2026-08-28T19:15:00+00:00,9049.1,9049.61,9047.6,9049.12,76
2026-08-28T19:20:00+00:00,9049.12,9050.11,9046.1,9047.11,86
2026-08-28T19:25:00+00:00,9047.11,9050.62,9047.11,9048.62,30
2026-08-28T19:30:00+00:00,9048.62,9050.12,9047.6,9049.61,54
2026-08-28T19:35:00+00:00,9049.61,9050.61,9048.6,9050.61,61
2026-08-28T19:40:00+00:00,9050.61,9050.62,9048.6,9049.1,40
2026-08-28T19:45:00+00:00,9049.1,9049.11,9043.6,9046.61,47
2026-08-28T19:50:00+00:00,9046.61,9048.6,9045.61,9048.12,78
2026-08-28T19:55:00+00:00,9048.12,9052.62,9046.61,9048.62,112
2026-08-28T20:00:00+00:00,9048.62,9050.62,9048.11,9050.62,37
2026-08-28T20:05:00+00:00,9050.62,9050.62,9048.6,9049.12,23
2026-08-28T20:10:00+00:00,9049.12,9051.61,9049.11,9050.62,82
2026-08-28T20:15:00+00:00,9050.62,9051.62,9050.62,9051.62,4
2026-08-28T20:20:00+00:00,9051.62,9051.62,9050.6,9050.6,1
2026-08-28T20:25:00+00:00,9050.6,9050.62,9050.11,9050.11,11
2026-08-28T20:30:00+00:00,9050.11,9050.12,9049.1,9050.12,23
2026-08-28T20:35:00+00:00,9050.12,9053.12,9050.1,9053.11,35
2026-08-28T20:40:00+00:00,9053.11,9053.62,9052.6,9053.62,28
2026-08-30T23:50:00+00:00,9053.62,9055.38,9040.37,9053.88,164
2026-08-30T23:55:00+00:00,9053.88,9060.88,9051.88,9057.38,227
2026-08-31T00:00:00+00:00,9057.38,9077.26,9055.27,9059.26,699
2026-08-31T00:05:00+00:00,9059.26,9076.27,9056.26,9074.28,330
2026-08-31T00:10:00+00:00,9074.28,9079.26,9067.26,9078.28,267
2026-08-31T00:15:00+00:00,9078.28,9079.27,9065.27,9070.28,202
2026-08-31T00:20:00+00:00,9070.28,9084.77,9070.28,9084.77,169
2026-08-31T00:25:00+00:00,9084.77,9087.78,9081.77,9086.77,222
2026-08-31T00:30:00+00:00,9086.77,9092.28,9081.26,9090.27,198
2026-08-31T00:35:00+00:00,9090.27,9092.28,9086.78,9089.76,121
2026-08-31T00:40:00+00:00,9089.76,9094.27,9087.76,9093.27,100
2026-08-31T00:45:00+00:00,9093.27,9102.27,9092.76,9095.77,137
2026-08-31T00:50:00+00:00,9095.77,9096.76,9082.77,9087.77,76
2026-08-31T00:55:00+00:00,9087.77,9088.78,9082.28,9086.28,108
2026-08-31T01:00:00+00:00,9086.28,9105.78,9084.76,9105.78,204
2026-08-31T01:05:00+00:00,9105.78,9108.28,9100.76,9108.26,217
2026-08-31T01:10:00+00:00,9108.26,9113.26,9106.26,9110.28,167
2026-08-31T01:15:00+00:00,9110.28,9125.27,9109.78,9125.27,205
2026-08-31T01:20:00+00:00,9125.27,9125.27,9114.78,9117.77,157
2026-08-31T01:25:00+00:00,9117.77,9118.26,9114.28,9114.28,81
2026-08-31T01:30:00+00:00,9114.28,9114.28,9103.27,9109.77,180
2026-08-31T01:35:00+00:00,9109.77,9109.77,9099.27,9100.76,117
2026-08-31T01:40:00+00:00,9100.76,9104.76,9098.26,9100.78,81
2026-08-31T01:45:00+00:00,9100.78,9102.26,9097.26,9099.28,97
2026-08-31T01:50:00+00:00,9099.28,9099.28,9095.26,9095.26,58
2026-08-31T01:55:00+00:00,9095.26,9097.28,9089.76,9090.26,78
2026-08-31T02:00:00+00:00,9090.26,9092.78,9084.76,9091.76,122
2026-08-31T02:05:00+00:00,9091.76,9094.28,9087.76,9092.26,68
2026-08-31T02:10:00+00:00,9092.26,9097.26,9092.26,9095.78,75
2026-08-31T02:15:00+00:00,9095.78,9098.27,9088.77,9091.28,110
2026-08-31T02:20:00+00:00,9091.28,9094.28,9088.28,9091.27,120
2026-08-31T02:25:00+00:00,9091.27,9091.27,9084.27,9088.77,64
2026-08-31T02:30:00+00:00,9088.77,9095.26,9087.27,9088.26,117
2026-08-31T02:35:00+00:00,9088.26,9095.76,9085.28,9094.28,69
2026-08-31T02:40:00+00:00,9094.28,9094.28,9087.26,9087.26,80
2026-08-31T02:45:00+00:00,9087.26,9091.28,9087.26,9088.76,69
2026-08-31T02:50:00+00:00,9088.76,9094.28,9088.26,9092.78,57
2026-08-31T02:55:00+00:00,9092.78,9097.28,9091.77,9097.26,70
2026-08-31T03:00:00+00:00,9097.26,9101.78,9097.26,9097.28,47
2026-08-31T03:05:00+00:00,9097.28,9100.78,9092.26,9092.28,80
2026-08-31T03:10:00+00:00,9092.28,9099.77,9092.28,9097.77,44
2026-08-31T03:15:00+00:00,9097.77,9098.27,9096.26,9097.28,75
2026-08-31T03:20:00+00:00,9097.28,9097.78,9095.26,9097.78,23
2026-08-31T03:25:00+00:00,9097.78,9100.27,9094.28,9096.76,44
2026-08-31T03:30:00+00:00,9096.76,9096.78,9092.76,9093.78,37
2026-08-31T03:35:00+00:00,9093.78,9095.28,9092.27,9093.76,27
2026-08-31T03:40:00+00:00,9093.76,9093.78,9089.27,9089.76,32
2026-08-31T03:45:00+00:00,9089.76,9090.28,9086.78,9086.78,56
2026-08-31T03:50:00+00:00,9086.78,9088.28,9083.26,9083.26,47
2026-08-31T03:55:00+00:00,9083.26,9083.78,9080.77,9082.27,38
2026-08-31T04:00:00+00:00,9082.27,9083.27,9080.28,9082.28,42
2026-08-31T04:05:00+00:00,9082.28,9082.28,9079.26,9079.27,37
2026-08-31T04:10:00+00:00,9079.27,9079.27,9075.27,9078.28,35
2026-08-31T04:15:00+00:00,9078.28,9079.28,9076.27,9078.76,41
2026-08-31T04:20:00+00:00,9078.76,9081.26,9078.27,9079.28,25
2026-08-31T04:25:00+00:00,9079.28,9079.28,9076.77,9078.26,35
2026-08-31T04:30:00+00:00,9078.26,9078.27,9070.26,9070.77,49
2026-08-31T04:35:00+00:00,9070.77,9074.76,9070.77,9072.26,72
2026-08-31T04:40:00+00:00,9072.26,9072.26,9068.27,9069.26,25
2026-08-31T04:45:00+00:00,9069.26,9071.28,9067.77,9068.26,42
2026-08-31T04:50:00+00:00,9068.26,9068.28,9065.26,9067.27,39
2026-08-31T04:55:00+00:00,9067.27,9073.28,9065.76,9069.76,48
2026-08-31T05:00:00+00:00,9069.76,9074.26,9069.27,9074.26,41
2026-08-31T05:05:00+00:00,9074.26,9075.28,9070.28,9071.77,37
2026-08-31T05:10:00+00:00,9071.77,9077.28,9070.27,9077.28,47
2026-08-31T05:15:00+00:00,9077.28,9078.78,9076.77,9077.27,59
2026-08-31T05:20:00+00:00,9077.27,9077.27,9071.27,9074.26,57
2026-08-31T05:25:00+00:00,9074.26,9078.27,9074.26,9078.27,15
2026-08-31T05:30:00+00:00,9078.27,9078.78,9072.26,9073.26,83
2026-08-31T05:35:00+00:00,9073.26,9073.26,9071.27,9073.26,21
2026-08-31T05:40:00+00:00,9073.26,9078.27,9073.26,9077.78,69
2026-08-31T05:45:00+00:00,9077.78,9078.28,9075.26,9075.78,25
2026-08-31T05:50:00+00:00,9075.78,9081.26,9075.76,9077.28,65
2026-08-31T05:55:00+00:00,9077.28,9079.77,9076.27,9078.78,65
2026-08-31T06:00:00+00:00,9078.78,9079.88,9074.37,9077.37,48
2026-08-31T06:05:00+00:00,9077.37,9077.86,9068.86,9071.87,208
2026-08-31T06:10:00+00:00,9071.87,9071.88,9056.88,9065.86,293
2026-08-31T06:15:00+00:00,9065.86,9069.37,9065.36,9065.36,57
2026-08-31T06:20:00+00:00,9065.36,9070.36,9062.87,9070.36,97
2026-08-31T06:25:00+00:00,9070.36,9070.37,9065.87,9070.17,51
2026-08-31T07:10:00+00:00,9070.17,9076.38,9066.87,9075.37,88
2026-08-31T07:15:00+00:00,9075.37,9078.36,9074.36,9074.86,28
2026-08-31T07:20:00+00:00,9074.86,9076.38,9073.87,9075.38,52
2026-08-31T07:25:00+00:00,9075.38,9076.36,9073.38,9073.87,27
2026-08-31T07:30:00+00:00,9073.87,9075.88,9072.36,9074.86,60
2026-08-31T07:35:00+00:00,9074.86,9077.38,9074.86,9075.86,40
2026-08-31T07:40:00+00:00,9075.86,9075.88,9074.87,9075.87,29
2026-08-31T07:45:00+00:00,9075.87,9077.88,9075.87,9077.88,23
2026-08-31T07:50:00+00:00,9077.88,9077.88,9074.86,9077.87,63
2026-08-31T07:55:00+00:00,9077.87,9083.87,9077.87,9083.87,46
2026-08-31T08:00:00+00:00,9083.87,9090.38,9082.86,9088.38,134
2026-08-31T08:05:00+00:00,9088.38,9088.88,9084.86,9086.88,71
2026-08-31T08:10:00+00:00,9086.88,9086.88,9083.86,9083.87,29
2026-08-31T08:15:00+00:00,9083.87,9085.38,9082.86,9084.88,21
2026-08-31T08:20:00+00:00,9084.88,9085.88,9083.36,9085.38,39
2026-08-31T08:25:00+00:00,9085.38,9085.88,9084.36,9085.36,32
2026-08-31T08:30:00+00:00,9085.36,9086.87,9084.38,9086.87,30
2026-08-31T08:35:00+00:00,9086.87,9087.88,9084.37,9084.88,23
2026-08-31T08:40:00+00:00,9084.88,9085.36,9081.36,9081.86,27
2026-08-31T08:45:00+00:00,9081.86,9085.86,9081.86,9085.37,32
2026-08-31T08:50:00+00:00,9085.37,9086.38,9084.88,9084.88,12
2026-08-31T08:55:00+00:00,9084.88,9085.88,9083.36,9083.36,16
2026-08-31T09:00:00+00:00,9083.36,9084.88,9081.88,9082.87,23
2026-08-31T09:05:00+00:00,9082.87,9084.37,9080.86,9080.86,30
2026-08-31T09:10:00+00:00,9080.86,9086.87,9080.37,9086.86,40
2026-08-31T09:15:00+00:00,9086.86,9088.88,9085.88,9087.37,19
2026-08-31T09:20:00+00:00,9087.37,9087.37,9083.88,9084.86,20
2026-08-31T09:25:00+00:00,9084.86,9084.86,9082.36,9083.37,15
2026-08-31T09:30:00+00:00,9083.37,9083.88,9081.86,9083.87,41
2026-08-31T09:35:00+00:00,9083.87,9084.87,9082.86,9082.86,20
2026-08-31T09:40:00+00:00,9082.86,9082.88,9082.86,9082.87,7
2026-08-31T09:45:00+00:00,9082.87,9082.87,9076.88,9076.88,22
2026-08-31T09:50:00+00:00,9076.88,9078.36,9076.86,9078.36,26
2026-08-31T09:55:00+00:00,9078.36,9079.87,9076.87,9077.87,16
2026-08-31T10:00:00+00:00,9077.87,9078.38,9076.86,9077.88,51
2026-08-31T10:05:00+00:00,9077.88,9078.88,9075.86,9075.86,35
2026-08-31T10:10:00+00:00,9075.86,9076.88,9074.87,9076.88,26
2026-08-31T10:15:00+00:00,9076.88,9076.88,9072.86,9073.38,26
2026-08-31T10:20:00+00:00,9073.38,9074.38,9071.86,9073.36,42
2026-08-31T10:25:00+00:00,9073.36,9077.38,9073.36,9075.87,31
2026-08-31T10:30:00+00:00,9075.87,9076.37,9073.86,9074.87,25
2026-08-31T10:35:00+00:00,9074.87,9076.86,9073.88,9076.36,32
2026-08-31T10:40:00+00:00,9076.36,9076.88,9076.36,9076.37,9
2026-08-31T10:45:00+00:00,9076.37,9077.88,9075.87,9077.38,9
2026-08-31T10:50:00+00:00,9077.38,9083.38,9077.38,9081.88,27
2026-08-31T10:55:00+00:00,9081.88,9081.88,9080.36,9081.37,27
2026-08-31T11:00:00+00:00,9081.37,9085.37,9081.37,9084.87,35
2026-08-31T11:05:00+00:00,9084.87,9089.88,9084.86,9089.88,45
2026-08-31T11:10:00+00:00,9089.88,9091.87,9089.86,9089.86,32
2026-08-31T11:15:00+00:00,9089.86,9092.37,9089.86,9091.86,18
2026-08-31T11:20:00+00:00,9091.86,9091.86,9088.36,9088.88,31
2026-08-31T11:25:00+00:00,9088.88,9089.88,9088.36,9089.87,33
2026-08-31T11:30:00+00:00,9089.87,9089.88,9085.88,9085.88,29
2026-08-31T11:35:00+00:00,9085.88,9085.88,9082.86,9083.36,17
2026-08-31T11:40:00+00:00,9083.36,9087.38,9081.87,9083.88,53
2026-08-31T11:45:00+00:00,9083.88,9084.38,9081.86,9082.38,39
2026-08-31T11:50:00+00:00,9082.38,9086.88,9082.38,9086.88,29
2026-08-31T11:55:00+00:00,9086.88,9088.37,9085.88,9087.88,17
2026-08-31T12:00:00+00:00,9087.88,9089.38,9086.87,9088.36,44
2026-08-31T12:05:00+00:00,9088.36,9092.38,9082.37,9088.87,95
2026-08-31T12:10:00+00:00,9088.87,9089.87,9087.36,9088.88,88
2026-08-31T12:15:00+00:00,9088.88,9091.88,9088.88,9091.38,36
2026-08-31T12:20:00+00:00,9091.38,9092.87,9082.88,9082.88,55
2026-08-31T12:25:00+00:00,9082.88,9084.87,9075.86,9077.87,217
2026-08-31T12:30:00+00:00,9077.87,9077.88,9074.37,9075.36,51
2026-08-31T12:35:00+00:00,9075.36,9077.88,9071.86,9071.88,83
2026-08-31T12:40:00+00:00,9071.88,9071.88,9068.36,9070.88,101
2026-08-31T12:45:00+00:00,9070.88,9071.87,9066.86,9069.36,69
2026-08-31T12:50:00+00:00,9069.36,9071.88,9068.86,9068.86,52
2026-08-31T12:55:00+00:00,9068.86,9072.87,9068.86,9071.86,61
2026-08-31T13:00:00+00:00,9071.86,9072.37,9069.86,9070.86,71
2026-08-31T13:05:00+00:00,9070.86,9073.36,9070.86,9072.37,28
2026-08-31T13:10:00+00:00,9072.37,9073.87,9072.37,9073.87,7
2026-08-31T13:15:00+00:00,9073.87,9076.87,9071.86,9071.86,48
2026-08-31T13:20:00+00:00,9071.86,9072.88,9070.87,9071.37,23
2026-08-31T13:25:00+00:00,9071.37,9072.88,9070.86,9071.86,84
2026-08-31T13:30:00+00:00,9071.86,9071.86,9057.36,9057.36,95
2026-08-31T13:35:00+00:00,9057.36,9063.38,9054.87,9060.87,78
2026-08-31T13:40:00+00:00,9060.87,9060.88,9054.36,9054.36,87
2026-08-31T13:45:00+00:00,9054.36,9057.87,9047.88,9047.88,97
2026-08-31T13:50:00+00:00,9047.88,9047.88,9041.86,9042.88,69
2026-08-31T13:55:00+00:00,9042.88,9043.88,9041.36,9043.38,93
2026-08-31T14:00:00+00:00,9043.38,9047.88,9040.86,9046.37,100
2026-08-31T14:05:00+00:00,9046.37,9049.37,9041.86,9043.87,74
2026-08-31T14:10:00+00:00,9043.87,9047.36,9043.86,9045.88,65
2026-08-31T14:15:00+00:00,9045.88,9049.87,9044.86,9046.88,46
2026-08-31T14:20:00+00:00,9046.88,9047.86,9037.87,9037.87,58
2026-08-31T14:25:00+00:00,9037.87,9039.38,9035.87,9037.88,71
2026-08-31T14:30:00+00:00,9037.88,9041.88,9037.38,9041.38,60
2026-08-31T14:35:00+00:00,9041.38,9053.86,9040.88,9051.36,70
2026-08-31T14:40:00+00:00,9051.36,9051.88,9048.36,9048.87,76
2026-08-31T14:45:00+00:00,9048.87,9049.36,9044.87,9045.86,53
2026-08-31T14:50:00+00:00,9045.86,9051.86,9045.86,9050.88,74
2026-08-31T14:55:00+00:00,9050.88,9057.37,9050.87,9052.86,66
2026-08-31T15:00:00+00:00,9052.86,9058.38,9049.37,9050.38,109
2026-08-31T15:05:00+00:00,9050.38,9053.38,9046.87,9048.88,54
2026-08-31T15:10:00+00:00,9048.88,9051.38,9047.87,9049.88,83
2026-08-31T15:15:00+00:00,9049.88,9049.88,9045.86,9047.86,51
2026-08-31T15:20:00+00:00,9047.86,9047.87,9043.86,9044.87,50
2026-08-31T15:25:00+00:00,9044.87,9048.87,9043.86,9046.88,62
2026-08-31T15:30:00+00:00,9046.88,9047.88,9042.87,9044.38,143
2026-08-31T15:35:00+00:00,9044.38,9045.37,9041.88,9042.87,71
2026-08-31T15:40:00+00:00,9042.87,9044.88,9042.86,9043.88,54
2026-08-31T15:45:00+00:00,9043.88,9047.37,9043.86,9045.88,47
2026-08-31T15:50:00+00:00,9045.88,9046.87,9043.86,9044.38,50
2026-08-31T15:55:00+00:00,9044.38,9044.38,9038.87,9038.87,29
2026-08-31T16:00:00+00:00,9038.87,9042.88,9037.88,9040.86,54
2026-08-31T16:05:00+00:00,9040.86,9041.88,9039.86,9039.88,66
2026-08-31T16:10:00+00:00,9039.88,9044.88,9038.86,9044.38,97
2026-08-31T16:15:00+00:00,9044.38,9044.88,9041.87,9044.88,27
2026-08-31T16:20:00+00:00,9044.88,9044.88,9039.87,9041.88,39
2026-08-31T16:25:00+00:00,9041.88,9043.38,9041.86,9042.86,34
2026-08-31T16:30:00+00:00,9042.86,9043.87,9040.86,9041.86,36
2026-08-31T16:35:00+00:00,9041.86,9042.37,9036.86,9037.36,29
2026-08-31T16:40:00+00:00,9037.36,9041.88,9037.36,9040.87,30
2026-08-31T16:45:00+00:00,9040.87,9040.87,9037.86,9038.86,22
2026-08-31T16:50:00+00:00,9038.86,9039.88,9037.86,9037.87,34
2026-08-31T16:55:00+00:00,9037.87,9038.88,9036.86,9038.37,19
2026-08-31T17:00:00+00:00,9038.37,9038.87,9036.86,9036.87,38
2026-08-31T17:05:00+00:00,9036.87,9037.88,9034.86,9036.38,45
2026-08-31T17:10:00+00:00,9036.38,9038.87,9035.86,9037.86,34
2026-08-31T17:15:00+00:00,9037.86,9038.88,9036.36,9037.38,28
2026-08-31T17:20:00+00:00,9037.38,9037.87,9036.36,9036.87,20
2026-08-31T17:25:00+00:00,9036.87,9036.87,9033.87,9034.88,25
2026-08-31T17:30:00+00:00,9034.88,9036.87,9033.86,9035.86,33
2026-08-31T17:35:00+00:00,9035.86,9037.86,9035.38,9037.86,33
2026-08-31T17:40:00+00:00,9037.86,9040.87,9037.86,9040.36,57
2026-08-31T17:45:00+00:00,9040.36,9040.88,9039.36,9040.38,32
2026-08-31T17:50:00+00:00,9040.38,9042.37,9039.86,9040.86,23
2026-08-31T17:55:00+00:00,9040.86,9040.86,9038.36,9038.86,35
2026-08-31T18:00:00+00:00,9038.86,9040.87,9037.87,9039.37,44
2026-08-31T18:05:00+00:00,9039.37,9039.37,9038.36,9038.86,26
2026-08-31T18:10:00+00:00,9038.86,9038.88,9037.36,9038.88,27
2026-08-31T18:15:00+00:00,9038.88,9038.88,9037.86,9037.88,39
2026-08-31T18:20:00+00:00,9037.88,9038.88,9037.86,9038.87,71
2026-08-31T18:25:00+00:00,9038.87,9038.87,9036.86,9037.37,22
2026-08-31T18:30:00+00:00,9037.37,9037.37,9034.86,9035.86,15
2026-08-31T18:35:00+00:00,9035.86,9035.88,9032.88,9033.88,28
2026-08-31T18:40:00+00:00,9033.88,9035.38,9032.86,9035.38,22
2026-08-31T18:45:00+00:00,9035.38,9036.88,9034.87,9036.88,19
2026-08-31T18:50:00+00:00,9036.88,9038.38,9036.86,9037.86,16
2026-08-31T18:55:00+00:00,9037.86,9039.88,9037.86,9039.37,9
2026-08-31T19:00:00+00:00,9039.37,9040.88,9039.36,9039.86,9
2026-08-31T19:05:00+00:00,9039.86,9039.88,9038.86,9039.88,21
2026-08-31T19:10:00+00:00,9039.88,9039.88,9039.86,9039.86,9
2026-08-31T19:15:00+00:00,9039.86,9040.86,9038.87,9039.86,11
2026-08-31T19:20:00+00:00,9039.86,9041.88,9039.86,9041.88,10
2026-08-31T19:25:00+00:00,9041.88,9042.88,9041.86,9042.36,11
2026-08-31T19:30:00+00:00,9042.36,9042.88,9041.86,9042.38,26
2026-08-31T19:35:00+00:00,9042.38,9043.88,9042.38,9043.38,6
2026-08-31T19:40:00+00:00,9043.38,9044.88,9042.86,9044.88,13
2026-08-31T19:45:00+00:00,9044.88,9047.88,9043.88,9047.86,27
2026-08-31T19:50:00+00:00,9047.86,9050.88,9047.86,9049.87,45
2026-08-31T19:55:00+00:00,9049.87,9052.87,9046.38,9046.38,104
2026-08-31T20:00:00+00:00,9046.38,9048.88,9044.88,9044.88,65
2026-08-31T20:05:00+00:00,9044.88,9047.87,9044.88,9046.88,17
2026-08-31T20:10:00+00:00,9046.88,9048.37,9046.36,9047.37,28
2026-08-31T20:15:00+00:00,9047.37,9047.86,9046.86,9046.86,9
2026-08-31T20:20:00+00:00,9046.86,9046.88,9046.36,9046.88,7
2026-08-31T20:25:00+00:00,9046.88,9047.38,9046.38,9046.38,6
2026-08-31T20:30:00+00:00,9046.38,9047.37,9046.36,9046.86,10
2026-08-31T20:35:00+00:00,9046.86,9047.38,9046.85,9047.38,3
2026-08-31T20:40:00+00:00,9047.38,9047.88,9046.37,9047.38,15
2026-08-31T20:45:00+00:00,9047.38,9047.38,9045.87,9046.36,9
2026-08-31T20:50:00+00:00,9046.36,9047.38,9046.36,9047.36,5
2026-08-31T20:55:00+00:00,9047.36,9051.67,9046.16,9051.67,20
2026-08-31T23:50:00+00:00,9051.67,9051.67,9016.82,9017.84,58
2026-08-31T23:55:00+00:00,9017.84,9025.84,9016.33,9024.82,83
2026-09-01T00:00:00+00:00,9024.82,9032.72,9023.24,9029.74,326
2026-09-01T00:05:00+00:00,9029.74,9041.74,9029.74,9038.22,254
2026-09-01T00:10:00+00:00,9038.22,9041.74,9029.73,9034.73,206
2026-09-01T00:15:00+00:00,9034.73,9035.73,9026.73,9034.23,212
2026-09-01T00:20:00+00:00,9034.23,9040.24,9034.23,9038.72,72
2026-09-01T00:25:00+00:00,9038.72,9040.73,9035.73,9037.23,112
2026-09-01T00:30:00+00:00,9037.23,9052.23,9036.72,9052.23,96
2026-09-01T00:35:00+00:00,9052.23,9052.74,9039.72,9039.72,122
2026-09-01T00:40:00+00:00,9039.72,9045.73,9039.72,9041.72,84
2026-09-01T00:45:00+00:00,9041.72,9044.23,9037.22,9040.73,116
2026-09-01T00:50:00+00:00,9040.73,9043.73,9032.22,9033.74,131
2026-09-01T00:55:00+00:00,9033.74,9033.74,9029.23,9033.72,92
2026-09-01T01:00:00+00:00,9033.72,9033.72,9028.73,9028.74,101
2026-09-01T01:05:00+00:00,9028.74,9031.72,9024.72,9029.74,112
2026-09-01T01:10:00+00:00,9029.74,9030.74,9026.22,9029.73,60
2026-09-01T01:15:00+00:00,9029.73,9031.24,9025.73,9026.72,67
2026-09-01T01:20:00+00:00,9026.72,9029.72,9019.72,9021.74,67
2026-09-01T01:25:00+00:00,9021.74,9021.74,9019.74,9020.72,39
2026-09-01T01:30:00+00:00,9020.72,9020.73,9015.72,9017.72,70
2026-09-01T01:35:00+00:00,9017.72,9026.73,9017.24,9026.24,88
2026-09-01T01:40:00+00:00,9026.24,9027.24,9020.72,9026.24,52
2026-09-01T01:45:00+00:00,9026.24,9031.23,9025.73,9026.23,60
2026-09-01T01:50:00+00:00,9026.23,9029.24,9025.24,9026.22,36
2026-09-01T01:55:00+00:00,9026.22,9037.23,9026.22,9037.23,56
2026-09-01T02:00:00+00:00,9037.23,9045.72,9036.23,9045.24,66
2026-09-01T02:05:00+00:00,9045.24,9045.74,9042.73,9043.73,49
2026-09-01T02:10:00+00:00,9043.73,9045.74,9036.72,9037.73,63
2026-09-01T02:15:00+00:00,9037.73,9038.72,9034.72,9034.72,42
2026-09-01T02:20:00+00:00,9034.72,9040.74,9034.72,9040.73,65
2026-09-01T02:25:00+00:00,9040.73,9045.73,9040.73,9043.23,60
2026-09-01T02:30:00+00:00,9043.23,9053.24,9041.74,9052.74,85
2026-09-01T02:35:00+00:00,9052.74,9052.74,9045.72,9045.74,65
2026-09-01T02:40:00+00:00,9045.74,9048.73,9042.24,9042.72,29
2026-09-01T02:45:00+00:00,9042.72,9044.23,9041.22,9041.73,54
2026-09-01T02:50:00+00:00,9041.73,9042.73,9037.72,9037.72,45
2026-09-01T02:55:00+00:00,9037.72,9045.73,9037.72,9044.72,52
2026-09-01T03:00:00+00:00,9044.72,9045.74,9042.73,9045.72,58
2026-09-01T03:05:00+00:00,9045.72,9048.73,9043.22,9043.22,33
2026-09-01T03:10:00+00:00,9043.22,9045.73,9042.72,9044.22,28
2026-09-01T03:15:00+00:00,9044.22,9044.74,9040.24,9040.74,40
2026-09-01T03:20:00+00:00,9040.74,9041.24,9037.72,9037.72,43
2026-09-01T03:25:00+00:00,9037.72,9038.72,9033.74,9033.74,28
2026-09-01T03:30:00+00:00,9033.74,9033.74,9029.22,9030.24,40
2026-09-01T03:35:00+00:00,9030.24,9037.23,9028.72,9036.74,43
2026-09-01T03:40:00+00:00,9036.74,9037.22,9035.23,9035.23,26
2026-09-01T03:45:00+00:00,9035.23,9037.74,9035.23,9036.74,33
2026-09-01T03:50:00+00:00,9036.74,9038.24,9031.74,9032.72,46
2026-09-01T03:55:00+00:00,9032.72,9032.73,9027.74,9027.74,51
2026-09-01T04:00:00+00:00,9027.74,9030.23,9027.72,9029.74,29
2026-09-01T04:05:00+00:00,9029.74,9032.73,9028.72,9029.73,47
2026-09-01T04:10:00+00:00,9029.73,9036.24,9029.73,9034.24,39
2026-09-01T04:15:00+00:00,9034.24,9037.22,9033.22,9033.72,40
2026-09-01T04:20:00+00:00,9033.72,9037.74,9033.72,9037.72,27
2026-09-01T04:25:00+00:00,9037.72,9037.72,9033.74,9034.74,16
2026-09-01T04:30:00+00:00,9034.74,9037.24,9034.24,9037.23,25
2026-09-01T04:35:00+00:00,9037.23,9041.74,9037.23,9040.24,37
2026-09-01T04:40:00+00:00,9040.24,9042.24,9040.24,9040.74,46
2026-09-01T04:45:00+00:00,9040.74,9046.23,9040.74,9044.73,55
2026-09-01T04:50:00+00:00,9044.73,9044.73,9038.72,9038.74,28
2026-09-01T04:55:00+00:00,9038.74,9040.72,9037.74,9039.23,16
2026-09-01T05:00:00+00:00,9039.23,9041.23,9038.22,9041.23,45
2026-09-01T05:05:00+00:00,9041.23,9043.73,9040.72,9043.24,41
2026-09-01T05:10:00+00:00,9043.24,9047.73,9043.24,9046.24,46
2026-09-01T05:15:00+00:00,9046.24,9048.74,9046.24,9047.22,21
2026-09-01T05:20:00+00:00,9047.22,9049.23,9046.72,9047.74,30
2026-09-01T05:25:00+00:00,9047.74,9048.74,9045.72,9048.22,40
2026-09-01T05:30:00+00:00,9048.22,9053.73,9047.74,9053.72,57
2026-09-01T05:35:00+00:00,9053.72,9063.23,9053.72,9061.72,80
2026-09-01T05:40:00+00:00,9061.72,9065.73,9061.72,9065.72,59
2026-09-01T05:45:00+00:00,9065.72,9066.74,9062.73,9064.72,26
2026-09-01T05:50:00+00:00,9064.72,9066.74,9061.72,9065.23,48
2026-09-01T05:55:00+00:00,9065.23,9066.74,9063.72,9064.24,63
2026-09-01T06:00:00+00:00,9064.24,9065.84,9061.32,9064.83,71
2026-09-01T06:05:00+00:00,9064.83,9068.32,9062.32,9062.84,110
2026-09-01T06:10:00+00:00,9062.84,9062.84,9058.32,9058.83,81
2026-09-01T06:15:00+00:00,9058.83,9059.32,9054.33,9058.34,52
2026-09-01T06:20:00+00:00,9058.34,9059.82,9054.33,9054.84,36
2026-09-01T06:25:00+00:00,9054.84,9058.34,9048.82,9049.63,81
2026-09-01T07:10:00+00:00,9049.63,9062.32,9042.84,9062.32,97
2026-09-01T07:15:00+00:00,9062.32,9062.32,9054.34,9058.34,67
2026-09-01T07:20:00+00:00,9058.34,9058.84,9052.84,9052.84,75
2026-09-01T07:25:00+00:00,9052.84,9053.34,9050.34,9052.33,44
2026-09-01T07:30:00+00:00,9052.33,9052.84,9048.32,9049.33,86
2026-09-01T07:35:00+00:00,9049.33,9050.33,9043.84,9045.82,116
2026-09-01T07:40:00+00:00,9045.82,9047.32,9042.84,9042.84,90
2026-09-01T07:45:00+00:00,9042.84,9046.82,9037.83,9045.84,103
2026-09-01T07:50:00+00:00,9045.84,9046.84,9043.82,9046.33,132
2026-09-01T07:55:00+00:00,9046.33,9048.84,9044.33,9047.83,145
2026-09-01T08:00:00+00:00,9047.83,9048.33,9043.33,9046.82,181
2026-09-01T08:05:00+00:00,9046.82,9051.34,9030.82,9032.32,486
2026-09-01T08:10:00+00:00,9032.32,9033.33,9025.34,9029.32,208
2026-09-01T08:15:00+00:00,9029.32,9032.83,9020.32,9023.32,226
2026-09-01T08:20:00+00:00,9023.32,9025.33,9015.84,9015.84,222
2026-09-01T08:25:00+00:00,9015.84,9016.83,9011.33,9011.84,188
2026-09-01T08:30:00+00:00,9011.84,9012.83,9006.32,9006.32,140
2026-09-01T08:35:00+00:00,9006.32,9007.33,9000.34,9001.34,193
2026-09-01T08:40:00+00:00,9001.34,9004.33,8992.84,8993.32,226
2026-09-01T08:45:00+00:00,8993.32,8996.33,8990.32,8995.33,204
2026-09-01T08:50:00+00:00,8995.33,9005.33,8991.82,9005.33,187
2026-09-01T08:55:00+00:00,9005.33,9009.34,8998.82,8998.84,179
2026-09-01T09:00:00+00:00,8998.84,9008.32,8998.33,9008.32,193
2026-09-01T09:05:00+00:00,9008.32,9009.33,9003.32,9004.32,195
2026-09-01T09:10:00+00:00,9004.32,9007.34,9003.32,9004.33,159
2026-09-01T09:15:00+00:00,9004.33,9008.34,9003.32,9007.34,169
2026-09-01T09:20:00+00:00,9007.34,9009.34,9002.82,9003.33,105
2026-09-01T09:25:00+00:00,9003.33,9006.33,9001.32,9006.32,159
2026-09-01T09:30:00+00:00,9006.32,9008.34,9002.84,9004.82,174
2026-09-01T09:35:00+00:00,9004.82,9005.34,9002.32,9003.33,118
2026-09-01T09:40:00+00:00,9003.33,9007.84,8999.32,9006.84,87
2026-09-01T09:45:00+00:00,9006.84,9009.34,9004.32,9004.32,78
2026-09-01T09:50:00+00:00,9004.32,9007.34,9003.34,9004.34,94
2026-09-01T09:55:00+00:00,9004.34,9005.34,9001.33,9001.33,73
2026-09-01T10:00:00+00:00,9001.33,9004.84,8999.32,9000.83,118
2026-09-01T10:05:00+00:00,9000.83,9003.34,8999.32,9003.33,108
2026-09-01T10:10:00+00:00,9003.33,9010.33,9003.33,9009.83,82
2026-09-01T10:15:00+00:00,9009.83,9014.34,9009.83,9014.34,82
2026-09-01T10:20:00+00:00,9014.34,9021.34,9014.33,9020.32,101
2026-09-01T10:25:00+00:00,9020.32,9023.84,9020.32,9021.82,93
2026-09-01T10:30:00+00:00,9021.82,9025.83,9021.32,9023.33,101
2026-09-01T10:35:00+00:00,9023.33,9024.84,9022.32,9022.34,75
2026-09-01T10:40:00+00:00,9022.34,9023.84,9020.32,9021.83,85
2026-09-01T10:45:00+00:00,9021.83,9025.84,9020.33,9022.33,98
2026-09-01T10:50:00+00:00,9022.33,9022.33,9016.32,9017.34,158
2026-09-01T10:55:00+00:00,9017.34,9021.32,9016.33,9020.33,95
2026-09-01T11:00:00+00:00,9020.33,9021.84,9016.82,9018.34,126
2026-09-01T11:05:00+00:00,9018.34,9021.33,9014.84,9019.33,101
2026-09-01T11:10:00+00:00,9019.33,9023.33,9017.34,9018.34,70
2026-09-01T11:15:00+00:00,9018.34,9019.34,9016.82,9016.83,77
2026-09-01T11:20:00+00:00,9016.83,9020.84,9016.83,9019.33,104
2026-09-01T11:25:00+00:00,9019.33,9023.32,9019.32,9022.33,57
2026-09-01T11:30:00+00:00,9022.33,9026.33,9021.84,9024.83,68
2026-09-01T11:35:00+00:00,9024.83,9031.33,9024.32,9030.33,81
2026-09-01T11:40:00+00:00,9030.33,9032.82,9030.33,9031.34,54
2026-09-01T11:45:00+00:00,9031.34,9037.34,9031.33,9034.83,61
2026-09-01T11:50:00+00:00,9034.83,9036.84,9030.33,9030.33,88
2026-09-01T11:55:00+00:00,9030.33,9030.34,9024.32,9025.32,111
2026-09-01T12:00:00+00:00,9025.32,9026.34,9022.83,9024.82,179
2026-09-01T12:05:00+00:00,9024.82,9028.84,9024.82,9025.34,96
2026-09-01T12:10:00+00:00,9025.34,9026.84,9020.83,9026.83,76
2026-09-01T12:15:00+00:00,9026.83,9031.33,9026.82,9029.84,70
2026-09-01T12:20:00+00:00,9029.84,9030.32,9026.34,9027.84,83
2026-09-01T12:25:00+00:00,9027.84,9033.84,9027.84,9032.34,75
2026-09-01T12:30:00+00:00,9032.34,9032.84,9028.33,9031.34,159
2026-09-01T12:35:00+00:00,9031.34,9036.34,9028.32,9032.82,168
2026-09-01T12:40:00+00:00,9032.82,9032.84,9029.33,9031.33,131
2026-09-01T12:45:00+00:00,9031.33,9037.84,9031.33,9035.84,74
2026-09-01T12:50:00+00:00,9035.84,9038.34,9034.32,9037.34,44
2026-09-01T12:55:00+00:00,9037.34,9037.84,9034.33,9034.33,97
2026-09-01T13:00:00+00:00,9034.33,9035.32,9022.33,9022.33,122
2026-09-01T13:05:00+00:00,9022.33,9026.84,9021.82,9022.34,89
2026-09-01T13:10:00+00:00,9022.34,9023.34,9020.33,9020.82,125
2026-09-01T13:15:00+00:00,9020.82,9024.83,9020.33,9023.83,65
2026-09-01T13:20:00+00:00,9023.83,9026.34,9021.33,9025.32,79
2026-09-01T13:25:00+00:00,9025.32,9031.34,9024.32,9031.34,67
2026-09-01T13:30:00+00:00,9031.34,9039.33,9028.82,9033.34,216
2026-09-01T13:35:00+00:00,9033.34,9036.33,9026.33,9029.82,128
2026-09-01T13:40:00+00:00,9029.82,9030.34,9021.34,9027.33,134
2026-09-01T13:45:00+00:00,9027.33,9027.33,9020.82,9022.84,136
2026-09-01T13:50:00+00:00,9022.84,9024.34,9019.82,9020.34,136
2026-09-01T13:55:00+00:00,9020.34,9027.83,9017.33,9026.64,112
2026-09-01T14:00:00+00:00,9026.64,9027.34,9018.32,9026.83,181
2026-09-01T14:05:00+00:00,9026.83,9032.33,9026.34,9031.34,116
2026-09-01T14:10:00+00:00,9031.34,9036.84,9028.82,9036.82,152
2026-09-01T14:15:00+00:00,9036.82,9037.84,9033.82,9034.33,76
2026-09-01T14:20:00+00:00,9034.33,9040.83,9034.33,9036.33,58
2026-09-01T14:25:00+00:00,9036.33,9037.33,9031.32,9031.84,94
2026-09-01T14:30:00+00:00,9031.84,9035.33,9030.33,9035.33,125
2026-09-01T14:35:00+00:00,9035.33,9035.82,9029.32,9030.33,83
2026-09-01T14:40:00+00:00,9030.33,9030.84,9025.83,9026.32,71
2026-09-01T14:45:00+00:00,9026.32,9027.33,9019.34,9020.34,83
2026-09-01T14:50:00+00:00,9020.34,9020.34,9014.34,9014.34,72
2026-09-01T14:55:00+00:00,9014.34,9016.33,9010.82,9014.34,48
2026-09-01T15:00:00+00:00,9014.34,9016.34,9011.32,9011.32,60
2026-09-01T15:05:00+00:00,9011.32,9012.33,9006.33,9007.82,71
2026-09-01T15:10:00+00:00,9007.82,9008.34,9004.32,9004.32,89
2026-09-01T15:15:00+00:00,9004.32,9008.32,9002.83,9006.34,78
2026-09-01T15:20:00+00:00,9006.34,9006.83,9003.32,9003.32,50
2026-09-01T15:25:00+00:00,9003.32,9011.32,9001.83,9011.32,50
2026-09-01T15:30:00+00:00,9011.32,9011.33,9005.32,9009.34,124
2026-09-01T15:35:00+00:00,9009.34,9011.34,9007.83,9008.82,96
2026-09-01T15:40:00+00:00,9008.82,9010.34,9003.33,9004.84,74
2026-09-01T15:45:00+00:00,9004.84,9007.84,9004.84,9007.84,34
2026-09-01T15:50:00+00:00,9007.84,9007.84,9003.82,9004.34,62
2026-09-01T15:55:00+00:00,9004.34,9004.83,9002.32,9004.32,46
2026-09-01T16:00:00+00:00,9004.32,9006.34,9003.33,9006.33,49
2026-09-01T16:05:00+00:00,9006.33,9006.84,9001.82,9003.34,60
2026-09-01T16:10:00+00:00,9003.34,9003.34,8997.32,8997.32,102
2026-09-01T16:15:00+00:00,8997.32,8997.83,8990.34,8990.34,114
2026-09-01T16:20:00+00:00,8990.34,8990.34,8982.33,8985.32,219
2026-09-01T16:25:00+00:00,8985.32,8986.34,8979.33,8981.33,146
2026-09-01T16:30:00+00:00,8981.33,8981.34,8976.32,8977.33,207
2026-09-01T16:35:00+00:00,8977.33,8985.33,8977.32,8985.33,131
2026-09-01T16:40:00+00:00,8985.33,8987.33,8982.33,8982.82,102
2026-09-01T16:45:00+00:00,8982.82,8985.34,8982.32,8985.34,98
2026-09-01T16:50:00+00:00,8985.34,8985.84,8982.83,8984.32,98
2026-09-01T16:55:00+00:00,8984.32,8988.34,8983.83,8986.34,95
2026-09-01T17:00:00+00:00,8986.34,8986.84,8982.34,8982.84,162
2026-09-01T17:05:00+00:00,8982.84,8983.83,8980.33,8983.33,56
2026-09-01T17:10:00+00:00,8983.33,8985.33,8982.32,8984.33,53
2026-09-01T17:15:00+00:00,8984.33,8986.33,8980.32,8981.82,63
2026-09-01T17:20:00+00:00,8981.82,8983.32,8980.33,8982.32,41
2026-09-01T17:25:00+00:00,8982.32,8985.33,8977.33,8984.82,144
2026-09-01T17:30:00+00:00,8984.82,8986.34,8983.32,8984.34,93
2026-09-01T17:35:00+00:00,8984.34,8986.32,8983.32,8983.32,69
2026-09-01T17:40:00+00:00,8983.32,8986.34,8983.32,8983.33,69
2026-09-01T17:45:00+00:00,8983.33,8983.83,8980.32,8980.83,31
2026-09-01T17:50:00+00:00,8980.83,8981.34,8979.32,8979.34,93
2026-09-01T17:55:00+00:00,8979.34,8980.34,8976.32,8977.34,47
2026-09-01T18:00:00+00:00,8977.34,8978.33,8970.34,8970.34,70
2026-09-01T18:05:00+00:00,8970.34,8970.34,8960.32,8967.34,131
2026-09-01T18:10:00+00:00,8967.34,8969.83,8965.32,8966.34,53
2026-09-01T18:15:00+00:00,8966.34,8971.33,8966.34,8971.33,52
2026-09-01T18:20:00+00:00,8971.33,8973.32,8970.82,8973.32,28
2026-09-01T18:25:00+00:00,8973.32,8973.34,8968.82,8969.32,43
2026-09-01T18:30:00+00:00,8969.32,8969.34,8962.82,8964.34,84
2026-09-01T18:35:00+00:00,8964.34,8965.84,8960.32,8960.32,80
2026-09-01T18:40:00+00:00,8960.32,8961.34,8956.32,8956.32,39
2026-09-01T18:45:00+00:00,8956.32,8958.32,8954.32,8957.34,66
2026-09-01T18:50:00+00:00,8957.34,8960.84,8957.32,8958.33,56
2026-09-01T18:55:00+00:00,8958.33,8963.84,8957.34,8963.34,67
2026-09-01T19:00:00+00:00,8963.34,8967.84,8962.32,8967.84,93
2026-09-01T19:05:00+00:00,8967.84,8969.34,8966.32,8967.32,120
2026-09-01T19:10:00+00:00,8967.32,8971.83,8967.32,8971.83,78
2026-09-01T19:15:00+00:00,8971.83,8973.33,8968.32,8970.83,73
2026-09-01T19:20:00+00:00,8970.83,8971.34,8969.32,8970.33,71
2026-09-01T19:25:00+00:00,8970.33,8972.33,8969.32,8970.33,72
2026-09-01T19:30:00+00:00,8970.33,8970.33,8965.32,8968.33,118
2026-09-01T19:35:00+00:00,8968.33,8969.33,8966.32,8967.32,61
2026-09-01T19:40:00+00:00,8967.32,8969.34,8964.82,8967.34,47
2026-09-01T19:45:00+00:00,8967.34,8967.34,8962.32,8963.32,66
2026-09-01T19:50:00+00:00,8963.32,8965.83,8962.84,8965.83,65
2026-09-01T19:55:00+00:00,8965.83,8967.83,8963.84,8967.34,91
2026-09-01T20:00:00+00:00,8967.34,8970.32,8965.84,8968.83,66
2026-09-01T20:05:00+00:00,8968.83,8970.33,8968.82,8970.33,16
2026-09-01T20:10:00+00:00,8970.33,8970.34,8969.32,8969.34,24
2026-09-01T20:15:00+00:00,8969.34,8970.33,8969.32,8969.32,23
2026-09-01T20:20:00+00:00,8969.32,8970.34,8969.32,8970.33,6
2026-09-01T20:25:00+00:00,8970.33,8970.83,8968.84,8969.33,11
2026-09-01T20:30:00+00:00,8969.33,8969.33,8968.32,8968.34,13
2026-09-01T20:35:00+00:00,8968.34,8968.34,8968.32,8968.32,5
2026-09-01T20:40:00+00:00,8968.32,8970.84,8968.32,8969.84,14
2026-09-01T20:45:00+00:00,8969.84,8969.84,8969.32,8969.83,38
2026-09-01T20:50:00+00:00,8969.83,8971.33,8969.34,8970.34,16
2026-09-01T20:55:00+00:00,8970.34,8970.64,8967.82,8970.64,19
2026-09-01T23:50:00+00:00,8970.64,8970.64,8957.6,8958.09,61
2026-09-01T23:55:00+00:00,8958.09,8965.6,8956.6,8963.59,138
2026-09-02T00:00:00+00:00,8963.59,8967.5,8951.98,8960.49,442
2026-09-02T00:05:00+00:00,8960.49,8966.49,8955.5,8961.48,297
2026-09-02T00:10:00+00:00,8961.48,8963,8952.49,8954,306
2026-09-02T00:15:00+00:00,8954,8959.99,8946.99,8948,238
2026-09-02T00:20:00+00:00,8948,8959.99,8945.98,8952.98,245
2026-09-02T00:25:00+00:00,8952.98,8953,8941,8941,166
2026-09-02T00:30:00+00:00,8941,8952.48,8941,8950.5,156
2026-09-02T00:35:00+00:00,8950.5,8950.5,8942.99,8945,125
2026-09-02T00:40:00+00:00,8945,8946.99,8936,8936.49,91
2026-09-02T00:45:00+00:00,8936.49,8940.5,8933.98,8937.48,100
2026-09-02T00:50:00+00:00,8937.48,8939.49,8935.48,8938.5,51
2026-09-02T00:55:00+00:00,8938.5,8939.99,8928.98,8929.49,110
2026-09-02T01:00:00+00:00,8929.49,8938,8926.99,8932.5,232
2026-09-02T01:05:00+00:00,8932.5,8941.5,8926.5,8939.98,127
2026-09-02T01:10:00+00:00,8939.98,8945.99,8936.98,8937.5,125
2026-09-02T01:15:00+00:00,8937.5,8948,8936.5,8948,148
2026-09-02T01:20:00+00:00,8948,8956.49,8947.48,8956.49,93
2026-09-02T01:25:00+00:00,8956.49,8959,8955.5,8958.5,94
2026-09-02T01:30:00+00:00,8958.5,8958.5,8942.49,8952.98,369
2026-09-02T01:35:00+00:00,8952.98,8956,8949.99,8953.48,171
2026-09-02T01:40:00+00:00,8953.48,8964.99,8953.48,8964.99,109
2026-09-02T01:45:00+00:00,8964.99,8967,8953.98,8959,113
2026-09-02T01:50:00+00:00,8959,8964.98,8953.99,8961,149
2026-09-02T01:55:00+00:00,8961,8962,8955,8957.99,139
2026-09-02T02:00:00+00:00,8957.99,8958.49,8956.99,8958.49,9
